2026-08-20 02:47:41 - pixel_automator - INFO - === INICIANDO PIXEL AUTOMATOR ===
2026-08-20 02:47:41 - pixel_automator - INFO - ScreenCapture inicializado
2026-08-20 02:47:41 - pixel_automator - INFO - PixelAnalyzer inicializado
2026-08-20 02:47:41 - pixel_automator - INFO - Aplicación iniciada
2026-08-20 02:47:45 - pixel_automator - INFO - Área seleccionada: {'left': 100, 'top': 100, 'width': 300, 'height': 300}
2026-08-20 02:47:59 - pixel_automator - INFO - Aplicación cerrada
2026-08-20 02:48:01 - pixel_automator - INFO - === INICIANDO PIXEL AUTOMATOR ===
2026-08-20 02:48:01 - pixel_automator - INFO - ScreenCapture inicializado
2026-08-20 02:48:01 - pixel_automator - INFO - PixelAnalyzer inicializado
2026-08-20 02:48:01 - pixel_automator - INFO - Aplicación iniciada
2026-08-20 02:48:05 - pixel_automator - INFO - Área seleccionada: {'left': 100, 'top': 100, 'width': 300, 'height': 300}
2026-08-20 02:48:33 - pixel_automator - INFO - Aplicación cerrada
2026-08-20 03:13:52 - pixel_automator - INFO - === INICIANDO PIXEL AUTOMATOR ===
2026-08-20 03:13:52 - pixel_automator - INFO - ScreenCapture inicializado
2026-08-20 03:13:52 - pixel_automator - INFO - PixelAnalyzer inicializado
2026-08-20 03:13:52 - pixel_automator - INFO - Aplicación iniciada
2026-08-20 03:15:01 - pixel_automator - INFO - Área seleccionada: {'left': 100, 'top': 100, 'width': 300, 'height': 300}
2026-08-20 03:15:06 - pixel_automator - DEBUG - Capturando área: {'left': 100, 'top': 100, 'width': 300, 'height': 300}
2026-08-20 03:15:06 - pixel_automator - INFO - Área capturada: (300, 300, 3)
2026-08-20 03:15:06 - pixel_automator - INFO - Iniciando análisis de imagen (300, 300, 3)
2026-08-20 03:15:06 - pixel_automator - DEBUG - Analizando 300x300 píxeles
2026-08-20 03:15:07 - pixel_automator - WARNING - Límite de 10000 píxeles alcanzado
2026-08-20 03:15:07 - pixel_automator - INFO - Análisis completado: 10001 píxeles encontrados
2026-08-20 03:15:07 - pixel_automator - INFO - Análisis completado: 10001 píxeles
2026-08-20 03:16:06 - pixel_automator - INFO - ClickExecutor inicializado
2026-08-20 03:16:06 - pixel_automator - INFO - Iniciando ejecución de 10001 clics
2026-08-20 03:16:06 - pixel_automator - DEBUG - Progreso: 1/10001 clics
2026-08-20 03:16:06 - pixel_automator - DEBUG - Progreso: 101/10001 clics
2026-08-20 03:16:07 - pixel_automator - WARNING - FailSafe activado - movimiento del mouse detectado
2026-08-20 03:16:07 - pixel_automator - ERROR - Error en clics: PyAutoGUI fail-safe triggered from mouse moving to a corner of the screen. To disable this fail-safe, set pyautogui.FAILSAFE to False. DISABLING FAIL-SAFE IS NOT RECOMMENDED.
2026-08-20 03:16:53 - pixel_automator - INFO - Aplicación cerrada
2026-08-20 03:21:26 - pixel_automator - INFO - === INICIANDO PIXEL AUTOMATOR ===
2026-08-20 03:21:26 - pixel_automator - INFO - ScreenCapture inicializado
2026-08-20 03:21:26 - pixel_automator - INFO - PixelAnalyzer inicializado
2026-08-20 03:21:26 - pixel_automator - INFO - Aplicación iniciada
2026-08-20 03:21:35 - pixel_automator - INFO - Iniciando selección interactiva de área
2026-08-20 03:21:35 - pixel_automator - INFO - AreaSelector inicializado
2026-08-20 03:21:35 - pixel_automator - DEBUG - AreaSelector mostrado
2026-08-20 03:24:51 - pixel_automator - INFO - === INICIANDO PIXEL AUTOMATOR ===
2026-08-20 03:24:51 - pixel_automator - INFO - ScreenCapture inicializado
2026-08-20 03:24:51 - pixel_automator - INFO - PixelAnalyzer inicializado
2026-08-20 03:24:51 - pixel_automator - INFO - Aplicación iniciada
2026-08-20 03:24:54 - pixel_automator - INFO - Iniciando selección interactiva de área
2026-08-20 03:24:54 - pixel_automator - INFO - AreaSelector inicializado
2026-08-20 03:24:54 - pixel_automator - DEBUG - AreaSelector mostrado
2026-08-20 03:24:57 - pixel_automator - DEBUG - Inicio selección en: (2087, 131)
2026-08-20 03:25:02 - pixel_automator - INFO - Área seleccionada: (2087, 131, 146, 110)
2026-08-20 03:25:02 - pixel_automator - DEBUG - Área confirmada: {'left': 2087, 'top': 131, 'width': 146, 'height': 110}
2026-08-20 03:25:02 - pixel_automator - INFO - Área seleccionada: {'left': 2087, 'top': 131, 'width': 146, 'height': 110}
2026-08-20 03:25:02 - pixel_automator - DEBUG - AreaSelector cerrado
2026-08-20 03:25:02 - pixel_automator - INFO - Área seleccionada: {'left': 2087, 'top': 131, 'width': 146, 'height': 110}
2026-08-20 03:25:09 - pixel_automator - DEBUG - Capturando área: {'left': 2087, 'top': 131, 'width': 146, 'height': 110}
2026-08-20 03:25:09 - pixel_automator - INFO - Área capturada: (110, 146, 3)
2026-08-20 03:25:09 - pixel_automator - INFO - Iniciando análisis de imagen (110, 146, 3)
2026-08-20 03:25:09 - pixel_automator - DEBUG - Analizando 110x146 píxeles
2026-08-20 03:25:09 - pixel_automator - INFO - Análisis completado: 4227 píxeles encontrados
2026-08-20 03:25:09 - pixel_automator - INFO - Análisis completado: 4227 píxeles
2026-08-20 03:31:04 - pixel_automator - INFO - Aplicación cerrada
2026-08-20 03:33:18 - pixel_automator - INFO - PatternDetector inicializado con parámetros: DetectionParams(canny_threshold1=50, canny_threshold2=150, nested_radius_min=2, nested_radius_max=8, nested_color_tolerance=20, outline_thickness=1, outline_color_tolerance=30, normal_min_size=3, normal_max_size=20, confidence_threshold=0.7, min_area_size=10)
2026-08-20 03:33:18 - pixel_automator - INFO - PixelAnalyzer inicializado
2026-08-20 03:33:51 - pixel_automator - INFO - PatternDetector inicializado con parámetros: DetectionParams(canny_threshold1=50, canny_threshold2=150, nested_radius_min=2, nested_radius_max=8, nested_color_tolerance=20, outline_thickness=1, outline_color_tolerance=30, normal_min_size=3, normal_max_size=20, confidence_threshold=0.7, min_area_size=10)
2026-08-20 03:33:51 - pixel_automator - INFO - PixelAnalyzer inicializado
2026-08-20 03:34:01 - pixel_automator - INFO - PatternDetector inicializado con parámetros: DetectionParams(canny_threshold1=50, canny_threshold2=150, nested_radius_min=2, nested_radius_max=8, nested_color_tolerance=20, outline_thickness=1, outline_color_tolerance=30, normal_min_size=3, normal_max_size=20, confidence_threshold=0.7, min_area_size=10)
2026-08-20 03:34:01 - pixel_automator - INFO - PixelAnalyzer inicializado
2026-08-20 03:40:08 - pixel_automator - INFO - PatternDetector inicializado con parámetros: DetectionParams(canny_threshold1=50, canny_threshold2=150, nested_radius_min=2, nested_radius_max=8, nested_color_tolerance=20, outline_thickness=1, outline_color_tolerance=30, normal_min_size=3, normal_max_size=20, confidence_threshold=0.7, min_area_size=10)
2026-08-20 03:40:08 - pixel_automator - INFO - PixelAnalyzer inicializado
2026-08-20 03:40:53 - pixel_automator - INFO - PatternDetector inicializado con parámetros: DetectionParams(canny_threshold1=50, canny_threshold2=150, nested_radius_min=2, nested_radius_max=8, nested_color_tolerance=20, outline_thickness=1, outline_color_tolerance=30, normal_min_size=3, normal_max_size=20, confidence_threshold=0.7, min_area_size=10)
2026-08-20 03:40:53 - pixel_automator - INFO - PixelAnalyzer inicializado
2026-08-20 04:02:39 - pixel_automator - INFO - ScreenCapture inicializado
2026-08-20 04:02:39 - pixel_automator - INFO - PatternDetector inicializado con parámetros: DetectionParams(canny_threshold1=50, canny_threshold2=150, nested_radius_min=2, nested_radius_max=8, nested_color_tolerance=20, outline_thickness=1, outline_color_tolerance=30, normal_min_size=3, normal_max_size=20, confidence_threshold=0.7, min_area_size=10)
2026-08-20 04:02:39 - pixel_automator - INFO - PatternDetector inicializado con parámetros: DetectionParams(canny_threshold1=50, canny_threshold2=150, nested_radius_min=2, nested_radius_max=8, nested_color_tolerance=20, outline_thickness=1, outline_color_tolerance=30, normal_min_size=3, normal_max_size=20, confidence_threshold=0.7, min_area_size=10)
2026-08-20 04:02:39 - pixel_automator - INFO - PixelAnalyzer inicializado
2026-08-20 04:02:39 - pixel_automator - INFO - ClickExecutor inicializado
2026-08-20 04:02:39 - pixel_automator - INFO - Inicializando MainWindow (versión simplificada)...
2026-08-20 04:02:39 - pixel_automator - INFO - Ventana de DEBUG iniciada
2026-08-20 04:02:39 - pixel_automator - INFO - MainWindow inicializada correctamente
2026-08-20 04:03:36 - pixel_automator - INFO - === INICIANDO PIXEL AUTOMATOR ===
2026-08-20 04:03:36 - pixel_automator - INFO - QApplication creada
2026-08-20 04:03:36 - pixel_automator - INFO - Inicializando MainWindow (versión simplificada)...
2026-08-20 04:03:36 - pixel_automator - INFO - Ventana de DEBUG iniciada
2026-08-20 04:03:36 - pixel_automator - INFO - MainWindow inicializada correctamente
2026-08-20 04:03:36 - pixel_automator - INFO - Ventana principal creada
2026-08-20 04:03:36 - pixel_automator - INFO - Ventana mostrada
2026-08-20 04:03:52 - pixel_automator - INFO - Botón de test presionado
2026-08-20 04:03:58 - pixel_automator - INFO - Botón de test presionado
2026-08-20 04:04:28 - pixel_automator - INFO - ScreenCapture inicializado
2026-08-20 04:04:28 - pixel_automator - INFO - PatternDetector inicializado con parámetros: DetectionParams(canny_threshold1=50, canny_threshold2=150, nested_radius_min=2, nested_radius_max=8, nested_color_tolerance=20, outline_thickness=1, outline_color_tolerance=30, normal_min_size=3, normal_max_size=20, confidence_threshold=0.7, min_area_size=10)
2026-08-20 04:04:28 - pixel_automator - INFO - PatternDetector inicializado con parámetros: DetectionParams(canny_threshold1=50, canny_threshold2=150, nested_radius_min=2, nested_radius_max=8, nested_color_tolerance=20, outline_thickness=1, outline_color_tolerance=30, normal_min_size=3, normal_max_size=20, confidence_threshold=0.7, min_area_size=10)
2026-08-20 04:04:28 - pixel_automator - INFO - PixelAnalyzer inicializado
2026-08-20 04:04:28 - pixel_automator - INFO - ClickExecutor inicializado
2026-08-20 04:04:28 - pixel_automator - INFO - Inicializando MainWindow (versión simplificada)...
2026-08-20 04:04:28 - pixel_automator - INFO - Ventana de DEBUG iniciada
2026-08-20 04:04:28 - pixel_automator - INFO - MainWindow inicializada correctamente
2026-08-20 04:31:48 - pixel_automator - INFO - === INICIANDO PIXEL AUTOMATOR ===
2026-08-20 04:31:48 - pixel_automator - INFO - QApplication creada
2026-08-20 04:31:48 - pixel_automator - INFO - ScreenCapture inicializado
2026-08-20 04:31:48 - pixel_automator - INFO - BlockMeasurer inicializado
2026-08-20 04:31:48 - pixel_automator - INFO - BlockAnalyzer inicializado
2026-08-20 04:31:48 - pixel_automator - INFO - MainWindow inicializada
2026-08-20 04:31:48 - pixel_automator - INFO - Ventana principal creada
2026-08-20 04:31:49 - pixel_automator - INFO - Ventana mostrada
2026-08-20 04:32:16 - pixel_automator - INFO - 📏 Midiendo tamaño de pixel...
2026-08-20 04:32:16 - pixel_automator - INFO - Iniciando selector de área interactivo
2026-08-20 04:32:16 - pixel_automator - DEBUG - AreaSelector inicializado
2026-08-20 04:32:22 - pixel_automator - INFO - Área seleccionada: {'left': 1673, 'top': 433, 'width': 19, 'height': 22}
2026-08-20 04:32:22 - pixel_automator - DEBUG - Capturando área: {'left': 1673, 'top': 433, 'width': 19, 'height': 22}
2026-08-20 04:32:22 - pixel_automator - INFO - Área capturada: (22, 19, 3)
2026-08-20 04:32:22 - pixel_automator - INFO - Midiendo tamaño de bloque en área: {'left': 1673, 'top': 433, 'width': 19, 'height': 22}
2026-08-20 04:32:22 - pixel_automator - ERROR - Error midiendo bloque: OpenCV(5.0.0) D:\a\opencv-python\opencv-python\opencv\modules\imgproc\src\color.cpp:199: error: (-215:Assertion failed) !_src.empty() in function 'cv::cvtColor'

2026-08-20 04:32:22 - pixel_automator - WARNING - Usando fallback: 19x19 px
2026-08-20 04:32:22 - pixel_automator - INFO - ✅ Pixel medido: 19x19 px
2026-08-20 04:32:37 - pixel_automator - INFO - 📏 Midiendo grosor del marco...
2026-08-20 04:32:37 - pixel_automator - INFO - Iniciando selector de área interactivo
2026-08-20 04:32:37 - pixel_automator - DEBUG - AreaSelector inicializado
2026-08-20 04:32:41 - pixel_automator - INFO - Área seleccionada: {'left': 1612, 'top': 502, 'width': 61, 'height': 54}
2026-08-20 04:32:41 - pixel_automator - DEBUG - Capturando área: {'left': 1612, 'top': 502, 'width': 61, 'height': 54}
2026-08-20 04:32:41 - pixel_automator - INFO - Área capturada: (54, 61, 3)
2026-08-20 04:32:41 - pixel_automator - INFO - Midiendo grosor de marco en área: {'left': 1612, 'top': 502, 'width': 61, 'height': 54}
2026-08-20 04:32:41 - pixel_automator - ERROR - Región vacía
2026-08-20 04:32:41 - pixel_automator - INFO - ✅ Marco medido: 1 px
2026-08-20 04:32:50 - pixel_automator - INFO - 📏 Midiendo grosor del marco...
2026-08-20 04:32:50 - pixel_automator - INFO - Iniciando selector de área interactivo
2026-08-20 04:32:50 - pixel_automator - DEBUG - AreaSelector inicializado
2026-08-20 04:32:56 - pixel_automator - INFO - Área seleccionada: {'left': 1608, 'top': 500, 'width': 70, 'height': 58}
2026-08-20 04:32:56 - pixel_automator - DEBUG - Capturando área: {'left': 1608, 'top': 500, 'width': 70, 'height': 58}
2026-08-20 04:32:56 - pixel_automator - INFO - Área capturada: (58, 70, 3)
2026-08-20 04:32:56 - pixel_automator - INFO - Midiendo grosor de marco en área: {'left': 1608, 'top': 500, 'width': 70, 'height': 58}
2026-08-20 04:32:56 - pixel_automator - ERROR - Región vacía
2026-08-20 04:32:56 - pixel_automator - INFO - ✅ Marco medido: 1 px
2026-08-20 04:33:13 - pixel_automator - INFO - 🎯 Seleccionando área de la matriz...
2026-08-20 04:33:13 - pixel_automator - INFO - Iniciando selector de área interactivo
2026-08-20 04:33:13 - pixel_automator - DEBUG - AreaSelector inicializado
2026-08-20 04:33:16 - pixel_automator - INFO - Área seleccionada: {'left': 1129, 'top': 313, 'width': 592, 'height': 395}
2026-08-20 04:33:16 - pixel_automator - INFO - ✅ Área seleccionada: 592x395 px
2026-08-20 04:33:16 - pixel_automator - INFO - 📊 Matriz estimada: 20 filas x 31 columnas
2026-08-20 04:33:22 - pixel_automator - INFO - 🔍 Iniciando análisis de matriz...
2026-08-20 04:33:22 - pixel_automator - DEBUG - Capturando área: {'left': 1129, 'top': 313, 'width': 592, 'height': 395}
2026-08-20 04:33:22 - pixel_automator - INFO - Área capturada: (395, 592, 3)
2026-08-20 04:33:22 - pixel_automator - INFO - Iniciando análisis de matriz con block_size=19
2026-08-20 04:33:22 - pixel_automator - ERROR - Área vacía
2026-08-20 04:33:22 - pixel_automator - ERROR - Error analizando matriz: El área seleccionada está vacía
2026-08-20 04:33:26 - pixel_automator - INFO - 🎯 Seleccionando área de la matriz...
2026-08-20 04:33:26 - pixel_automator - INFO - Iniciando selector de área interactivo
2026-08-20 04:33:26 - pixel_automator - DEBUG - AreaSelector inicializado
2026-08-20 04:33:31 - pixel_automator - INFO - Área seleccionada: {'left': 1132, 'top': 207, 'width': 585, 'height': 494}
2026-08-20 04:33:31 - pixel_automator - INFO - ✅ Área seleccionada: 585x494 px
2026-08-20 04:33:31 - pixel_automator - INFO - 📊 Matriz estimada: 26 filas x 30 columnas
2026-08-20 04:33:36 - pixel_automator - INFO - 🔍 Iniciando análisis de matriz...
2026-08-20 04:33:36 - pixel_automator - DEBUG - Capturando área: {'left': 1132, 'top': 207, 'width': 585, 'height': 494}
2026-08-20 04:33:36 - pixel_automator - INFO - Área capturada: (494, 585, 3)
2026-08-20 04:33:36 - pixel_automator - INFO - Iniciando análisis de matriz con block_size=19
2026-08-20 04:33:36 - pixel_automator - ERROR - Área vacía
2026-08-20 04:33:36 - pixel_automator - ERROR - Error analizando matriz: El área seleccionada está vacía
2026-08-20 04:33:58 - pixel_automator - INFO - 🔍 Iniciando análisis de matriz...
2026-08-20 04:33:58 - pixel_automator - DEBUG - Capturando área: {'left': 1132, 'top': 207, 'width': 585, 'height': 494}
2026-08-20 04:33:58 - pixel_automator - INFO - Área capturada: (494, 585, 3)
2026-08-20 04:33:58 - pixel_automator - INFO - Iniciando análisis de matriz con block_size=19
2026-08-20 04:33:58 - pixel_automator - ERROR - Área vacía
2026-08-20 04:33:58 - pixel_automator - ERROR - Error analizando matriz: El área seleccionada está vacía
2026-08-20 04:34:01 - pixel_automator - INFO - 🎯 Seleccionando área de la matriz...
2026-08-20 04:34:01 - pixel_automator - INFO - Iniciando selector de área interactivo
2026-08-20 04:34:01 - pixel_automator - DEBUG - AreaSelector inicializado
2026-08-20 04:34:06 - pixel_automator - INFO - Área seleccionada: {'left': 1131, 'top': 152, 'width': 587, 'height': 548}
2026-08-20 04:34:06 - pixel_automator - INFO - ✅ Área seleccionada: 587x548 px
2026-08-20 04:34:06 - pixel_automator - INFO - 📊 Matriz estimada: 28 filas x 30 columnas
2026-08-20 04:34:27 - pixel_automator - INFO - 🎯 Seleccionando área de la matriz...
2026-08-20 04:34:27 - pixel_automator - INFO - Iniciando selector de área interactivo
2026-08-20 04:34:27 - pixel_automator - DEBUG - AreaSelector inicializado
2026-08-20 04:34:37 - pixel_automator - INFO - Área seleccionada: {'left': 1514, 'top': 458, 'width': 203, 'height': 189}
2026-08-20 04:34:37 - pixel_automator - INFO - ✅ Área seleccionada: 203x189 px
2026-08-20 04:34:37 - pixel_automator - INFO - 📊 Matriz estimada: 9 filas x 10 columnas
2026-08-20 04:34:47 - pixel_automator - INFO - 📏 Midiendo grosor del marco...
2026-08-20 04:34:47 - pixel_automator - INFO - Iniciando selector de área interactivo
2026-08-20 04:34:47 - pixel_automator - DEBUG - AreaSelector inicializado
2026-08-20 04:34:52 - pixel_automator - INFO - Área seleccionada: {'left': 1608, 'top': 497, 'width': 71, 'height': 67}
2026-08-20 04:34:52 - pixel_automator - DEBUG - Capturando área: {'left': 1608, 'top': 497, 'width': 71, 'height': 67}
2026-08-20 04:34:52 - pixel_automator - INFO - Área capturada: (67, 71, 3)
2026-08-20 04:34:52 - pixel_automator - INFO - Midiendo grosor de marco en área: {'left': 1608, 'top': 497, 'width': 71, 'height': 67}
2026-08-20 04:34:52 - pixel_automator - ERROR - Región vacía
2026-08-20 04:34:52 - pixel_automator - INFO - ✅ Marco medido: 1 px
2026-08-20 04:35:02 - pixel_automator - INFO - 📏 Midiendo tamaño de pixel...
2026-08-20 04:35:02 - pixel_automator - INFO - Iniciando selector de área interactivo
2026-08-20 04:35:02 - pixel_automator - DEBUG - AreaSelector inicializado
2026-08-20 04:35:06 - pixel_automator - INFO - Área seleccionada: {'left': 1663, 'top': 558, 'width': 55, 'height': 48}
2026-08-20 04:35:06 - pixel_automator - DEBUG - Capturando área: {'left': 1663, 'top': 558, 'width': 55, 'height': 48}
2026-08-20 04:35:06 - pixel_automator - INFO - Área capturada: (48, 55, 3)
2026-08-20 04:35:06 - pixel_automator - INFO - Midiendo tamaño de bloque en área: {'left': 1663, 'top': 558, 'width': 55, 'height': 48}
2026-08-20 04:35:06 - pixel_automator - ERROR - Error midiendo bloque: OpenCV(5.0.0) D:\a\opencv-python\opencv-python\opencv\modules\imgproc\src\color.cpp:199: error: (-215:Assertion failed) !_src.empty() in function 'cv::cvtColor'

2026-08-20 04:35:06 - pixel_automator - WARNING - Usando fallback: 48x48 px
2026-08-20 04:35:06 - pixel_automator - INFO - ✅ Pixel medido: 48x48 px
2026-08-20 04:35:36 - pixel_automator - INFO - Aplicación cerrada
2026-08-20 04:35:58 - pixel_automator - INFO - === INICIANDO PIXEL AUTOMATOR ===
2026-08-20 04:35:58 - pixel_automator - INFO - QApplication creada
2026-08-20 04:35:58 - pixel_automator - INFO - ScreenCapture inicializado
2026-08-20 04:35:58 - pixel_automator - INFO - BlockMeasurer inicializado
2026-08-20 04:35:58 - pixel_automator - INFO - BlockAnalyzer inicializado
2026-08-20 04:35:58 - pixel_automator - INFO - MainWindow inicializada
2026-08-20 04:35:58 - pixel_automator - INFO - Ventana principal creada
2026-08-20 04:35:58 - pixel_automator - INFO - Ventana mostrada
2026-08-20 04:36:04 - pixel_automator - INFO - 📏 Midiendo tamaño de pixel...
2026-08-20 04:36:04 - pixel_automator - INFO - Iniciando selector de área interactivo
2026-08-20 04:36:04 - pixel_automator - DEBUG - AreaSelector inicializado
2026-08-20 04:36:08 - pixel_automator - INFO - Área seleccionada: {'left': 2231, 'top': 316, 'width': 71, 'height': 56}
2026-08-20 04:36:08 - pixel_automator - WARNING - El área seleccionada no es cuadrada. Intenta de nuevo.
2026-08-20 04:37:04 - pixel_automator - INFO - 📏 Midiendo tamaño de pixel...
2026-08-20 04:37:04 - pixel_automator - INFO - Iniciando selector de área interactivo
2026-08-20 04:37:04 - pixel_automator - DEBUG - AreaSelector inicializado
2026-08-20 04:37:07 - pixel_automator - INFO - Área seleccionada: {'left': 1656, 'top': 279, 'width': 70, 'height': 62}
2026-08-20 04:37:08 - pixel_automator - DEBUG - Capturando área: {'left': 1656, 'top': 279, 'width': 70, 'height': 62}
2026-08-20 04:37:08 - pixel_automator - INFO - Área capturada: (62, 70, 3)
2026-08-20 04:37:08 - pixel_automator - INFO - Midiendo tamaño de bloque en área: {'left': 1656, 'top': 279, 'width': 70, 'height': 62}
2026-08-20 04:37:08 - pixel_automator - ERROR - Error midiendo bloque: OpenCV(5.0.0) D:\a\opencv-python\opencv-python\opencv\modules\imgproc\src\color.cpp:199: error: (-215:Assertion failed) !_src.empty() in function 'cv::cvtColor'

2026-08-20 04:37:08 - pixel_automator - WARNING - Usando fallback: 62x62 px
2026-08-20 04:37:08 - pixel_automator - INFO - ✅ Pixel medido: 62x62 px
2026-08-20 04:37:10 - pixel_automator - INFO - 📏 Midiendo grosor del marco...
2026-08-20 04:37:10 - pixel_automator - INFO - Iniciando selector de área interactivo
2026-08-20 04:37:10 - pixel_automator - DEBUG - AreaSelector inicializado
2026-08-20 04:37:13 - pixel_automator - INFO - Área seleccionada: {'left': 2138, 'top': 658, 'width': 56, 'height': 54}
2026-08-20 04:37:13 - pixel_automator - DEBUG - Capturando área: {'left': 2138, 'top': 658, 'width': 56, 'height': 54}
2026-08-20 04:37:13 - pixel_automator - INFO - Área capturada: (54, 56, 3)
2026-08-20 04:37:13 - pixel_automator - INFO - Midiendo grosor de marco en área: {'left': 2138, 'top': 658, 'width': 56, 'height': 54}
2026-08-20 04:37:13 - pixel_automator - ERROR - Región vacía
2026-08-20 04:37:13 - pixel_automator - INFO - ✅ Marco medido: 1 px
2026-08-20 04:37:20 - pixel_automator - INFO - 🎯 Seleccionando área de la matriz...
2026-08-20 04:37:20 - pixel_automator - INFO - Iniciando selector de área interactivo
2026-08-20 04:37:20 - pixel_automator - DEBUG - AreaSelector inicializado
2026-08-20 04:37:24 - pixel_automator - INFO - Área seleccionada: {'left': 1535, 'top': 324, 'width': 692, 'height': 406}
2026-08-20 04:37:24 - pixel_automator - INFO - ✅ Área seleccionada: 692x406 px
2026-08-20 04:37:24 - pixel_automator - INFO - 📊 Matriz estimada: 6 filas x 11 columnas
2026-08-20 04:37:28 - pixel_automator - INFO - 🔍 Iniciando análisis de matriz...
2026-08-20 04:37:28 - pixel_automator - DEBUG - Capturando área: {'left': 1535, 'top': 324, 'width': 692, 'height': 406}
2026-08-20 04:37:28 - pixel_automator - INFO - Área capturada: (406, 692, 3)
2026-08-20 04:37:28 - pixel_automator - INFO - Iniciando análisis de matriz con block_size=62
2026-08-20 04:37:28 - pixel_automator - ERROR - Área vacía
2026-08-20 04:37:28 - pixel_automator - ERROR - Error analizando matriz: El área seleccionada está vacía
2026-08-20 04:37:49 - pixel_automator - INFO - 🎯 Seleccionando área de la matriz...
2026-08-20 04:37:49 - pixel_automator - INFO - Iniciando selector de área interactivo
2026-08-20 04:37:49 - pixel_automator - DEBUG - AreaSelector inicializado
2026-08-20 04:37:51 - pixel_automator - INFO - Área seleccionada: {'left': 1055, 'top': 751, 'width': 316, 'height': 190}
2026-08-20 04:37:51 - pixel_automator - INFO - ✅ Área seleccionada: 316x190 px
2026-08-20 04:37:51 - pixel_automator - INFO - 📊 Matriz estimada: 3 filas x 5 columnas
2026-08-20 04:37:53 - pixel_automator - INFO - 🔍 Iniciando análisis de matriz...
2026-08-20 04:37:53 - pixel_automator - DEBUG - Capturando área: {'left': 1055, 'top': 751, 'width': 316, 'height': 190}
2026-08-20 04:37:53 - pixel_automator - INFO - Área capturada: (190, 316, 3)
2026-08-20 04:37:53 - pixel_automator - INFO - Iniciando análisis de matriz con block_size=62
2026-08-20 04:37:53 - pixel_automator - ERROR - Área vacía
2026-08-20 04:37:53 - pixel_automator - ERROR - Error analizando matriz: El área seleccionada está vacía
2026-08-20 04:37:56 - pixel_automator - INFO - 🎯 Seleccionando área de la matriz...
2026-08-20 04:37:56 - pixel_automator - INFO - Iniciando selector de área interactivo
2026-08-20 04:37:56 - pixel_automator - DEBUG - AreaSelector inicializado
2026-08-20 04:37:58 - pixel_automator - INFO - Área seleccionada: {'left': 2726, 'top': 233, 'width': 167, 'height': 439}
2026-08-20 04:37:58 - pixel_automator - INFO - ✅ Área seleccionada: 167x439 px
2026-08-20 04:37:58 - pixel_automator - INFO - 📊 Matriz estimada: 7 filas x 2 columnas
2026-08-20 04:38:00 - pixel_automator - INFO - 🔍 Iniciando análisis de matriz...
2026-08-20 04:38:00 - pixel_automator - DEBUG - Capturando área: {'left': 2726, 'top': 233, 'width': 167, 'height': 439}
2026-08-20 04:38:00 - pixel_automator - INFO - Área capturada: (439, 167, 3)
2026-08-20 04:38:00 - pixel_automator - INFO - Iniciando análisis de matriz con block_size=62
2026-08-20 04:38:00 - pixel_automator - ERROR - Área vacía
2026-08-20 04:38:00 - pixel_automator - ERROR - Error analizando matriz: El área seleccionada está vacía
2026-08-20 04:38:07 - pixel_automator - INFO - Aplicación cerrada
2026-08-20 04:46:57 - pixel_automator - INFO - === INICIANDO PIXEL AUTOMATOR ===
2026-08-20 04:46:57 - pixel_automator - INFO - QApplication creada
2026-08-20 04:46:57 - pixel_automator - INFO - ScreenCapture inicializado
2026-08-20 04:46:57 - pixel_automator - INFO - BlockMeasurer inicializado
2026-08-20 04:46:57 - pixel_automator - INFO - BlockAnalyzer inicializado
2026-08-20 04:46:57 - pixel_automator - INFO - MainWindow inicializada
2026-08-20 04:46:57 - pixel_automator - INFO - Ventana principal creada
2026-08-20 04:46:58 - pixel_automator - INFO - Ventana mostrada
2026-08-20 04:47:00 - pixel_automator - INFO - 📏 Midiendo tamaño de pixel...
2026-08-20 04:47:00 - pixel_automator - INFO - Iniciando selector de área interactivo
2026-08-20 04:47:00 - pixel_automator - DEBUG - AreaSelector inicializado
2026-08-20 04:47:02 - pixel_automator - INFO - Área seleccionada: {'left': 2065, 'top': 316, 'width': 51, 'height': 44}
2026-08-20 04:47:02 - pixel_automator - DEBUG - Capturando área: {'left': 2065, 'top': 316, 'width': 51, 'height': 44}
2026-08-20 04:47:02 - pixel_automator - INFO - Área capturada: (44, 51, 3)
2026-08-20 04:47:02 - pixel_automator - INFO - Midiendo tamaño de bloque en área: {'left': 2065, 'top': 316, 'width': 51, 'height': 44}
2026-08-20 04:47:02 - pixel_automator - ERROR - Región extraída vacía
2026-08-20 04:47:02 - pixel_automator - INFO - ✅ Pixel medido: 44x44 px
2026-08-20 04:47:11 - pixel_automator - INFO - 📏 Midiendo tamaño de pixel...
2026-08-20 04:47:11 - pixel_automator - INFO - Iniciando selector de área interactivo
2026-08-20 04:47:11 - pixel_automator - DEBUG - AreaSelector inicializado
2026-08-20 04:47:14 - pixel_automator - INFO - Área seleccionada: {'left': 1330, 'top': 390, 'width': 41, 'height': 42}
2026-08-20 04:47:14 - pixel_automator - DEBUG - Capturando área: {'left': 1330, 'top': 390, 'width': 41, 'height': 42}
2026-08-20 04:47:14 - pixel_automator - INFO - Área capturada: (42, 41, 3)
2026-08-20 04:47:14 - pixel_automator - INFO - Midiendo tamaño de bloque en área: {'left': 1330, 'top': 390, 'width': 41, 'height': 42}
2026-08-20 04:47:14 - pixel_automator - ERROR - Región extraída vacía
2026-08-20 04:47:14 - pixel_automator - INFO - ✅ Pixel medido: 41x41 px
2026-08-20 04:47:23 - pixel_automator - INFO - 📏 Midiendo tamaño de pixel...
2026-08-20 04:47:23 - pixel_automator - INFO - Iniciando selector de área interactivo
2026-08-20 04:47:23 - pixel_automator - DEBUG - AreaSelector inicializado
2026-08-20 04:47:28 - pixel_automator - INFO - Área seleccionada: {'left': 1339, 'top': 396, 'width': 36, 'height': 36}
2026-08-20 04:47:28 - pixel_automator - DEBUG - Capturando área: {'left': 1339, 'top': 396, 'width': 36, 'height': 36}
2026-08-20 04:47:28 - pixel_automator - INFO - Área capturada: (36, 36, 3)
2026-08-20 04:47:28 - pixel_automator - INFO - Midiendo tamaño de bloque en área: {'left': 1339, 'top': 396, 'width': 36, 'height': 36}
2026-08-20 04:47:28 - pixel_automator - ERROR - Región extraída vacía
2026-08-20 04:47:28 - pixel_automator - INFO - ✅ Pixel medido: 36x36 px
2026-08-20 04:47:31 - pixel_automator - INFO - 📏 Midiendo grosor del marco...
2026-08-20 04:47:31 - pixel_automator - INFO - Iniciando selector de área interactivo
2026-08-20 04:47:31 - pixel_automator - DEBUG - AreaSelector inicializado
2026-08-20 04:47:33 - pixel_automator - INFO - Área seleccionada: {'left': 1332, 'top': 464, 'width': 54, 'height': 43}
2026-08-20 04:47:33 - pixel_automator - DEBUG - Capturando área: {'left': 1332, 'top': 464, 'width': 54, 'height': 43}
2026-08-20 04:47:33 - pixel_automator - INFO - Área capturada: (43, 54, 3)
2026-08-20 04:47:33 - pixel_automator - INFO - Midiendo grosor de marco en área: {'left': 1332, 'top': 464, 'width': 54, 'height': 43}
2026-08-20 04:47:33 - pixel_automator - ERROR - Región extraída vacía
2026-08-20 04:47:33 - pixel_automator - INFO - ✅ Marco medido: 1 px
2026-08-20 04:47:38 - pixel_automator - INFO - 🎯 Seleccionando área de la matriz...
2026-08-20 04:47:38 - pixel_automator - INFO - Iniciando selector de área interactivo
2026-08-20 04:47:38 - pixel_automator - DEBUG - AreaSelector inicializado
2026-08-20 04:47:44 - pixel_automator - INFO - Área seleccionada: {'left': 1091, 'top': 331, 'width': 530, 'height': 370}
2026-08-20 04:47:44 - pixel_automator - INFO - ✅ Área seleccionada: 530x370 px
2026-08-20 04:47:44 - pixel_automator - INFO - 📊 Matriz estimada: 10 filas x 14 columnas
2026-08-20 04:47:46 - pixel_automator - INFO - 🔍 Iniciando análisis de matriz...
2026-08-20 04:47:46 - pixel_automator - DEBUG - Capturando área: {'left': 1091, 'top': 331, 'width': 530, 'height': 370}
2026-08-20 04:47:46 - pixel_automator - INFO - Área capturada: (370, 530, 3)
2026-08-20 04:47:46 - pixel_automator - INFO - Iniciando análisis de matriz con block_size=36
2026-08-20 04:47:46 - pixel_automator - ERROR - Área vacía
2026-08-20 04:47:46 - pixel_automator - ERROR - Error analizando matriz: El área seleccionada está vacía
2026-08-20 04:47:54 - pixel_automator - INFO - 🎯 Seleccionando área de la matriz...
2026-08-20 04:47:54 - pixel_automator - INFO - Iniciando selector de área interactivo
2026-08-20 04:47:54 - pixel_automator - DEBUG - AreaSelector inicializado
2026-08-20 04:48:01 - pixel_automator - INFO - Área seleccionada: {'left': 1170, 'top': 227, 'width': 314, 'height': 384}
2026-08-20 04:48:01 - pixel_automator - INFO - ✅ Área seleccionada: 314x384 px
2026-08-20 04:48:01 - pixel_automator - INFO - 📊 Matriz estimada: 10 filas x 8 columnas
2026-08-20 04:48:19 - pixel_automator - INFO - 🔍 Iniciando análisis de matriz...
2026-08-20 04:48:19 - pixel_automator - DEBUG - Capturando área: {'left': 1170, 'top': 227, 'width': 314, 'height': 384}
2026-08-20 04:48:19 - pixel_automator - INFO - Área capturada: (384, 314, 3)
2026-08-20 04:48:19 - pixel_automator - INFO - Iniciando análisis de matriz con block_size=36
2026-08-20 04:48:19 - pixel_automator - ERROR - Área vacía
2026-08-20 04:48:19 - pixel_automator - ERROR - Error analizando matriz: El área seleccionada está vacía
2026-08-20 04:48:28 - pixel_automator - INFO - Aplicación cerrada
2026-08-20 04:48:46 - pixel_automator - INFO - ScreenCapture inicializado
2026-08-20 04:48:46 - pixel_automator - DEBUG - Capturando pantalla completa
2026-08-20 04:55:50 - pixel_automator - INFO - === INICIANDO PIXEL AUTOMATOR ===
2026-08-20 04:55:50 - pixel_automator - INFO - QApplication creada
2026-08-20 04:55:50 - pixel_automator - INFO - ScreenCapture inicializado
2026-08-20 04:55:50 - pixel_automator - INFO - BlockMeasurer inicializado
2026-08-20 04:55:50 - pixel_automator - INFO - BlockAnalyzer inicializado
2026-08-20 04:55:50 - pixel_automator - INFO - MainWindow inicializada
2026-08-20 04:55:50 - pixel_automator - INFO - Ventana principal creada
2026-08-20 04:55:50 - pixel_automator - INFO - Ventana mostrada
2026-08-20 04:55:56 - pixel_automator - INFO - 📏 Midiendo tamaño de pixel...
2026-08-20 04:55:56 - pixel_automator - INFO - Iniciando selector de área interactivo
2026-08-20 04:55:56 - pixel_automator - DEBUG - AreaSelector inicializado
2026-08-20 04:56:01 - pixel_automator - INFO - Área seleccionada: {'left': 1053, 'top': 383, 'width': 36, 'height': 42}
2026-08-20 04:56:01 - pixel_automator - DEBUG - Capturando área: {'left': 1053, 'top': 383, 'width': 36, 'height': 42}
2026-08-20 04:56:01 - pixel_automator - INFO - Área capturada: (42, 36, 3)
2026-08-20 04:56:01 - pixel_automator - INFO - Midiendo tamaño de bloque
2026-08-20 04:56:01 - pixel_automator - INFO - Dimensiones de la imagen: 36x42
2026-08-20 04:56:01 - pixel_automator - INFO - Usando tamaño directo de la imagen: 39x39 px
2026-08-20 04:56:01 - pixel_automator - INFO - ✅ Pixel medido: 39x39 px
2026-08-20 04:56:03 - pixel_automator - INFO - 📏 Midiendo grosor del marco...
2026-08-20 04:56:04 - pixel_automator - INFO - Iniciando selector de área interactivo
2026-08-20 04:56:04 - pixel_automator - DEBUG - AreaSelector inicializado
2026-08-20 04:56:14 - pixel_automator - INFO - Área seleccionada: {'left': 1052, 'top': 449, 'width': 43, 'height': 41}
2026-08-20 04:56:14 - pixel_automator - DEBUG - Capturando área: {'left': 1052, 'top': 449, 'width': 43, 'height': 41}
2026-08-20 04:56:14 - pixel_automator - INFO - Área capturada: (41, 43, 3)
2026-08-20 04:56:14 - pixel_automator - INFO - Midiendo grosor de marco
2026-08-20 04:56:14 - pixel_automator - INFO - Marco detectado con grosor: 1 px
2026-08-20 04:56:14 - pixel_automator - INFO - ✅ Marco medido: 1 px
2026-08-20 04:56:15 - pixel_automator - INFO - 📏 Midiendo grosor del marco...
2026-08-20 04:56:15 - pixel_automator - INFO - Iniciando selector de área interactivo
2026-08-20 04:56:15 - pixel_automator - DEBUG - AreaSelector inicializado
2026-08-20 04:56:22 - pixel_automator - INFO - Área seleccionada: {'left': 1048, 'top': 449, 'width': 48, 'height': 45}
2026-08-20 04:56:22 - pixel_automator - DEBUG - Capturando área: {'left': 1048, 'top': 449, 'width': 48, 'height': 45}
2026-08-20 04:56:22 - pixel_automator - INFO - Área capturada: (45, 48, 3)
2026-08-20 04:56:22 - pixel_automator - INFO - Midiendo grosor de marco
2026-08-20 04:56:22 - pixel_automator - INFO - Marco detectado con grosor: 1 px
2026-08-20 04:56:22 - pixel_automator - INFO - ✅ Marco medido: 1 px
2026-08-20 04:56:24 - pixel_automator - INFO - 🎯 Seleccionando área de la matriz...
2026-08-20 04:56:24 - pixel_automator - INFO - Iniciando selector de área interactivo
2026-08-20 04:56:24 - pixel_automator - DEBUG - AreaSelector inicializado
2026-08-20 04:56:27 - pixel_automator - INFO - Área seleccionada: {'left': 968, 'top': 304, 'width': 257, 'height': 309}
2026-08-20 04:56:27 - pixel_automator - INFO - ✅ Área seleccionada: 257x309 px
2026-08-20 04:56:27 - pixel_automator - INFO - 📊 Matriz estimada: 7 filas x 6 columnas
2026-08-20 04:56:34 - pixel_automator - INFO - 🔍 Iniciando análisis de matriz...
2026-08-20 04:56:34 - pixel_automator - DEBUG - Capturando área: {'left': 968, 'top': 304, 'width': 257, 'height': 309}
2026-08-20 04:56:34 - pixel_automator - INFO - Área capturada: (309, 257, 3)
2026-08-20 04:56:34 - pixel_automator - INFO - Iniciando análisis de matriz con block_size=39
2026-08-20 04:56:34 - pixel_automator - INFO - Dimensiones de la imagen: 257x309
2026-08-20 04:56:34 - pixel_automator - INFO - Matriz: 7 filas x 6 columnas
2026-08-20 04:56:34 - pixel_automator - INFO - Análisis completado: 📊 Resumen de Análisis de Matriz:
  • Matriz: 7 x 6 bloques
  • Total: 42 bloques
  • Tamaño de bloque: 39x39 px
  • 🟦 Normales: 30
  • 🟨 Con marco: 1
  • 🟥 Anidados: 11
  • 🎯 Posiciones para clic: 11
  • ⏱️ Tiempo: 0.016s
2026-08-20 04:56:34 - pixel_automator - INFO - ✅ Análisis completado:
2026-08-20 04:56:34 - pixel_automator - INFO - 📊 Resumen de Análisis de Matriz:
2026-08-20 04:56:34 - pixel_automator - INFO - • Matriz: 7 x 6 bloques
2026-08-20 04:56:34 - pixel_automator - INFO - • Total: 42 bloques
2026-08-20 04:56:34 - pixel_automator - INFO - • Tamaño de bloque: 39x39 px
2026-08-20 04:56:34 - pixel_automator - INFO - • 🟦 Normales: 30
2026-08-20 04:56:34 - pixel_automator - INFO - • 🟨 Con marco: 1
2026-08-20 04:56:34 - pixel_automator - INFO - • 🟥 Anidados: 11
2026-08-20 04:56:34 - pixel_automator - INFO - • 🎯 Posiciones para clic: 11
2026-08-20 04:56:34 - pixel_automator - INFO - • ⏱️ Tiempo: 0.016s
2026-08-20 04:56:34 - pixel_automator - INFO - 🎯 11 bloques anidados encontrados
2026-08-20 04:56:43 - pixel_automator - INFO - 🖱️ Ejecutando 11 clics...
2026-08-20 04:56:43 - pixel_automator - INFO - ClickExecutor inicializado
2026-08-20 04:56:43 - pixel_automator - INFO - Iniciando ejecución de 11 clics
2026-08-20 04:56:44 - pixel_automator - DEBUG - Progreso: 1/11 clics
2026-08-20 04:56:44 - pixel_automator - INFO - Ejecución completada: 11 clics
2026-08-20 04:56:44 - pixel_automator - INFO - ✅ Todos los clics ejecutados correctamente
2026-08-20 04:58:16 - pixel_automator - INFO - Aplicación cerrada
2026-08-20 05:01:37 - pixel_automator - INFO - === INICIANDO PIXEL AUTOMATOR ===
2026-08-20 05:01:37 - pixel_automator - INFO - QApplication creada
2026-08-20 05:01:37 - pixel_automator - INFO - ScreenCapture inicializado
2026-08-20 05:01:37 - pixel_automator - INFO - BlockMeasurer inicializado
2026-08-20 05:01:37 - pixel_automator - INFO - BlockAnalyzer inicializado
2026-08-20 05:01:37 - pixel_automator - INFO - MainWindow inicializada
2026-08-20 05:01:37 - pixel_automator - INFO - Ventana principal creada
2026-08-20 05:01:37 - pixel_automator - INFO - Ventana mostrada
2026-08-20 05:01:59 - pixel_automator - INFO - 📏 Midiendo tamaño de pixel...
2026-08-20 05:01:59 - pixel_automator - INFO - Iniciando selector de área interactivo
2026-08-20 05:01:59 - pixel_automator - DEBUG - AreaSelector inicializado
2026-08-20 05:02:04 - pixel_automator - INFO - Área seleccionada: {'left': 1550, 'top': 455, 'width': 40, 'height': 36}
2026-08-20 05:02:04 - pixel_automator - DEBUG - Capturando área: {'left': 1550, 'top': 455, 'width': 40, 'height': 36}
2026-08-20 05:02:04 - pixel_automator - INFO - Área capturada: (36, 40, 3)
2026-08-20 05:02:04 - pixel_automator - INFO - Midiendo tamaño de bloque
2026-08-20 05:02:04 - pixel_automator - INFO - Dimensiones de la imagen: 40x36
2026-08-20 05:02:04 - pixel_automator - INFO - Usando tamaño directo de la imagen: 38x38 px
2026-08-20 05:02:04 - pixel_automator - INFO - ✅ Pixel medido: 38x38 px
2026-08-20 05:02:06 - pixel_automator - INFO - 📏 Midiendo grosor del marco...
2026-08-20 05:02:06 - pixel_automator - INFO - Iniciando selector de área interactivo
2026-08-20 05:02:06 - pixel_automator - DEBUG - AreaSelector inicializado
2026-08-20 05:02:10 - pixel_automator - INFO - Área seleccionada: {'left': 1546, 'top': 524, 'width': 46, 'height': 44}
2026-08-20 05:02:10 - pixel_automator - DEBUG - Capturando área: {'left': 1546, 'top': 524, 'width': 46, 'height': 44}
2026-08-20 05:02:10 - pixel_automator - INFO - Área capturada: (44, 46, 3)
2026-08-20 05:02:10 - pixel_automator - INFO - Midiendo grosor de marco
2026-08-20 05:02:10 - pixel_automator - INFO - Marco detectado con grosor: 1 px
2026-08-20 05:02:10 - pixel_automator - INFO - ✅ Marco medido: 1 px
2026-08-20 05:02:12 - pixel_automator - INFO - 🎯 Seleccionando área de la matriz...
2026-08-20 05:02:12 - pixel_automator - INFO - Iniciando selector de área interactivo
2026-08-20 05:02:12 - pixel_automator - DEBUG - AreaSelector inicializado
2026-08-20 05:02:15 - pixel_automator - INFO - Área seleccionada: {'left': 1365, 'top': 355, 'width': 361, 'height': 354}
2026-08-20 05:02:15 - pixel_automator - INFO - ✅ Área seleccionada: 361x354 px
2026-08-20 05:02:15 - pixel_automator - INFO - 📊 Matriz estimada: 9 filas x 9 columnas
2026-08-20 05:02:21 - pixel_automator - INFO - 🔍 Iniciando análisis de matriz...
2026-08-20 05:02:21 - pixel_automator - DEBUG - Capturando área: {'left': 1365, 'top': 355, 'width': 361, 'height': 354}
2026-08-20 05:02:21 - pixel_automator - INFO - Área capturada: (354, 361, 3)
2026-08-20 05:02:21 - pixel_automator - INFO - Iniciando análisis de matriz con block_size=38
2026-08-20 05:02:21 - pixel_automator - INFO - Dimensiones de la imagen: 361x354
2026-08-20 05:02:21 - pixel_automator - INFO - Matriz: 9 filas x 9 columnas
2026-08-20 05:02:21 - pixel_automator - INFO - Análisis completado: 📊 Resumen de Análisis de Matriz:
  • Matriz: 9 x 9 bloques
  • Total: 81 bloques
  • Tamaño de bloque: 38x38 px
  • 🟦 Normales: 59
  • 🟨 Con marco: 3
  • 🟥 Anidados: 19
  • 🎯 Posiciones para clic: 19
  • ⏱️ Tiempo: 0.030s
2026-08-20 05:02:21 - pixel_automator - INFO - ✅ Análisis completado:
2026-08-20 05:02:21 - pixel_automator - INFO - 📊 Resumen de Análisis de Matriz:
2026-08-20 05:02:21 - pixel_automator - INFO - • Matriz: 9 x 9 bloques
2026-08-20 05:02:21 - pixel_automator - INFO - • Total: 81 bloques
2026-08-20 05:02:21 - pixel_automator - INFO - • Tamaño de bloque: 38x38 px
2026-08-20 05:02:21 - pixel_automator - INFO - • 🟦 Normales: 59
2026-08-20 05:02:21 - pixel_automator - INFO - • 🟨 Con marco: 3
2026-08-20 05:02:21 - pixel_automator - INFO - • 🟥 Anidados: 19
2026-08-20 05:02:21 - pixel_automator - INFO - • 🎯 Posiciones para clic: 19
2026-08-20 05:02:21 - pixel_automator - INFO - • ⏱️ Tiempo: 0.030s
2026-08-20 05:02:21 - pixel_automator - INFO - 🎯 19 bloques anidados encontrados
2026-08-20 05:02:26 - pixel_automator - INFO - 🖱️ Ejecutando 19 clics...
2026-08-20 05:02:26 - pixel_automator - INFO - ClickExecutor inicializado
2026-08-20 05:02:26 - pixel_automator - INFO - Iniciando ejecución de 19 clics
2026-08-20 05:02:26 - pixel_automator - DEBUG - Progreso: 1/19 clics
2026-08-20 05:02:26 - pixel_automator - INFO - Ejecución completada: 19 clics
2026-08-20 05:02:26 - pixel_automator - INFO - ✅ Todos los clics ejecutados correctamente
2026-08-20 05:02:43 - pixel_automator - INFO - 🎯 Seleccionando área de la matriz...
2026-08-20 05:02:43 - pixel_automator - INFO - Iniciando selector de área interactivo
2026-08-20 05:02:43 - pixel_automator - DEBUG - AreaSelector inicializado
2026-08-20 05:02:50 - pixel_automator - INFO - Área seleccionada: {'left': 1405, 'top': 345, 'width': 263, 'height': 327}
2026-08-20 05:02:50 - pixel_automator - INFO - ✅ Área seleccionada: 263x327 px
2026-08-20 05:02:50 - pixel_automator - INFO - 📊 Matriz estimada: 8 filas x 6 columnas
2026-08-20 05:02:57 - pixel_automator - INFO - 🔍 Iniciando análisis de matriz...
2026-08-20 05:02:57 - pixel_automator - DEBUG - Capturando área: {'left': 1405, 'top': 345, 'width': 263, 'height': 327}
2026-08-20 05:02:57 - pixel_automator - INFO - Área capturada: (327, 263, 3)
2026-08-20 05:02:57 - pixel_automator - INFO - Iniciando análisis de matriz con block_size=38
2026-08-20 05:02:57 - pixel_automator - INFO - Dimensiones de la imagen: 263x327
2026-08-20 05:02:57 - pixel_automator - INFO - Matriz: 8 filas x 6 columnas
2026-08-20 05:02:57 - pixel_automator - INFO - Análisis completado: 📊 Resumen de Análisis de Matriz:
  • Matriz: 8 x 6 bloques
  • Total: 48 bloques
  • Tamaño de bloque: 38x38 px
  • 🟦 Normales: 26
  • 🟨 Con marco: 7
  • 🟥 Anidados: 15
  • 🎯 Posiciones para clic: 15
  • ⏱️ Tiempo: 0.016s
2026-08-20 05:02:57 - pixel_automator - INFO - ✅ Análisis completado:
2026-08-20 05:02:57 - pixel_automator - INFO - 📊 Resumen de Análisis de Matriz:
2026-08-20 05:02:57 - pixel_automator - INFO - • Matriz: 8 x 6 bloques
2026-08-20 05:02:57 - pixel_automator - INFO - • Total: 48 bloques
2026-08-20 05:02:57 - pixel_automator - INFO - • Tamaño de bloque: 38x38 px
2026-08-20 05:02:57 - pixel_automator - INFO - • 🟦 Normales: 26
2026-08-20 05:02:57 - pixel_automator - INFO - • 🟨 Con marco: 7
2026-08-20 05:02:57 - pixel_automator - INFO - • 🟥 Anidados: 15
2026-08-20 05:02:57 - pixel_automator - INFO - • 🎯 Posiciones para clic: 15
2026-08-20 05:02:57 - pixel_automator - INFO - • ⏱️ Tiempo: 0.016s
2026-08-20 05:02:57 - pixel_automator - INFO - 🎯 15 bloques anidados encontrados
2026-08-20 05:03:01 - pixel_automator - INFO - 🖱️ Ejecutando 15 clics...
2026-08-20 05:03:01 - pixel_automator - INFO - ClickExecutor inicializado
2026-08-20 05:03:01 - pixel_automator - INFO - Iniciando ejecución de 15 clics
2026-08-20 05:03:01 - pixel_automator - DEBUG - Progreso: 1/15 clics
2026-08-20 05:03:01 - pixel_automator - INFO - Ejecución completada: 15 clics
2026-08-20 05:03:01 - pixel_automator - INFO - ✅ Todos los clics ejecutados correctamente
2026-08-20 05:03:18 - pixel_automator - INFO - 📏 Midiendo tamaño de pixel...
2026-08-20 05:03:18 - pixel_automator - INFO - Iniciando selector de área interactivo
2026-08-20 05:03:18 - pixel_automator - DEBUG - AreaSelector inicializado
2026-08-20 05:03:25 - pixel_automator - INFO - Área seleccionada: {'left': 1556, 'top': 459, 'width': 26, 'height': 27}
2026-08-20 05:03:25 - pixel_automator - DEBUG - Capturando área: {'left': 1556, 'top': 459, 'width': 26, 'height': 27}
2026-08-20 05:03:25 - pixel_automator - INFO - Área capturada: (27, 26, 3)
2026-08-20 05:03:25 - pixel_automator - INFO - Midiendo tamaño de bloque
2026-08-20 05:03:25 - pixel_automator - INFO - Dimensiones de la imagen: 26x27
2026-08-20 05:03:25 - pixel_automator - INFO - Usando tamaño directo de la imagen: 26x26 px
2026-08-20 05:03:25 - pixel_automator - INFO - ✅ Pixel medido: 26x26 px
2026-08-20 05:03:29 - pixel_automator - INFO - 📏 Midiendo grosor del marco...
2026-08-20 05:03:29 - pixel_automator - INFO - Iniciando selector de área interactivo
2026-08-20 05:03:29 - pixel_automator - DEBUG - AreaSelector inicializado
2026-08-20 05:03:33 - pixel_automator - INFO - Selección cancelada
2026-08-20 05:03:33 - pixel_automator - INFO - Medición de marco cancelada
2026-08-20 05:03:37 - pixel_automator - INFO - 📏 Midiendo grosor del marco...
2026-08-20 05:03:37 - pixel_automator - INFO - Iniciando selector de área interactivo
2026-08-20 05:03:37 - pixel_automator - DEBUG - AreaSelector inicializado
2026-08-20 05:03:42 - pixel_automator - INFO - Área seleccionada: {'left': 1547, 'top': 525, 'width': 47, 'height': 43}
2026-08-20 05:03:42 - pixel_automator - DEBUG - Capturando área: {'left': 1547, 'top': 525, 'width': 47, 'height': 43}
2026-08-20 05:03:42 - pixel_automator - INFO - Área capturada: (43, 47, 3)
2026-08-20 05:03:42 - pixel_automator - INFO - Midiendo grosor de marco
2026-08-20 05:03:42 - pixel_automator - INFO - Marco detectado con grosor: 1 px
2026-08-20 05:03:42 - pixel_automator - INFO - ✅ Marco medido: 1 px
2026-08-20 05:03:44 - pixel_automator - INFO - 🔍 Iniciando análisis de matriz...
2026-08-20 05:03:44 - pixel_automator - DEBUG - Capturando área: {'left': 1405, 'top': 345, 'width': 263, 'height': 327}
2026-08-20 05:03:44 - pixel_automator - INFO - Área capturada: (327, 263, 3)
2026-08-20 05:03:44 - pixel_automator - INFO - Iniciando análisis de matriz con block_size=26
2026-08-20 05:03:44 - pixel_automator - INFO - Dimensiones de la imagen: 263x327
2026-08-20 05:03:44 - pixel_automator - INFO - Matriz: 12 filas x 10 columnas
2026-08-20 05:03:44 - pixel_automator - INFO - Análisis completado: 📊 Resumen de Análisis de Matriz:
  • Matriz: 12 x 10 bloques
  • Total: 120 bloques
  • Tamaño de bloque: 26x26 px
  • 🟦 Normales: 86
  • 🟨 Con marco: 1
  • 🟥 Anidados: 33
  • 🎯 Posiciones para clic: 33
  • ⏱️ Tiempo: 0.024s
2026-08-20 05:03:44 - pixel_automator - INFO - ✅ Análisis completado:
2026-08-20 05:03:44 - pixel_automator - INFO - 📊 Resumen de Análisis de Matriz:
2026-08-20 05:03:44 - pixel_automator - INFO - • Matriz: 12 x 10 bloques
2026-08-20 05:03:44 - pixel_automator - INFO - • Total: 120 bloques
2026-08-20 05:03:44 - pixel_automator - INFO - • Tamaño de bloque: 26x26 px
2026-08-20 05:03:44 - pixel_automator - INFO - • 🟦 Normales: 86
2026-08-20 05:03:44 - pixel_automator - INFO - • 🟨 Con marco: 1
2026-08-20 05:03:44 - pixel_automator - INFO - • 🟥 Anidados: 33
2026-08-20 05:03:44 - pixel_automator - INFO - • 🎯 Posiciones para clic: 33
2026-08-20 05:03:44 - pixel_automator - INFO - • ⏱️ Tiempo: 0.024s
2026-08-20 05:03:44 - pixel_automator - INFO - 🎯 33 bloques anidados encontrados
2026-08-20 05:03:46 - pixel_automator - INFO - 🎯 Seleccionando área de la matriz...
2026-08-20 05:03:46 - pixel_automator - INFO - Iniciando selector de área interactivo
2026-08-20 05:03:46 - pixel_automator - DEBUG - AreaSelector inicializado
2026-08-20 05:03:53 - pixel_automator - INFO - Área seleccionada: {'left': 1371, 'top': 397, 'width': 292, 'height': 272}
2026-08-20 05:03:53 - pixel_automator - INFO - ✅ Área seleccionada: 292x272 px
2026-08-20 05:03:53 - pixel_automator - INFO - 📊 Matriz estimada: 10 filas x 11 columnas
2026-08-20 05:03:55 - pixel_automator - INFO - 🔍 Iniciando análisis de matriz...
2026-08-20 05:03:55 - pixel_automator - DEBUG - Capturando área: {'left': 1371, 'top': 397, 'width': 292, 'height': 272}
2026-08-20 05:03:55 - pixel_automator - INFO - Área capturada: (272, 292, 3)
2026-08-20 05:03:55 - pixel_automator - INFO - Iniciando análisis de matriz con block_size=26
2026-08-20 05:03:55 - pixel_automator - INFO - Dimensiones de la imagen: 292x272
2026-08-20 05:03:55 - pixel_automator - INFO - Matriz: 10 filas x 11 columnas
2026-08-20 05:03:55 - pixel_automator - INFO - Análisis completado: 📊 Resumen de Análisis de Matriz:
  • Matriz: 10 x 11 bloques
  • Total: 110 bloques
  • Tamaño de bloque: 26x26 px
  • 🟦 Normales: 81
  • 🟨 Con marco: 7
  • 🟥 Anidados: 22
  • 🎯 Posiciones para clic: 22
  • ⏱️ Tiempo: 0.026s
2026-08-20 05:03:55 - pixel_automator - INFO - ✅ Análisis completado:
2026-08-20 05:03:55 - pixel_automator - INFO - 📊 Resumen de Análisis de Matriz:
2026-08-20 05:03:55 - pixel_automator - INFO - • Matriz: 10 x 11 bloques
2026-08-20 05:03:55 - pixel_automator - INFO - • Total: 110 bloques
2026-08-20 05:03:55 - pixel_automator - INFO - • Tamaño de bloque: 26x26 px
2026-08-20 05:03:55 - pixel_automator - INFO - • 🟦 Normales: 81
2026-08-20 05:03:55 - pixel_automator - INFO - • 🟨 Con marco: 7
2026-08-20 05:03:55 - pixel_automator - INFO - • 🟥 Anidados: 22
2026-08-20 05:03:55 - pixel_automator - INFO - • 🎯 Posiciones para clic: 22
2026-08-20 05:03:55 - pixel_automator - INFO - • ⏱️ Tiempo: 0.026s
2026-08-20 05:03:55 - pixel_automator - INFO - 🎯 22 bloques anidados encontrados
2026-08-20 05:03:59 - pixel_automator - INFO - 🖱️ Ejecutando 22 clics...
2026-08-20 05:03:59 - pixel_automator - INFO - ClickExecutor inicializado
2026-08-20 05:03:59 - pixel_automator - INFO - Iniciando ejecución de 22 clics
2026-08-20 05:03:59 - pixel_automator - DEBUG - Progreso: 1/22 clics
2026-08-20 05:03:59 - pixel_automator - INFO - Ejecución completada: 22 clics
2026-08-20 05:03:59 - pixel_automator - INFO - ✅ Todos los clics ejecutados correctamente
2026-08-20 05:04:36 - pixel_automator - INFO - 📏 Midiendo tamaño de pixel...
2026-08-20 05:04:36 - pixel_automator - INFO - Iniciando selector de área interactivo
2026-08-20 05:04:36 - pixel_automator - DEBUG - AreaSelector inicializado
2026-08-20 05:04:41 - pixel_automator - INFO - Área seleccionada: {'left': 1671, 'top': 390, 'width': 54, 'height': 52}
2026-08-20 05:04:41 - pixel_automator - DEBUG - Capturando área: {'left': 1671, 'top': 390, 'width': 54, 'height': 52}
2026-08-20 05:04:41 - pixel_automator - INFO - Área capturada: (52, 54, 3)
2026-08-20 05:04:41 - pixel_automator - INFO - Midiendo tamaño de bloque
2026-08-20 05:04:41 - pixel_automator - INFO - Dimensiones de la imagen: 54x52
2026-08-20 05:04:41 - pixel_automator - INFO - Usando tamaño directo de la imagen: 53x53 px
2026-08-20 05:04:41 - pixel_automator - INFO - ✅ Pixel medido: 53x53 px
2026-08-20 05:04:42 - pixel_automator - INFO - 📏 Midiendo grosor del marco...
2026-08-20 05:04:42 - pixel_automator - INFO - Iniciando selector de área interactivo
2026-08-20 05:04:42 - pixel_automator - DEBUG - AreaSelector inicializado
2026-08-20 05:04:43 - pixel_automator - INFO - Selección cancelada
2026-08-20 05:04:43 - pixel_automator - INFO - Medición de marco cancelada
2026-08-20 05:04:52 - pixel_automator - INFO - 📏 Midiendo tamaño de pixel...
2026-08-20 05:04:52 - pixel_automator - INFO - Iniciando selector de área interactivo
2026-08-20 05:04:52 - pixel_automator - DEBUG - AreaSelector inicializado
2026-08-20 05:04:57 - pixel_automator - INFO - Área seleccionada: {'left': 1612, 'top': 676, 'width': 58, 'height': 62}
2026-08-20 05:04:57 - pixel_automator - DEBUG - Capturando área: {'left': 1612, 'top': 676, 'width': 58, 'height': 62}
2026-08-20 05:04:57 - pixel_automator - INFO - Área capturada: (62, 58, 3)
2026-08-20 05:04:57 - pixel_automator - INFO - Midiendo tamaño de bloque
2026-08-20 05:04:57 - pixel_automator - INFO - Dimensiones de la imagen: 58x62
2026-08-20 05:04:57 - pixel_automator - INFO - Usando tamaño directo de la imagen: 60x60 px
2026-08-20 05:04:57 - pixel_automator - INFO - ✅ Pixel medido: 60x60 px
2026-08-20 05:04:59 - pixel_automator - INFO - 📏 Midiendo grosor del marco...
2026-08-20 05:04:59 - pixel_automator - INFO - Iniciando selector de área interactivo
2026-08-20 05:04:59 - pixel_automator - DEBUG - AreaSelector inicializado
2026-08-20 05:05:04 - pixel_automator - INFO - Área seleccionada: {'left': 1664, 'top': 619, 'width': 66, 'height': 59}
2026-08-20 05:05:04 - pixel_automator - DEBUG - Capturando área: {'left': 1664, 'top': 619, 'width': 66, 'height': 59}
2026-08-20 05:05:04 - pixel_automator - INFO - Área capturada: (59, 66, 3)
2026-08-20 05:05:04 - pixel_automator - INFO - Midiendo grosor de marco
2026-08-20 05:05:04 - pixel_automator - INFO - Marco detectado con grosor: 1 px
2026-08-20 05:05:04 - pixel_automator - INFO - ✅ Marco medido: 1 px
2026-08-20 05:05:06 - pixel_automator - INFO - 🎯 Seleccionando área de la matriz...
2026-08-20 05:05:06 - pixel_automator - INFO - Iniciando selector de área interactivo
2026-08-20 05:05:06 - pixel_automator - DEBUG - AreaSelector inicializado
2026-08-20 05:05:14 - pixel_automator - INFO - Área seleccionada: {'left': 1495, 'top': 240, 'width': 296, 'height': 555}
2026-08-20 05:05:14 - pixel_automator - INFO - ✅ Área seleccionada: 296x555 px
2026-08-20 05:05:14 - pixel_automator - INFO - 📊 Matriz estimada: 9 filas x 4 columnas
2026-08-20 05:05:17 - pixel_automator - INFO - 🔍 Iniciando análisis de matriz...
2026-08-20 05:05:17 - pixel_automator - DEBUG - Capturando área: {'left': 1495, 'top': 240, 'width': 296, 'height': 555}
2026-08-20 05:05:17 - pixel_automator - INFO - Área capturada: (555, 296, 3)
2026-08-20 05:05:17 - pixel_automator - INFO - Iniciando análisis de matriz con block_size=60
2026-08-20 05:05:17 - pixel_automator - INFO - Dimensiones de la imagen: 296x555
2026-08-20 05:05:17 - pixel_automator - INFO - Matriz: 9 filas x 4 columnas
2026-08-20 05:05:17 - pixel_automator - INFO - Análisis completado: 📊 Resumen de Análisis de Matriz:
  • Matriz: 9 x 4 bloques
  • Total: 36 bloques
  • Tamaño de bloque: 60x60 px
  • 🟦 Normales: 18
  • 🟨 Con marco: 2
  • 🟥 Anidados: 16
  • 🎯 Posiciones para clic: 16
  • ⏱️ Tiempo: 0.025s
2026-08-20 05:05:17 - pixel_automator - INFO - ✅ Análisis completado:
2026-08-20 05:05:17 - pixel_automator - INFO - 📊 Resumen de Análisis de Matriz:
2026-08-20 05:05:17 - pixel_automator - INFO - • Matriz: 9 x 4 bloques
2026-08-20 05:05:17 - pixel_automator - INFO - • Total: 36 bloques
2026-08-20 05:05:17 - pixel_automator - INFO - • Tamaño de bloque: 60x60 px
2026-08-20 05:05:17 - pixel_automator - INFO - • 🟦 Normales: 18
2026-08-20 05:05:17 - pixel_automator - INFO - • 🟨 Con marco: 2
2026-08-20 05:05:17 - pixel_automator - INFO - • 🟥 Anidados: 16
2026-08-20 05:05:17 - pixel_automator - INFO - • 🎯 Posiciones para clic: 16
2026-08-20 05:05:17 - pixel_automator - INFO - • ⏱️ Tiempo: 0.025s
2026-08-20 05:05:17 - pixel_automator - INFO - 🎯 16 bloques anidados encontrados
2026-08-20 05:05:20 - pixel_automator - INFO - 🖱️ Ejecutando 16 clics...
2026-08-20 05:05:20 - pixel_automator - INFO - ClickExecutor inicializado
2026-08-20 05:05:20 - pixel_automator - INFO - Iniciando ejecución de 16 clics
2026-08-20 05:05:20 - pixel_automator - DEBUG - Progreso: 1/16 clics
2026-08-20 05:05:20 - pixel_automator - INFO - Ejecución completada: 16 clics
2026-08-20 05:05:20 - pixel_automator - INFO - ✅ Todos los clics ejecutados correctamente
2026-08-20 05:05:27 - pixel_automator - INFO - 🔍 Iniciando análisis de matriz...
2026-08-20 05:05:27 - pixel_automator - DEBUG - Capturando área: {'left': 1495, 'top': 240, 'width': 296, 'height': 555}
2026-08-20 05:05:27 - pixel_automator - INFO - Área capturada: (555, 296, 3)
2026-08-20 05:05:27 - pixel_automator - INFO - Iniciando análisis de matriz con block_size=60
2026-08-20 05:05:27 - pixel_automator - INFO - Dimensiones de la imagen: 296x555
2026-08-20 05:05:27 - pixel_automator - INFO - Matriz: 9 filas x 4 columnas
2026-08-20 05:05:27 - pixel_automator - INFO - Análisis completado: 📊 Resumen de Análisis de Matriz:
  • Matriz: 9 x 4 bloques
  • Total: 36 bloques
  • Tamaño de bloque: 60x60 px
  • 🟦 Normales: 19
  • 🟨 Con marco: 7
  • 🟥 Anidados: 10
  • 🎯 Posiciones para clic: 10
  • ⏱️ Tiempo: 0.028s
2026-08-20 05:05:27 - pixel_automator - INFO - ✅ Análisis completado:
2026-08-20 05:05:27 - pixel_automator - INFO - 📊 Resumen de Análisis de Matriz:
2026-08-20 05:05:27 - pixel_automator - INFO - • Matriz: 9 x 4 bloques
2026-08-20 05:05:27 - pixel_automator - INFO - • Total: 36 bloques
2026-08-20 05:05:27 - pixel_automator - INFO - • Tamaño de bloque: 60x60 px
2026-08-20 05:05:27 - pixel_automator - INFO - • 🟦 Normales: 19
2026-08-20 05:05:27 - pixel_automator - INFO - • 🟨 Con marco: 7
2026-08-20 05:05:27 - pixel_automator - INFO - • 🟥 Anidados: 10
2026-08-20 05:05:27 - pixel_automator - INFO - • 🎯 Posiciones para clic: 10
2026-08-20 05:05:27 - pixel_automator - INFO - • ⏱️ Tiempo: 0.028s
2026-08-20 05:05:27 - pixel_automator - INFO - 🎯 10 bloques anidados encontrados
2026-08-20 05:05:30 - pixel_automator - INFO - 🖱️ Ejecutando 10 clics...
2026-08-20 05:05:30 - pixel_automator - INFO - ClickExecutor inicializado
2026-08-20 05:05:30 - pixel_automator - INFO - Iniciando ejecución de 10 clics
2026-08-20 05:05:30 - pixel_automator - DEBUG - Progreso: 1/10 clics
2026-08-20 05:05:30 - pixel_automator - INFO - Ejecución completada: 10 clics
2026-08-20 05:05:30 - pixel_automator - INFO - ✅ Todos los clics ejecutados correctamente
2026-08-20 05:05:38 - pixel_automator - INFO - 🎯 Seleccionando área de la matriz...
2026-08-20 05:05:38 - pixel_automator - INFO - Iniciando selector de área interactivo
2026-08-20 05:05:38 - pixel_automator - DEBUG - AreaSelector inicializado
2026-08-20 05:05:44 - pixel_automator - INFO - Área seleccionada: {'left': 1495, 'top': 157, 'width': 416, 'height': 642}
2026-08-20 05:05:44 - pixel_automator - INFO - ✅ Área seleccionada: 416x642 px
2026-08-20 05:05:44 - pixel_automator - INFO - 📊 Matriz estimada: 10 filas x 6 columnas
2026-08-20 05:05:46 - pixel_automator - INFO - 🔍 Iniciando análisis de matriz...
2026-08-20 05:05:46 - pixel_automator - DEBUG - Capturando área: {'left': 1495, 'top': 157, 'width': 416, 'height': 642}
2026-08-20 05:05:46 - pixel_automator - INFO - Área capturada: (642, 416, 3)
2026-08-20 05:05:46 - pixel_automator - INFO - Iniciando análisis de matriz con block_size=60
2026-08-20 05:05:46 - pixel_automator - INFO - Dimensiones de la imagen: 416x642
2026-08-20 05:05:46 - pixel_automator - INFO - Matriz: 10 filas x 6 columnas
2026-08-20 05:05:46 - pixel_automator - INFO - Análisis completado: 📊 Resumen de Análisis de Matriz:
  • Matriz: 10 x 6 bloques
  • Total: 60 bloques
  • Tamaño de bloque: 60x60 px
  • 🟦 Normales: 35
  • 🟨 Con marco: 13
  • 🟥 Anidados: 12
  • 🎯 Posiciones para clic: 12
  • ⏱️ Tiempo: 0.055s
2026-08-20 05:05:46 - pixel_automator - INFO - ✅ Análisis completado:
2026-08-20 05:05:46 - pixel_automator - INFO - 📊 Resumen de Análisis de Matriz:
2026-08-20 05:05:46 - pixel_automator - INFO - • Matriz: 10 x 6 bloques
2026-08-20 05:05:46 - pixel_automator - INFO - • Total: 60 bloques
2026-08-20 05:05:46 - pixel_automator - INFO - • Tamaño de bloque: 60x60 px
2026-08-20 05:05:46 - pixel_automator - INFO - • 🟦 Normales: 35
2026-08-20 05:05:46 - pixel_automator - INFO - • 🟨 Con marco: 13
2026-08-20 05:05:46 - pixel_automator - INFO - • 🟥 Anidados: 12
2026-08-20 05:05:46 - pixel_automator - INFO - • 🎯 Posiciones para clic: 12
2026-08-20 05:05:46 - pixel_automator - INFO - • ⏱️ Tiempo: 0.055s
2026-08-20 05:05:46 - pixel_automator - INFO - 🎯 12 bloques anidados encontrados
2026-08-20 05:05:51 - pixel_automator - INFO - 🖱️ Ejecutando 12 clics...
2026-08-20 05:05:51 - pixel_automator - INFO - ClickExecutor inicializado
2026-08-20 05:05:51 - pixel_automator - INFO - Iniciando ejecución de 12 clics
2026-08-20 05:05:51 - pixel_automator - DEBUG - Progreso: 1/12 clics
2026-08-20 05:05:51 - pixel_automator - INFO - Ejecución completada: 12 clics
2026-08-20 05:05:51 - pixel_automator - INFO - ✅ Todos los clics ejecutados correctamente
2026-08-20 05:06:06 - pixel_automator - INFO - 🎯 Seleccionando área de la matriz...
2026-08-20 05:06:06 - pixel_automator - INFO - Iniciando selector de área interactivo
2026-08-20 05:06:06 - pixel_automator - DEBUG - AreaSelector inicializado
2026-08-20 05:06:11 - pixel_automator - INFO - Área seleccionada: {'left': 1487, 'top': 205, 'width': 310, 'height': 593}
2026-08-20 05:06:11 - pixel_automator - INFO - ✅ Área seleccionada: 310x593 px
2026-08-20 05:06:11 - pixel_automator - INFO - 📊 Matriz estimada: 9 filas x 5 columnas
2026-08-20 05:06:13 - pixel_automator - INFO - 🔍 Iniciando análisis de matriz...
2026-08-20 05:06:13 - pixel_automator - DEBUG - Capturando área: {'left': 1487, 'top': 205, 'width': 310, 'height': 593}
2026-08-20 05:06:13 - pixel_automator - INFO - Área capturada: (593, 310, 3)
2026-08-20 05:06:13 - pixel_automator - INFO - Iniciando análisis de matriz con block_size=60
2026-08-20 05:06:13 - pixel_automator - INFO - Dimensiones de la imagen: 310x593
2026-08-20 05:06:13 - pixel_automator - INFO - Matriz: 9 filas x 5 columnas
2026-08-20 05:06:14 - pixel_automator - INFO - Análisis completado: 📊 Resumen de Análisis de Matriz:
  • Matriz: 9 x 5 bloques
  • Total: 45 bloques
  • Tamaño de bloque: 60x60 px
  • 🟦 Normales: 21
  • 🟨 Con marco: 8
  • 🟥 Anidados: 16
  • 🎯 Posiciones para clic: 16
  • ⏱️ Tiempo: 0.031s
2026-08-20 05:06:14 - pixel_automator - INFO - ✅ Análisis completado:
2026-08-20 05:06:14 - pixel_automator - INFO - 📊 Resumen de Análisis de Matriz:
2026-08-20 05:06:14 - pixel_automator - INFO - • Matriz: 9 x 5 bloques
2026-08-20 05:06:14 - pixel_automator - INFO - • Total: 45 bloques
2026-08-20 05:06:14 - pixel_automator - INFO - • Tamaño de bloque: 60x60 px
2026-08-20 05:06:14 - pixel_automator - INFO - • 🟦 Normales: 21
2026-08-20 05:06:14 - pixel_automator - INFO - • 🟨 Con marco: 8
2026-08-20 05:06:14 - pixel_automator - INFO - • 🟥 Anidados: 16
2026-08-20 05:06:14 - pixel_automator - INFO - • 🎯 Posiciones para clic: 16
2026-08-20 05:06:14 - pixel_automator - INFO - • ⏱️ Tiempo: 0.031s
2026-08-20 05:06:14 - pixel_automator - INFO - 🎯 16 bloques anidados encontrados
2026-08-20 05:06:17 - pixel_automator - INFO - 🖱️ Ejecutando 16 clics...
2026-08-20 05:06:17 - pixel_automator - INFO - ClickExecutor inicializado
2026-08-20 05:06:17 - pixel_automator - INFO - Iniciando ejecución de 16 clics
2026-08-20 05:06:17 - pixel_automator - DEBUG - Progreso: 1/16 clics
2026-08-20 05:06:18 - pixel_automator - INFO - Ejecución completada: 16 clics
2026-08-20 05:06:18 - pixel_automator - INFO - ✅ Todos los clics ejecutados correctamente
2026-08-20 05:08:23 - pixel_automator - INFO - 📏 Midiendo tamaño de pixel...
2026-08-20 05:08:23 - pixel_automator - INFO - Iniciando selector de área interactivo
2026-08-20 05:08:23 - pixel_automator - DEBUG - AreaSelector inicializado
2026-08-20 05:08:29 - pixel_automator - INFO - Área seleccionada: {'left': 1693, 'top': 489, 'width': 19, 'height': 22}
2026-08-20 05:08:29 - pixel_automator - DEBUG - Capturando área: {'left': 1693, 'top': 489, 'width': 19, 'height': 22}
2026-08-20 05:08:29 - pixel_automator - INFO - Área capturada: (22, 19, 3)
2026-08-20 05:08:29 - pixel_automator - INFO - Midiendo tamaño de bloque
2026-08-20 05:08:29 - pixel_automator - INFO - Dimensiones de la imagen: 19x22
2026-08-20 05:08:29 - pixel_automator - INFO - Usando tamaño directo de la imagen: 20x20 px
2026-08-20 05:08:29 - pixel_automator - INFO - ✅ Pixel medido: 20x20 px
2026-08-20 05:08:31 - pixel_automator - INFO - 📏 Midiendo grosor del marco...
2026-08-20 05:08:31 - pixel_automator - INFO - Iniciando selector de área interactivo
2026-08-20 05:08:31 - pixel_automator - DEBUG - AreaSelector inicializado
2026-08-20 05:08:32 - pixel_automator - INFO - Selección cancelada
2026-08-20 05:08:32 - pixel_automator - INFO - Medición de marco cancelada
2026-08-20 05:08:36 - pixel_automator - INFO - 📏 Midiendo grosor del marco...
2026-08-20 05:08:36 - pixel_automator - INFO - Iniciando selector de área interactivo
2026-08-20 05:08:36 - pixel_automator - DEBUG - AreaSelector inicializado
2026-08-20 05:08:40 - pixel_automator - INFO - Área seleccionada: {'left': 1692, 'top': 617, 'width': 22, 'height': 24}
2026-08-20 05:08:40 - pixel_automator - DEBUG - Capturando área: {'left': 1692, 'top': 617, 'width': 22, 'height': 24}
2026-08-20 05:08:40 - pixel_automator - INFO - Área capturada: (24, 22, 3)
2026-08-20 05:08:40 - pixel_automator - INFO - Midiendo grosor de marco
2026-08-20 05:08:40 - pixel_automator - INFO - Marco detectado con grosor: 2 px
2026-08-20 05:08:40 - pixel_automator - INFO - ✅ Marco medido: 2 px
2026-08-20 05:08:42 - pixel_automator - INFO - 🎯 Seleccionando área de la matriz...
2026-08-20 05:08:42 - pixel_automator - INFO - Iniciando selector de área interactivo
2026-08-20 05:08:42 - pixel_automator - DEBUG - AreaSelector inicializado
2026-08-20 05:08:47 - pixel_automator - INFO - Área seleccionada: {'left': 1216, 'top': 219, 'width': 1124, 'height': 820}
2026-08-20 05:08:47 - pixel_automator - INFO - ✅ Área seleccionada: 1124x820 px
2026-08-20 05:08:47 - pixel_automator - INFO - 📊 Matriz estimada: 41 filas x 56 columnas
2026-08-20 05:08:49 - pixel_automator - INFO - 🔍 Iniciando análisis de matriz...
2026-08-20 05:08:49 - pixel_automator - DEBUG - Capturando área: {'left': 1216, 'top': 219, 'width': 1124, 'height': 820}
2026-08-20 05:08:49 - pixel_automator - INFO - Área capturada: (820, 1124, 3)
2026-08-20 05:08:49 - pixel_automator - INFO - Iniciando análisis de matriz con block_size=20
2026-08-20 05:08:49 - pixel_automator - INFO - Dimensiones de la imagen: 1124x820
2026-08-20 05:08:49 - pixel_automator - INFO - Matriz: 41 filas x 56 columnas
2026-08-20 05:08:49 - pixel_automator - INFO - Análisis completado: 📊 Resumen de Análisis de Matriz:
  • Matriz: 41 x 56 bloques
  • Total: 2296 bloques
  • Tamaño de bloque: 20x20 px
  • 🟦 Normales: 1545
  • 🟨 Con marco: 164
  • 🟥 Anidados: 587
  • 🎯 Posiciones para clic: 587
  • ⏱️ Tiempo: 0.319s
2026-08-20 05:08:49 - pixel_automator - INFO - ✅ Análisis completado:
2026-08-20 05:08:49 - pixel_automator - INFO - 📊 Resumen de Análisis de Matriz:
2026-08-20 05:08:49 - pixel_automator - INFO - • Matriz: 41 x 56 bloques
2026-08-20 05:08:49 - pixel_automator - INFO - • Total: 2296 bloques
2026-08-20 05:08:49 - pixel_automator - INFO - • Tamaño de bloque: 20x20 px
2026-08-20 05:08:49 - pixel_automator - INFO - • 🟦 Normales: 1545
2026-08-20 05:08:49 - pixel_automator - INFO - • 🟨 Con marco: 164
2026-08-20 05:08:49 - pixel_automator - INFO - • 🟥 Anidados: 587
2026-08-20 05:08:49 - pixel_automator - INFO - • 🎯 Posiciones para clic: 587
2026-08-20 05:08:49 - pixel_automator - INFO - • ⏱️ Tiempo: 0.319s
2026-08-20 05:08:49 - pixel_automator - INFO - 🎯 587 bloques anidados encontrados
2026-08-20 05:08:58 - pixel_automator - INFO - Aplicación cerrada
2026-08-20 05:09:04 - pixel_automator - INFO - === INICIANDO PIXEL AUTOMATOR ===
2026-08-20 05:09:04 - pixel_automator - INFO - QApplication creada
2026-08-20 05:09:04 - pixel_automator - INFO - ScreenCapture inicializado
2026-08-20 05:09:04 - pixel_automator - INFO - BlockMeasurer inicializado
2026-08-20 05:09:04 - pixel_automator - INFO - BlockAnalyzer inicializado
2026-08-20 05:09:04 - pixel_automator - INFO - MainWindow inicializada
2026-08-20 05:09:04 - pixel_automator - INFO - Ventana principal creada
2026-08-20 05:09:04 - pixel_automator - INFO - Ventana mostrada
2026-08-20 05:09:08 - pixel_automator - INFO - 📏 Midiendo tamaño de pixel...
2026-08-20 05:09:08 - pixel_automator - INFO - Iniciando selector de área interactivo
2026-08-20 05:09:08 - pixel_automator - DEBUG - AreaSelector inicializado
2026-08-20 05:09:13 - pixel_automator - INFO - Área seleccionada: {'left': 1691, 'top': 486, 'width': 23, 'height': 25}
2026-08-20 05:09:13 - pixel_automator - DEBUG - Capturando área: {'left': 1691, 'top': 486, 'width': 23, 'height': 25}
2026-08-20 05:09:13 - pixel_automator - INFO - Área capturada: (25, 23, 3)
2026-08-20 05:09:13 - pixel_automator - INFO - Midiendo tamaño de bloque
2026-08-20 05:09:13 - pixel_automator - INFO - Dimensiones de la imagen: 23x25
2026-08-20 05:09:13 - pixel_automator - INFO - Usando tamaño directo de la imagen: 24x24 px
2026-08-20 05:09:13 - pixel_automator - INFO - ✅ Pixel medido: 24x24 px
2026-08-20 05:09:14 - pixel_automator - INFO - 📏 Midiendo grosor del marco...
2026-08-20 05:09:14 - pixel_automator - INFO - Iniciando selector de área interactivo
2026-08-20 05:09:14 - pixel_automator - DEBUG - AreaSelector inicializado
2026-08-20 05:09:18 - pixel_automator - INFO - Área seleccionada: {'left': 1690, 'top': 615, 'width': 26, 'height': 25}
2026-08-20 05:09:18 - pixel_automator - DEBUG - Capturando área: {'left': 1690, 'top': 615, 'width': 26, 'height': 25}
2026-08-20 05:09:18 - pixel_automator - INFO - Área capturada: (25, 26, 3)
2026-08-20 05:09:18 - pixel_automator - INFO - Midiendo grosor de marco
2026-08-20 05:09:18 - pixel_automator - INFO - Marco detectado con grosor: 1 px
2026-08-20 05:09:18 - pixel_automator - INFO - ✅ Marco medido: 1 px
2026-08-20 05:09:27 - pixel_automator - INFO - 🎯 Seleccionando área de la matriz...
2026-08-20 05:09:27 - pixel_automator - INFO - Iniciando selector de área interactivo
2026-08-20 05:09:27 - pixel_automator - DEBUG - AreaSelector inicializado
2026-08-20 05:09:31 - pixel_automator - INFO - Área seleccionada: {'left': 1257, 'top': 178, 'width': 1136, 'height': 857}
2026-08-20 05:09:31 - pixel_automator - INFO - ✅ Área seleccionada: 1136x857 px
2026-08-20 05:09:31 - pixel_automator - INFO - 📊 Matriz estimada: 35 filas x 47 columnas
2026-08-20 05:09:33 - pixel_automator - INFO - 🔍 Iniciando análisis de matriz...
2026-08-20 05:09:33 - pixel_automator - DEBUG - Capturando área: {'left': 1257, 'top': 178, 'width': 1136, 'height': 857}
2026-08-20 05:09:33 - pixel_automator - INFO - Área capturada: (857, 1136, 3)
2026-08-20 05:09:33 - pixel_automator - INFO - Iniciando análisis de matriz con block_size=24
2026-08-20 05:09:33 - pixel_automator - INFO - Dimensiones de la imagen: 1136x857
2026-08-20 05:09:33 - pixel_automator - INFO - Matriz: 35 filas x 47 columnas
2026-08-20 05:09:33 - pixel_automator - INFO - Análisis completado: 📊 Resumen de Análisis de Matriz:
  • Matriz: 35 x 47 bloques
  • Total: 1645 bloques
  • Tamaño de bloque: 24x24 px
  • 🟦 Normales: 1141
  • 🟨 Con marco: 88
  • 🟥 Anidados: 416
  • 🎯 Posiciones para clic: 416
  • ⏱️ Tiempo: 0.302s
2026-08-20 05:09:33 - pixel_automator - INFO - ✅ Análisis completado:
2026-08-20 05:09:33 - pixel_automator - INFO - 📊 Resumen de Análisis de Matriz:
2026-08-20 05:09:33 - pixel_automator - INFO - • Matriz: 35 x 47 bloques
2026-08-20 05:09:33 - pixel_automator - INFO - • Total: 1645 bloques
2026-08-20 05:09:33 - pixel_automator - INFO - • Tamaño de bloque: 24x24 px
2026-08-20 05:09:33 - pixel_automator - INFO - • 🟦 Normales: 1141
2026-08-20 05:09:33 - pixel_automator - INFO - • 🟨 Con marco: 88
2026-08-20 05:09:33 - pixel_automator - INFO - • 🟥 Anidados: 416
2026-08-20 05:09:33 - pixel_automator - INFO - • 🎯 Posiciones para clic: 416
2026-08-20 05:09:33 - pixel_automator - INFO - • ⏱️ Tiempo: 0.302s
2026-08-20 05:09:33 - pixel_automator - INFO - 🎯 416 bloques anidados encontrados
2026-08-20 05:09:41 - pixel_automator - INFO - 🖱️ Ejecutando 416 clics...
2026-08-20 05:09:41 - pixel_automator - INFO - ClickExecutor inicializado
2026-08-20 05:09:41 - pixel_automator - INFO - Iniciando ejecución de 416 clics
2026-08-20 05:09:41 - pixel_automator - DEBUG - Progreso: 1/416 clics
2026-08-20 05:09:42 - pixel_automator - DEBUG - Progreso: 101/416 clics
2026-08-20 05:09:42 - pixel_automator - DEBUG - Progreso: 201/416 clics
2026-08-20 05:09:43 - pixel_automator - DEBUG - Progreso: 301/416 clics
2026-08-20 05:09:43 - pixel_automator - DEBUG - Progreso: 401/416 clics
2026-08-20 05:09:43 - pixel_automator - INFO - Ejecución completada: 416 clics
2026-08-20 05:09:43 - pixel_automator - INFO - ✅ Todos los clics ejecutados correctamente
2026-08-20 05:12:17 - pixel_automator - INFO - 📏 Midiendo tamaño de pixel...
2026-08-20 05:12:17 - pixel_automator - INFO - Iniciando selector de área interactivo
2026-08-20 05:12:17 - pixel_automator - DEBUG - AreaSelector inicializado
2026-08-20 05:12:21 - pixel_automator - INFO - Área seleccionada: {'left': 1337, 'top': 783, 'width': 78, 'height': 74}
2026-08-20 05:12:21 - pixel_automator - DEBUG - Capturando área: {'left': 1337, 'top': 783, 'width': 78, 'height': 74}
2026-08-20 05:12:21 - pixel_automator - INFO - Área capturada: (74, 78, 3)
2026-08-20 05:12:21 - pixel_automator - INFO - Midiendo tamaño de bloque
2026-08-20 05:12:21 - pixel_automator - INFO - Dimensiones de la imagen: 78x74
2026-08-20 05:12:21 - pixel_automator - INFO - Usando tamaño directo de la imagen: 76x76 px
2026-08-20 05:12:21 - pixel_automator - INFO - ✅ Pixel medido: 76x76 px
2026-08-20 05:12:22 - pixel_automator - INFO - 📏 Midiendo grosor del marco...
2026-08-20 05:12:22 - pixel_automator - INFO - Iniciando selector de área interactivo
2026-08-20 05:12:22 - pixel_automator - DEBUG - AreaSelector inicializado
2026-08-20 05:12:24 - pixel_automator - INFO - Selección cancelada
2026-08-20 05:12:24 - pixel_automator - INFO - Medición de marco cancelada
2026-08-20 05:12:32 - pixel_automator - INFO - 📏 Midiendo grosor del marco...
2026-08-20 05:12:32 - pixel_automator - INFO - Iniciando selector de área interactivo
2026-08-20 05:12:32 - pixel_automator - DEBUG - AreaSelector inicializado
2026-08-20 05:12:37 - pixel_automator - INFO - Área seleccionada: {'left': 1707, 'top': 927, 'width': 78, 'height': 80}
2026-08-20 05:12:37 - pixel_automator - DEBUG - Capturando área: {'left': 1707, 'top': 927, 'width': 78, 'height': 80}
2026-08-20 05:12:37 - pixel_automator - INFO - Área capturada: (80, 78, 3)
2026-08-20 05:12:37 - pixel_automator - INFO - Midiendo grosor de marco
2026-08-20 05:12:37 - pixel_automator - INFO - Marco detectado con grosor: 1 px
2026-08-20 05:12:37 - pixel_automator - INFO - ✅ Marco medido: 1 px
2026-08-20 05:12:39 - pixel_automator - INFO - 🎯 Seleccionando área de la matriz...
2026-08-20 05:12:39 - pixel_automator - INFO - Iniciando selector de área interactivo
2026-08-20 05:12:39 - pixel_automator - DEBUG - AreaSelector inicializado
2026-08-20 05:12:41 - pixel_automator - INFO - Área seleccionada: {'left': 1330, 'top': 630, 'width': 550, 'height': 391}
2026-08-20 05:12:41 - pixel_automator - INFO - ✅ Área seleccionada: 550x391 px
2026-08-20 05:12:41 - pixel_automator - INFO - 📊 Matriz estimada: 5 filas x 7 columnas
2026-08-20 05:12:42 - pixel_automator - INFO - 🔍 Iniciando análisis de matriz...
2026-08-20 05:12:42 - pixel_automator - DEBUG - Capturando área: {'left': 1330, 'top': 630, 'width': 550, 'height': 391}
2026-08-20 05:12:42 - pixel_automator - INFO - Área capturada: (391, 550, 3)
2026-08-20 05:12:42 - pixel_automator - INFO - Iniciando análisis de matriz con block_size=76
2026-08-20 05:12:42 - pixel_automator - INFO - Dimensiones de la imagen: 550x391
2026-08-20 05:12:42 - pixel_automator - INFO - Matriz: 5 filas x 7 columnas
2026-08-20 05:12:42 - pixel_automator - INFO - Análisis completado: 📊 Resumen de Análisis de Matriz:
  • Matriz: 5 x 7 bloques
  • Total: 35 bloques
  • Tamaño de bloque: 76x76 px
  • 🟦 Normales: 1
  • 🟨 Con marco: 15
  • 🟥 Anidados: 19
  • 🎯 Posiciones para clic: 19
  • ⏱️ Tiempo: 0.029s
2026-08-20 05:12:42 - pixel_automator - INFO - ✅ Análisis completado:
2026-08-20 05:12:42 - pixel_automator - INFO - 📊 Resumen de Análisis de Matriz:
2026-08-20 05:12:42 - pixel_automator - INFO - • Matriz: 5 x 7 bloques
2026-08-20 05:12:42 - pixel_automator - INFO - • Total: 35 bloques
2026-08-20 05:12:42 - pixel_automator - INFO - • Tamaño de bloque: 76x76 px
2026-08-20 05:12:42 - pixel_automator - INFO - • 🟦 Normales: 1
2026-08-20 05:12:42 - pixel_automator - INFO - • 🟨 Con marco: 15
2026-08-20 05:12:42 - pixel_automator - INFO - • 🟥 Anidados: 19
2026-08-20 05:12:42 - pixel_automator - INFO - • 🎯 Posiciones para clic: 19
2026-08-20 05:12:42 - pixel_automator - INFO - • ⏱️ Tiempo: 0.029s
2026-08-20 05:12:42 - pixel_automator - INFO - 🎯 19 bloques anidados encontrados
2026-08-20 05:12:46 - pixel_automator - INFO - 🖱️ Ejecutando 19 clics...
2026-08-20 05:12:46 - pixel_automator - INFO - ClickExecutor inicializado
2026-08-20 05:12:46 - pixel_automator - INFO - Iniciando ejecución de 19 clics
2026-08-20 05:12:46 - pixel_automator - DEBUG - Progreso: 1/19 clics
2026-08-20 05:12:47 - pixel_automator - INFO - Ejecución completada: 19 clics
2026-08-20 05:12:47 - pixel_automator - INFO - ✅ Todos los clics ejecutados correctamente
2026-08-20 05:13:06 - pixel_automator - INFO - 🎯 Seleccionando área de la matriz...
2026-08-20 05:13:06 - pixel_automator - INFO - Iniciando selector de área interactivo
2026-08-20 05:13:06 - pixel_automator - DEBUG - AreaSelector inicializado
2026-08-20 05:13:09 - pixel_automator - INFO - Área seleccionada: {'left': 1198, 'top': 381, 'width': 787, 'height': 683}
2026-08-20 05:13:09 - pixel_automator - INFO - ✅ Área seleccionada: 787x683 px
2026-08-20 05:13:09 - pixel_automator - INFO - 📊 Matriz estimada: 8 filas x 10 columnas
2026-08-20 05:13:12 - pixel_automator - INFO - 🔍 Iniciando análisis de matriz...
2026-08-20 05:13:12 - pixel_automator - DEBUG - Capturando área: {'left': 1198, 'top': 381, 'width': 787, 'height': 683}
2026-08-20 05:13:12 - pixel_automator - INFO - Área capturada: (683, 787, 3)
2026-08-20 05:13:12 - pixel_automator - INFO - Iniciando análisis de matriz con block_size=76
2026-08-20 05:13:12 - pixel_automator - INFO - Dimensiones de la imagen: 787x683
2026-08-20 05:13:12 - pixel_automator - INFO - Matriz: 8 filas x 10 columnas
2026-08-20 05:13:12 - pixel_automator - INFO - Análisis completado: 📊 Resumen de Análisis de Matriz:
  • Matriz: 8 x 10 bloques
  • Total: 80 bloques
  • Tamaño de bloque: 76x76 px
  • 🟦 Normales: 27
  • 🟨 Con marco: 3
  • 🟥 Anidados: 50
  • 🎯 Posiciones para clic: 50
  • ⏱️ Tiempo: 0.059s
2026-08-20 05:13:12 - pixel_automator - INFO - ✅ Análisis completado:
2026-08-20 05:13:12 - pixel_automator - INFO - 📊 Resumen de Análisis de Matriz:
2026-08-20 05:13:12 - pixel_automator - INFO - • Matriz: 8 x 10 bloques
2026-08-20 05:13:12 - pixel_automator - INFO - • Total: 80 bloques
2026-08-20 05:13:12 - pixel_automator - INFO - • Tamaño de bloque: 76x76 px
2026-08-20 05:13:12 - pixel_automator - INFO - • 🟦 Normales: 27
2026-08-20 05:13:12 - pixel_automator - INFO - • 🟨 Con marco: 3
2026-08-20 05:13:12 - pixel_automator - INFO - • 🟥 Anidados: 50
2026-08-20 05:13:12 - pixel_automator - INFO - • 🎯 Posiciones para clic: 50
2026-08-20 05:13:12 - pixel_automator - INFO - • ⏱️ Tiempo: 0.059s
2026-08-20 05:13:12 - pixel_automator - INFO - 🎯 50 bloques anidados encontrados
2026-08-20 05:13:16 - pixel_automator - INFO - 🖱️ Ejecutando 50 clics...
2026-08-20 05:13:16 - pixel_automator - INFO - ClickExecutor inicializado
2026-08-20 05:13:16 - pixel_automator - INFO - Iniciando ejecución de 50 clics
2026-08-20 05:13:16 - pixel_automator - DEBUG - Progreso: 1/50 clics
2026-08-20 05:13:16 - pixel_automator - INFO - Ejecución completada: 50 clics
2026-08-20 05:13:16 - pixel_automator - INFO - ✅ Todos los clics ejecutados correctamente
2026-08-20 05:15:09 - pixel_automator - INFO - Aplicación cerrada
2026-08-20 05:28:11 - pixel_automator - INFO - === INICIANDO PIXEL AUTOMATOR ===
2026-08-20 05:28:11 - pixel_automator - INFO - QApplication creada
2026-08-20 05:28:11 - pixel_automator - INFO - ScreenCapture inicializado
2026-08-20 05:28:11 - pixel_automator - INFO - BlockMeasurer inicializado
2026-08-20 05:28:11 - pixel_automator - INFO - BlockAnalyzer inicializado
2026-08-20 05:28:11 - pixel_automator - INFO - MainWindow inicializada
2026-08-20 05:28:11 - pixel_automator - INFO - Ventana principal creada
2026-08-20 05:28:11 - pixel_automator - INFO - Ventana mostrada
2026-08-20 05:28:18 - pixel_automator - INFO - 📏 Midiendo tamaño de pixel...
2026-08-20 05:28:18 - pixel_automator - INFO - Iniciando selector de área interactivo
2026-08-20 05:28:18 - pixel_automator - DEBUG - AreaSelector inicializado
2026-08-20 05:28:23 - pixel_automator - INFO - Área seleccionada: {'left': 1547, 'top': 392, 'width': 21, 'height': 22}
2026-08-20 05:28:23 - pixel_automator - DEBUG - Capturando área: {'left': 1547, 'top': 392, 'width': 21, 'height': 22}
2026-08-20 05:28:23 - pixel_automator - INFO - Área capturada: (22, 21, 3)
2026-08-20 05:28:23 - pixel_automator - INFO - Midiendo tamaño de bloque
2026-08-20 05:28:23 - pixel_automator - INFO - Dimensiones de la imagen: 21x22
2026-08-20 05:28:23 - pixel_automator - INFO - Usando tamaño directo de la imagen: 21x21 px
2026-08-20 05:28:23 - pixel_automator - INFO - ✅ Pixel medido: 21x21 px
2026-08-20 05:28:31 - pixel_automator - INFO - 📏 Midiendo tamaño de pixel...
2026-08-20 05:28:31 - pixel_automator - INFO - Iniciando selector de área interactivo
2026-08-20 05:28:31 - pixel_automator - DEBUG - AreaSelector inicializado
2026-08-20 05:28:42 - pixel_automator - INFO - Área seleccionada: {'left': 1383, 'top': 742, 'width': 36, 'height': 31}
2026-08-20 05:28:42 - pixel_automator - DEBUG - Capturando área: {'left': 1383, 'top': 742, 'width': 36, 'height': 31}
2026-08-20 05:28:42 - pixel_automator - INFO - Área capturada: (31, 36, 3)
2026-08-20 05:28:42 - pixel_automator - INFO - Midiendo tamaño de bloque
2026-08-20 05:28:42 - pixel_automator - INFO - Dimensiones de la imagen: 36x31
2026-08-20 05:28:42 - pixel_automator - INFO - Usando tamaño directo de la imagen: 33x33 px
2026-08-20 05:28:42 - pixel_automator - INFO - ✅ Pixel medido: 33x33 px
2026-08-20 05:28:46 - pixel_automator - INFO - 📏 Midiendo grosor del marco...
2026-08-20 05:28:46 - pixel_automator - INFO - Iniciando selector de área interactivo
2026-08-20 05:28:46 - pixel_automator - DEBUG - AreaSelector inicializado
2026-08-20 05:28:50 - pixel_automator - INFO - Área seleccionada: {'left': 1378, 'top': 807, 'width': 45, 'height': 44}
2026-08-20 05:28:50 - pixel_automator - DEBUG - Capturando área: {'left': 1378, 'top': 807, 'width': 45, 'height': 44}
2026-08-20 05:28:50 - pixel_automator - INFO - Área capturada: (44, 45, 3)
2026-08-20 05:28:50 - pixel_automator - INFO - Midiendo grosor de marco
2026-08-20 05:28:50 - pixel_automator - INFO - Marco detectado con grosor: 1 px
2026-08-20 05:28:50 - pixel_automator - INFO - ✅ Marco medido: 1 px
2026-08-20 05:28:52 - pixel_automator - INFO - 🎯 Seleccionando área de la matriz...
2026-08-20 05:28:52 - pixel_automator - INFO - Iniciando selector de área interactivo
2026-08-20 05:28:52 - pixel_automator - DEBUG - AreaSelector inicializado
2026-08-20 05:28:54 - pixel_automator - INFO - Área seleccionada: {'left': 1067, 'top': 320, 'width': 547, 'height': 723}
2026-08-20 05:28:54 - pixel_automator - INFO - ✅ Área seleccionada: 547x723 px
2026-08-20 05:28:54 - pixel_automator - INFO - 📊 Matriz estimada: 21 filas x 16 columnas
2026-08-20 05:28:55 - pixel_automator - INFO - 🔍 Iniciando análisis de matriz...
2026-08-20 05:28:55 - pixel_automator - DEBUG - Capturando área: {'left': 1067, 'top': 320, 'width': 547, 'height': 723}
2026-08-20 05:28:55 - pixel_automator - INFO - Área capturada: (723, 547, 3)
2026-08-20 05:28:55 - pixel_automator - INFO - Iniciando análisis de matriz con block_size=33
2026-08-20 05:28:55 - pixel_automator - INFO - Dimensiones de la imagen: 547x723
2026-08-20 05:28:55 - pixel_automator - INFO - Matriz: 21 filas x 16 columnas
2026-08-20 05:28:55 - pixel_automator - INFO - Análisis completado: 📊 Resumen de Análisis de Matriz:
  • Matriz: 21 x 16 bloques
  • Total: 336 bloques
  • Tamaño de bloque: 33x33 px
  • 🟦 Normales: 285
  • 🟨 Con marco: 49
  • 🟥 Anidados: 2
  • 🎯 Posiciones para clic: 2
  • ⏱️ Tiempo: 0.103s
2026-08-20 05:28:55 - pixel_automator - INFO - ✅ Análisis completado:
2026-08-20 05:28:55 - pixel_automator - INFO - 📊 Resumen de Análisis de Matriz:
2026-08-20 05:28:55 - pixel_automator - INFO - • Matriz: 21 x 16 bloques
2026-08-20 05:28:55 - pixel_automator - INFO - • Total: 336 bloques
2026-08-20 05:28:55 - pixel_automator - INFO - • Tamaño de bloque: 33x33 px
2026-08-20 05:28:55 - pixel_automator - INFO - • 🟦 Normales: 285
2026-08-20 05:28:55 - pixel_automator - INFO - • 🟨 Con marco: 49
2026-08-20 05:28:55 - pixel_automator - INFO - • 🟥 Anidados: 2
2026-08-20 05:28:55 - pixel_automator - INFO - • 🎯 Posiciones para clic: 2
2026-08-20 05:28:55 - pixel_automator - INFO - • ⏱️ Tiempo: 0.103s
2026-08-20 05:28:55 - pixel_automator - INFO - 🎯 2 bloques anidados encontrados
2026-08-20 05:28:59 - pixel_automator - INFO - 🖱️ Ejecutando 2 clics...
2026-08-20 05:28:59 - pixel_automator - INFO - ClickExecutor inicializado
2026-08-20 05:28:59 - pixel_automator - INFO - Iniciando ejecución de 2 clics
2026-08-20 05:28:59 - pixel_automator - DEBUG - Progreso: 1/2 clics
2026-08-20 05:28:59 - pixel_automator - INFO - Ejecución completada: 2 clics
2026-08-20 05:28:59 - pixel_automator - INFO - ✅ Todos los clics ejecutados correctamente
2026-08-20 05:29:05 - pixel_automator - INFO - 🎯 Seleccionando área de la matriz...
2026-08-20 05:29:05 - pixel_automator - INFO - Iniciando selector de área interactivo
2026-08-20 05:29:05 - pixel_automator - DEBUG - AreaSelector inicializado
2026-08-20 05:29:08 - pixel_automator - INFO - Área seleccionada: {'left': 1217, 'top': 503, 'width': 303, 'height': 511}
2026-08-20 05:29:08 - pixel_automator - INFO - ✅ Área seleccionada: 303x511 px
2026-08-20 05:29:08 - pixel_automator - INFO - 📊 Matriz estimada: 15 filas x 9 columnas
2026-08-20 05:29:11 - pixel_automator - INFO - 🔍 Iniciando análisis de matriz...
2026-08-20 05:29:11 - pixel_automator - DEBUG - Capturando área: {'left': 1217, 'top': 503, 'width': 303, 'height': 511}
2026-08-20 05:29:11 - pixel_automator - INFO - Área capturada: (511, 303, 3)
2026-08-20 05:29:11 - pixel_automator - INFO - Iniciando análisis de matriz con block_size=33
2026-08-20 05:29:11 - pixel_automator - INFO - Dimensiones de la imagen: 303x511
2026-08-20 05:29:11 - pixel_automator - INFO - Matriz: 15 filas x 9 columnas
2026-08-20 05:29:11 - pixel_automator - INFO - Análisis completado: 📊 Resumen de Análisis de Matriz:
  • Matriz: 15 x 9 bloques
  • Total: 135 bloques
  • Tamaño de bloque: 33x33 px
  • 🟦 Normales: 91
  • 🟨 Con marco: 44
  • 🟥 Anidados: 0
  • 🎯 Posiciones para clic: 0
  • ⏱️ Tiempo: 0.040s
2026-08-20 05:29:11 - pixel_automator - INFO - ✅ Análisis completado:
2026-08-20 05:29:11 - pixel_automator - INFO - 📊 Resumen de Análisis de Matriz:
2026-08-20 05:29:11 - pixel_automator - INFO - • Matriz: 15 x 9 bloques
2026-08-20 05:29:11 - pixel_automator - INFO - • Total: 135 bloques
2026-08-20 05:29:11 - pixel_automator - INFO - • Tamaño de bloque: 33x33 px
2026-08-20 05:29:11 - pixel_automator - INFO - • 🟦 Normales: 91
2026-08-20 05:29:11 - pixel_automator - INFO - • 🟨 Con marco: 44
2026-08-20 05:29:11 - pixel_automator - INFO - • 🟥 Anidados: 0
2026-08-20 05:29:11 - pixel_automator - INFO - • 🎯 Posiciones para clic: 0
2026-08-20 05:29:11 - pixel_automator - INFO - • ⏱️ Tiempo: 0.040s
2026-08-20 05:29:11 - pixel_automator - WARNING - ⚠️ No se encontraron bloques anidados
2026-08-20 05:29:22 - pixel_automator - INFO - 🔍 Iniciando análisis de matriz...
2026-08-20 05:29:22 - pixel_automator - DEBUG - Capturando área: {'left': 1217, 'top': 503, 'width': 303, 'height': 511}
2026-08-20 05:29:22 - pixel_automator - INFO - Área capturada: (511, 303, 3)
2026-08-20 05:29:22 - pixel_automator - INFO - Iniciando análisis de matriz con block_size=33
2026-08-20 05:29:22 - pixel_automator - INFO - Dimensiones de la imagen: 303x511
2026-08-20 05:29:22 - pixel_automator - INFO - Matriz: 15 filas x 9 columnas
2026-08-20 05:29:22 - pixel_automator - INFO - Análisis completado: 📊 Resumen de Análisis de Matriz:
  • Matriz: 15 x 9 bloques
  • Total: 135 bloques
  • Tamaño de bloque: 33x33 px
  • 🟦 Normales: 91
  • 🟨 Con marco: 44
  • 🟥 Anidados: 0
  • 🎯 Posiciones para clic: 0
  • ⏱️ Tiempo: 0.039s
2026-08-20 05:29:22 - pixel_automator - INFO - ✅ Análisis completado:
2026-08-20 05:29:22 - pixel_automator - INFO - 📊 Resumen de Análisis de Matriz:
2026-08-20 05:29:22 - pixel_automator - INFO - • Matriz: 15 x 9 bloques
2026-08-20 05:29:22 - pixel_automator - INFO - • Total: 135 bloques
2026-08-20 05:29:22 - pixel_automator - INFO - • Tamaño de bloque: 33x33 px
2026-08-20 05:29:22 - pixel_automator - INFO - • 🟦 Normales: 91
2026-08-20 05:29:22 - pixel_automator - INFO - • 🟨 Con marco: 44
2026-08-20 05:29:22 - pixel_automator - INFO - • 🟥 Anidados: 0
2026-08-20 05:29:22 - pixel_automator - INFO - • 🎯 Posiciones para clic: 0
2026-08-20 05:29:22 - pixel_automator - INFO - • ⏱️ Tiempo: 0.039s
2026-08-20 05:29:22 - pixel_automator - WARNING - ⚠️ No se encontraron bloques anidados
2026-08-20 05:29:25 - pixel_automator - INFO - 🔍 Iniciando análisis de matriz...
2026-08-20 05:29:25 - pixel_automator - DEBUG - Capturando área: {'left': 1217, 'top': 503, 'width': 303, 'height': 511}
2026-08-20 05:29:25 - pixel_automator - INFO - Área capturada: (511, 303, 3)
2026-08-20 05:29:25 - pixel_automator - INFO - Iniciando análisis de matriz con block_size=33
2026-08-20 05:29:25 - pixel_automator - INFO - Dimensiones de la imagen: 303x511
2026-08-20 05:29:25 - pixel_automator - INFO - Matriz: 15 filas x 9 columnas
2026-08-20 05:29:25 - pixel_automator - INFO - Análisis completado: 📊 Resumen de Análisis de Matriz:
  • Matriz: 15 x 9 bloques
  • Total: 135 bloques
  • Tamaño de bloque: 33x33 px
  • 🟦 Normales: 91
  • 🟨 Con marco: 44
  • 🟥 Anidados: 0
  • 🎯 Posiciones para clic: 0
  • ⏱️ Tiempo: 0.038s
2026-08-20 05:29:25 - pixel_automator - INFO - ✅ Análisis completado:
2026-08-20 05:29:25 - pixel_automator - INFO - 📊 Resumen de Análisis de Matriz:
2026-08-20 05:29:25 - pixel_automator - INFO - • Matriz: 15 x 9 bloques
2026-08-20 05:29:25 - pixel_automator - INFO - • Total: 135 bloques
2026-08-20 05:29:25 - pixel_automator - INFO - • Tamaño de bloque: 33x33 px
2026-08-20 05:29:25 - pixel_automator - INFO - • 🟦 Normales: 91
2026-08-20 05:29:25 - pixel_automator - INFO - • 🟨 Con marco: 44
2026-08-20 05:29:25 - pixel_automator - INFO - • 🟥 Anidados: 0
2026-08-20 05:29:25 - pixel_automator - INFO - • 🎯 Posiciones para clic: 0
2026-08-20 05:29:25 - pixel_automator - INFO - • ⏱️ Tiempo: 0.038s
2026-08-20 05:29:25 - pixel_automator - WARNING - ⚠️ No se encontraron bloques anidados
2026-08-20 05:29:27 - pixel_automator - INFO - 🎯 Seleccionando área de la matriz...
2026-08-20 05:29:27 - pixel_automator - INFO - Iniciando selector de área interactivo
2026-08-20 05:29:27 - pixel_automator - DEBUG - AreaSelector inicializado
2026-08-20 05:29:30 - pixel_automator - INFO - Área seleccionada: {'left': 1171, 'top': 415, 'width': 391, 'height': 618}
2026-08-20 05:29:31 - pixel_automator - INFO - ✅ Área seleccionada: 391x618 px
2026-08-20 05:29:31 - pixel_automator - INFO - 📊 Matriz estimada: 18 filas x 11 columnas
2026-08-20 05:29:35 - pixel_automator - INFO - 🔍 Iniciando análisis de matriz...
2026-08-20 05:29:35 - pixel_automator - DEBUG - Capturando área: {'left': 1171, 'top': 415, 'width': 391, 'height': 618}
2026-08-20 05:29:35 - pixel_automator - INFO - Área capturada: (618, 391, 3)
2026-08-20 05:29:35 - pixel_automator - INFO - Iniciando análisis de matriz con block_size=33
2026-08-20 05:29:35 - pixel_automator - INFO - Dimensiones de la imagen: 391x618
2026-08-20 05:29:35 - pixel_automator - INFO - Matriz: 18 filas x 11 columnas
2026-08-20 05:29:35 - pixel_automator - INFO - Análisis completado: 📊 Resumen de Análisis de Matriz:
  • Matriz: 18 x 11 bloques
  • Total: 198 bloques
  • Tamaño de bloque: 33x33 px
  • 🟦 Normales: 153
  • 🟨 Con marco: 34
  • 🟥 Anidados: 11
  • 🎯 Posiciones para clic: 11
  • ⏱️ Tiempo: 0.058s
2026-08-20 05:29:35 - pixel_automator - INFO - ✅ Análisis completado:
2026-08-20 05:29:35 - pixel_automator - INFO - 📊 Resumen de Análisis de Matriz:
2026-08-20 05:29:35 - pixel_automator - INFO - • Matriz: 18 x 11 bloques
2026-08-20 05:29:35 - pixel_automator - INFO - • Total: 198 bloques
2026-08-20 05:29:35 - pixel_automator - INFO - • Tamaño de bloque: 33x33 px
2026-08-20 05:29:35 - pixel_automator - INFO - • 🟦 Normales: 153
2026-08-20 05:29:35 - pixel_automator - INFO - • 🟨 Con marco: 34
2026-08-20 05:29:35 - pixel_automator - INFO - • 🟥 Anidados: 11
2026-08-20 05:29:35 - pixel_automator - INFO - • 🎯 Posiciones para clic: 11
2026-08-20 05:29:35 - pixel_automator - INFO - • ⏱️ Tiempo: 0.058s
2026-08-20 05:29:35 - pixel_automator - INFO - 🎯 11 bloques anidados encontrados
2026-08-20 05:29:39 - pixel_automator - INFO - 🖱️ Ejecutando 11 clics...
2026-08-20 05:29:39 - pixel_automator - INFO - ClickExecutor inicializado
2026-08-20 05:29:39 - pixel_automator - INFO - Iniciando ejecución de 11 clics
2026-08-20 05:29:39 - pixel_automator - DEBUG - Progreso: 1/11 clics
2026-08-20 05:29:39 - pixel_automator - INFO - Ejecución completada: 11 clics
2026-08-20 05:29:39 - pixel_automator - INFO - ✅ Todos los clics ejecutados correctamente
2026-08-20 05:30:10 - pixel_automator - INFO - Aplicación cerrada
2026-08-20 05:30:13 - pixel_automator - INFO - === INICIANDO PIXEL AUTOMATOR ===
2026-08-20 05:30:13 - pixel_automator - INFO - QApplication creada
2026-08-20 05:30:13 - pixel_automator - INFO - ScreenCapture inicializado
2026-08-20 05:30:13 - pixel_automator - INFO - BlockMeasurer inicializado
2026-08-20 05:30:13 - pixel_automator - INFO - BlockAnalyzer inicializado
2026-08-20 05:30:13 - pixel_automator - INFO - MainWindow inicializada
2026-08-20 05:30:13 - pixel_automator - INFO - Ventana principal creada
2026-08-20 05:30:14 - pixel_automator - INFO - Ventana mostrada
2026-08-20 05:30:18 - pixel_automator - INFO - 📏 Midiendo tamaño de pixel...
2026-08-20 05:30:18 - pixel_automator - INFO - Iniciando selector de área interactivo
2026-08-20 05:30:18 - pixel_automator - DEBUG - AreaSelector inicializado
2026-08-20 05:30:23 - pixel_automator - INFO - Área seleccionada: {'left': 1433, 'top': 680, 'width': 33, 'height': 34}
2026-08-20 05:30:23 - pixel_automator - DEBUG - Capturando área: {'left': 1433, 'top': 680, 'width': 33, 'height': 34}
2026-08-20 05:30:23 - pixel_automator - INFO - Área capturada: (34, 33, 3)
2026-08-20 05:30:23 - pixel_automator - INFO - Midiendo tamaño de bloque
2026-08-20 05:30:23 - pixel_automator - INFO - Dimensiones de la imagen: 33x34
2026-08-20 05:30:23 - pixel_automator - INFO - Usando tamaño directo de la imagen: 33x33 px
2026-08-20 05:30:23 - pixel_automator - INFO - ✅ Pixel medido: 33x33 px
2026-08-20 05:30:25 - pixel_automator - INFO - 📏 Midiendo grosor del marco...
2026-08-20 05:30:25 - pixel_automator - INFO - Iniciando selector de área interactivo
2026-08-20 05:30:25 - pixel_automator - DEBUG - AreaSelector inicializado
2026-08-20 05:30:28 - pixel_automator - INFO - Área seleccionada: {'left': 1430, 'top': 750, 'width': 40, 'height': 38}
2026-08-20 05:30:28 - pixel_automator - DEBUG - Capturando área: {'left': 1430, 'top': 750, 'width': 40, 'height': 38}
2026-08-20 05:30:28 - pixel_automator - INFO - Área capturada: (38, 40, 3)
2026-08-20 05:30:28 - pixel_automator - INFO - Midiendo grosor de marco
2026-08-20 05:30:28 - pixel_automator - INFO - Marco detectado con grosor: 1 px
2026-08-20 05:30:28 - pixel_automator - INFO - ✅ Marco medido: 1 px
2026-08-20 05:30:30 - pixel_automator - INFO - 🎯 Seleccionando área de la matriz...
2026-08-20 05:30:30 - pixel_automator - INFO - Iniciando selector de área interactivo
2026-08-20 05:30:30 - pixel_automator - DEBUG - AreaSelector inicializado
2026-08-20 05:30:33 - pixel_automator - INFO - Área seleccionada: {'left': 1161, 'top': 323, 'width': 498, 'height': 674}
2026-08-20 05:30:33 - pixel_automator - INFO - ✅ Área seleccionada: 498x674 px
2026-08-20 05:30:33 - pixel_automator - INFO - 📊 Matriz estimada: 20 filas x 15 columnas
2026-08-20 05:30:36 - pixel_automator - INFO - 🔍 Iniciando análisis de matriz...
2026-08-20 05:30:36 - pixel_automator - DEBUG - Capturando área: {'left': 1161, 'top': 323, 'width': 498, 'height': 674}
2026-08-20 05:30:36 - pixel_automator - INFO - Área capturada: (674, 498, 3)
2026-08-20 05:30:36 - pixel_automator - INFO - Iniciando análisis de matriz con block_size=33
2026-08-20 05:30:36 - pixel_automator - INFO - Dimensiones de la imagen: 498x674
2026-08-20 05:30:36 - pixel_automator - INFO - Matriz: 20 filas x 15 columnas
2026-08-20 05:30:36 - pixel_automator - INFO - Análisis completado: 📊 Resumen de Análisis de Matriz:
  • Matriz: 20 x 15 bloques
  • Total: 300 bloques
  • Tamaño de bloque: 33x33 px
  • 🟦 Normales: 241
  • 🟨 Con marco: 59
  • 🟥 Anidados: 0
  • 🎯 Posiciones para clic: 0
  • ⏱️ Tiempo: 0.087s
2026-08-20 05:30:36 - pixel_automator - INFO - ✅ Análisis completado:
2026-08-20 05:30:36 - pixel_automator - INFO - 📊 Resumen de Análisis de Matriz:
2026-08-20 05:30:36 - pixel_automator - INFO - • Matriz: 20 x 15 bloques
2026-08-20 05:30:36 - pixel_automator - INFO - • Total: 300 bloques
2026-08-20 05:30:36 - pixel_automator - INFO - • Tamaño de bloque: 33x33 px
2026-08-20 05:30:36 - pixel_automator - INFO - • 🟦 Normales: 241
2026-08-20 05:30:36 - pixel_automator - INFO - • 🟨 Con marco: 59
2026-08-20 05:30:36 - pixel_automator - INFO - • 🟥 Anidados: 0
2026-08-20 05:30:36 - pixel_automator - INFO - • 🎯 Posiciones para clic: 0
2026-08-20 05:30:36 - pixel_automator - INFO - • ⏱️ Tiempo: 0.087s
2026-08-20 05:30:36 - pixel_automator - WARNING - ⚠️ No se encontraron bloques anidados
2026-08-20 05:30:43 - pixel_automator - INFO - 🎯 Seleccionando área de la matriz...
2026-08-20 05:30:43 - pixel_automator - INFO - Iniciando selector de área interactivo
2026-08-20 05:30:43 - pixel_automator - DEBUG - AreaSelector inicializado
2026-08-20 05:30:54 - pixel_automator - INFO - Área seleccionada: {'left': 1216, 'top': 497, 'width': 331, 'height': 466}
2026-08-20 05:30:54 - pixel_automator - INFO - ✅ Área seleccionada: 331x466 px
2026-08-20 05:30:54 - pixel_automator - INFO - 📊 Matriz estimada: 14 filas x 10 columnas
2026-08-20 05:30:56 - pixel_automator - INFO - 🔍 Iniciando análisis de matriz...
2026-08-20 05:30:56 - pixel_automator - DEBUG - Capturando área: {'left': 1216, 'top': 497, 'width': 331, 'height': 466}
2026-08-20 05:30:56 - pixel_automator - INFO - Área capturada: (466, 331, 3)
2026-08-20 05:30:56 - pixel_automator - INFO - Iniciando análisis de matriz con block_size=33
2026-08-20 05:30:56 - pixel_automator - INFO - Dimensiones de la imagen: 331x466
2026-08-20 05:30:56 - pixel_automator - INFO - Matriz: 14 filas x 10 columnas
2026-08-20 05:30:56 - pixel_automator - INFO - Análisis completado: 📊 Resumen de Análisis de Matriz:
  • Matriz: 14 x 10 bloques
  • Total: 140 bloques
  • Tamaño de bloque: 33x33 px
  • 🟦 Normales: 98
  • 🟨 Con marco: 41
  • 🟥 Anidados: 1
  • 🎯 Posiciones para clic: 1
  • ⏱️ Tiempo: 0.042s
2026-08-20 05:30:56 - pixel_automator - INFO - ✅ Análisis completado:
2026-08-20 05:30:56 - pixel_automator - INFO - 📊 Resumen de Análisis de Matriz:
2026-08-20 05:30:56 - pixel_automator - INFO - • Matriz: 14 x 10 bloques
2026-08-20 05:30:56 - pixel_automator - INFO - • Total: 140 bloques
2026-08-20 05:30:56 - pixel_automator - INFO - • Tamaño de bloque: 33x33 px
2026-08-20 05:30:56 - pixel_automator - INFO - • 🟦 Normales: 98
2026-08-20 05:30:56 - pixel_automator - INFO - • 🟨 Con marco: 41
2026-08-20 05:30:56 - pixel_automator - INFO - • 🟥 Anidados: 1
2026-08-20 05:30:56 - pixel_automator - INFO - • 🎯 Posiciones para clic: 1
2026-08-20 05:30:56 - pixel_automator - INFO - • ⏱️ Tiempo: 0.042s
2026-08-20 05:30:56 - pixel_automator - INFO - 🎯 1 bloques anidados encontrados
2026-08-20 05:31:01 - pixel_automator - INFO - 🖱️ Ejecutando 1 clics...
2026-08-20 05:31:01 - pixel_automator - INFO - ClickExecutor inicializado
2026-08-20 05:31:01 - pixel_automator - INFO - Iniciando ejecución de 1 clics
2026-08-20 05:31:01 - pixel_automator - DEBUG - Progreso: 1/1 clics
2026-08-20 05:31:01 - pixel_automator - INFO - Ejecución completada: 1 clics
2026-08-20 05:31:01 - pixel_automator - INFO - ✅ Todos los clics ejecutados correctamente
2026-08-20 05:32:34 - pixel_automator - INFO - Aplicación cerrada
2026-08-20 05:32:42 - pixel_automator - INFO - === INICIANDO PIXEL AUTOMATOR ===
2026-08-20 05:32:42 - pixel_automator - INFO - QApplication creada
2026-08-20 05:32:42 - pixel_automator - INFO - ScreenCapture inicializado
2026-08-20 05:32:42 - pixel_automator - INFO - BlockMeasurer inicializado
2026-08-20 05:32:42 - pixel_automator - INFO - BlockAnalyzer inicializado
2026-08-20 05:32:42 - pixel_automator - INFO - MainWindow inicializada
2026-08-20 05:32:42 - pixel_automator - INFO - Ventana principal creada
2026-08-20 05:32:42 - pixel_automator - INFO - Ventana mostrada
2026-08-20 05:33:18 - pixel_automator - INFO - 📏 Midiendo tamaño de pixel...
2026-08-20 05:33:18 - pixel_automator - INFO - Iniciando selector de área interactivo
2026-08-20 05:33:18 - pixel_automator - DEBUG - AreaSelector inicializado
2026-08-20 05:33:33 - pixel_automator - INFO - Área seleccionada: {'left': 1433, 'top': 678, 'width': 34, 'height': 34}
2026-08-20 05:33:33 - pixel_automator - DEBUG - Capturando área: {'left': 1433, 'top': 678, 'width': 34, 'height': 34}
2026-08-20 05:33:33 - pixel_automator - INFO - Área capturada: (34, 34, 3)
2026-08-20 05:33:33 - pixel_automator - INFO - Midiendo tamaño de bloque
2026-08-20 05:33:33 - pixel_automator - INFO - Dimensiones de la imagen: 34x34
2026-08-20 05:33:33 - pixel_automator - INFO - Usando tamaño directo de la imagen: 34x34 px
2026-08-20 05:33:33 - pixel_automator - INFO - ✅ Pixel medido: 34x34 px
2026-08-20 05:33:35 - pixel_automator - INFO - 📏 Midiendo grosor del marco...
2026-08-20 05:33:35 - pixel_automator - INFO - Iniciando selector de área interactivo
2026-08-20 05:33:35 - pixel_automator - DEBUG - AreaSelector inicializado
2026-08-20 05:33:41 - pixel_automator - INFO - Área seleccionada: {'left': 1431, 'top': 748, 'width': 38, 'height': 38}
2026-08-20 05:33:42 - pixel_automator - DEBUG - Capturando área: {'left': 1431, 'top': 748, 'width': 38, 'height': 38}
2026-08-20 05:33:42 - pixel_automator - INFO - Área capturada: (38, 38, 3)
2026-08-20 05:33:42 - pixel_automator - INFO - Midiendo grosor de marco
2026-08-20 05:33:42 - pixel_automator - INFO - Marco detectado con grosor: 1 px
2026-08-20 05:33:42 - pixel_automator - INFO - ✅ Marco medido: 1 px
2026-08-20 05:33:48 - pixel_automator - INFO - 🎯 Seleccionando área de la matriz...
2026-08-20 05:33:48 - pixel_automator - INFO - Iniciando selector de área interactivo
2026-08-20 05:33:48 - pixel_automator - DEBUG - AreaSelector inicializado
2026-08-20 05:33:55 - pixel_automator - INFO - Área seleccionada: {'left': 1212, 'top': 392, 'width': 371, 'height': 578}
2026-08-20 05:33:55 - pixel_automator - INFO - ✅ Área seleccionada: 371x578 px
2026-08-20 05:33:55 - pixel_automator - INFO - 📊 Matriz estimada: 17 filas x 10 columnas
2026-08-20 05:33:56 - pixel_automator - INFO - 🔍 Iniciando análisis de matriz...
2026-08-20 05:33:56 - pixel_automator - DEBUG - Capturando área: {'left': 1212, 'top': 392, 'width': 371, 'height': 578}
2026-08-20 05:33:56 - pixel_automator - INFO - Área capturada: (578, 371, 3)
2026-08-20 05:33:56 - pixel_automator - INFO - Iniciando análisis de matriz con block_size=34
2026-08-20 05:33:56 - pixel_automator - INFO - Dimensiones de la imagen: 371x578
2026-08-20 05:33:56 - pixel_automator - INFO - Matriz: 17 filas x 10 columnas
2026-08-20 05:33:56 - pixel_automator - INFO - Análisis completado: 📊 Resumen de Análisis de Matriz:
  • Matriz: 17 x 10 bloques
  • Total: 170 bloques
  • Tamaño de bloque: 34x34 px
  • 🟦 Normales: 138
  • 🟨 Con marco: 32
  • 🟥 Anidados: 0
  • 🎯 Posiciones para clic: 0
  • ⏱️ Tiempo: 0.054s
2026-08-20 05:33:56 - pixel_automator - INFO - ✅ Análisis completado:
2026-08-20 05:33:56 - pixel_automator - INFO - 📊 Resumen de Análisis de Matriz:
2026-08-20 05:33:56 - pixel_automator - INFO - • Matriz: 17 x 10 bloques
2026-08-20 05:33:56 - pixel_automator - INFO - • Total: 170 bloques
2026-08-20 05:33:56 - pixel_automator - INFO - • Tamaño de bloque: 34x34 px
2026-08-20 05:33:56 - pixel_automator - INFO - • 🟦 Normales: 138
2026-08-20 05:33:56 - pixel_automator - INFO - • 🟨 Con marco: 32
2026-08-20 05:33:56 - pixel_automator - INFO - • 🟥 Anidados: 0
2026-08-20 05:33:56 - pixel_automator - INFO - • 🎯 Posiciones para clic: 0
2026-08-20 05:33:56 - pixel_automator - INFO - • ⏱️ Tiempo: 0.054s
2026-08-20 05:33:56 - pixel_automator - WARNING - ⚠️ No se encontraron bloques anidados
2026-08-20 05:36:31 - pixel_automator - INFO - Aplicación cerrada
2026-08-20 05:36:35 - pixel_automator - INFO - === INICIANDO PIXEL AUTOMATOR ===
2026-08-20 05:36:35 - pixel_automator - INFO - QApplication creada
2026-08-20 05:36:35 - pixel_automator - INFO - ScreenCapture inicializado
2026-08-20 05:36:35 - pixel_automator - INFO - BlockMeasurer inicializado
2026-08-20 05:36:35 - pixel_automator - INFO - BlockAnalyzer inicializado
2026-08-20 05:36:35 - pixel_automator - INFO - MainWindow inicializada
2026-08-20 05:36:35 - pixel_automator - INFO - Ventana principal creada
2026-08-20 05:36:36 - pixel_automator - INFO - Ventana mostrada
2026-08-20 05:36:39 - pixel_automator - INFO - 📏 Midiendo tamaño de pixel...
2026-08-20 05:36:39 - pixel_automator - INFO - Iniciando selector de área interactivo
2026-08-20 05:36:39 - pixel_automator - DEBUG - AreaSelector inicializado
2026-08-20 05:36:43 - pixel_automator - INFO - Área seleccionada: {'left': 1434, 'top': 679, 'width': 33, 'height': 37}
2026-08-20 05:36:43 - pixel_automator - DEBUG - Capturando área: {'left': 1434, 'top': 679, 'width': 33, 'height': 37}
2026-08-20 05:36:43 - pixel_automator - INFO - Área capturada: (37, 33, 3)
2026-08-20 05:36:43 - pixel_automator - INFO - Midiendo tamaño de bloque
2026-08-20 05:36:43 - pixel_automator - INFO - Dimensiones de la imagen: 33x37
2026-08-20 05:36:43 - pixel_automator - INFO - Usando tamaño directo de la imagen: 35x35 px
2026-08-20 05:36:43 - pixel_automator - INFO - ✅ Pixel medido: 35x35 px
2026-08-20 05:36:44 - pixel_automator - INFO - 📏 Midiendo grosor del marco...
2026-08-20 05:36:44 - pixel_automator - INFO - Iniciando selector de área interactivo
2026-08-20 05:36:44 - pixel_automator - DEBUG - AreaSelector inicializado
2026-08-20 05:36:52 - pixel_automator - INFO - Área seleccionada: {'left': 1430, 'top': 749, 'width': 38, 'height': 38}
2026-08-20 05:36:52 - pixel_automator - DEBUG - Capturando área: {'left': 1430, 'top': 749, 'width': 38, 'height': 38}
2026-08-20 05:36:52 - pixel_automator - INFO - Área capturada: (38, 38, 3)
2026-08-20 05:36:52 - pixel_automator - INFO - Midiendo grosor de marco
2026-08-20 05:36:52 - pixel_automator - INFO - Marco detectado con grosor: 1 px
2026-08-20 05:36:52 - pixel_automator - INFO - ✅ Marco medido: 1 px
2026-08-20 05:36:54 - pixel_automator - INFO - 🎯 Seleccionando área de la matriz...
2026-08-20 05:36:54 - pixel_automator - INFO - Iniciando selector de área interactivo
2026-08-20 05:36:54 - pixel_automator - DEBUG - AreaSelector inicializado
2026-08-20 05:37:03 - pixel_automator - INFO - Área seleccionada: {'left': 1218, 'top': 462, 'width': 397, 'height': 497}
2026-08-20 05:37:03 - pixel_automator - INFO - ✅ Área seleccionada: 397x497 px
2026-08-20 05:37:03 - pixel_automator - INFO - 📊 Matriz estimada: 14 filas x 11 columnas
2026-08-20 05:37:05 - pixel_automator - INFO - 🔍 Iniciando análisis de matriz...
2026-08-20 05:37:05 - pixel_automator - DEBUG - Capturando área: {'left': 1218, 'top': 462, 'width': 397, 'height': 497}
2026-08-20 05:37:05 - pixel_automator - INFO - Área capturada: (497, 397, 3)
2026-08-20 05:37:05 - pixel_automator - INFO - Iniciando análisis de matriz con block_size=35
2026-08-20 05:37:05 - pixel_automator - INFO - Dimensiones de la imagen: 397x497
2026-08-20 05:37:05 - pixel_automator - INFO - Matriz: 14 filas x 11 columnas
2026-08-20 05:37:05 - pixel_automator - INFO - Análisis completado: 📊 Resumen de Análisis de Matriz:
  • Matriz: 14 x 11 bloques
  • Total: 154 bloques
  • Tamaño de bloque: 35x35 px
  • 🟦 Normales: 90
  • 🟨 Con marco: 64
  • 🟥 Anidados: 0
  • 🎯 Posiciones para clic: 0
  • ⏱️ Tiempo: 0.050s
2026-08-20 05:37:05 - pixel_automator - INFO - ✅ Análisis completado:
2026-08-20 05:37:05 - pixel_automator - INFO - 📊 Resumen de Análisis de Matriz:
2026-08-20 05:37:05 - pixel_automator - INFO - • Matriz: 14 x 11 bloques
2026-08-20 05:37:05 - pixel_automator - INFO - • Total: 154 bloques
2026-08-20 05:37:05 - pixel_automator - INFO - • Tamaño de bloque: 35x35 px
2026-08-20 05:37:05 - pixel_automator - INFO - • 🟦 Normales: 90
2026-08-20 05:37:05 - pixel_automator - INFO - • 🟨 Con marco: 64
2026-08-20 05:37:05 - pixel_automator - INFO - • 🟥 Anidados: 0
2026-08-20 05:37:05 - pixel_automator - INFO - • 🎯 Posiciones para clic: 0
2026-08-20 05:37:05 - pixel_automator - INFO - • ⏱️ Tiempo: 0.050s
2026-08-20 05:37:05 - pixel_automator - WARNING - ⚠️ No se encontraron bloques anidados
2026-08-20 05:41:15 - pixel_automator - INFO - Aplicación cerrada
2026-08-20 05:41:18 - pixel_automator - INFO - === INICIANDO PIXEL AUTOMATOR ===
2026-08-20 05:41:18 - pixel_automator - INFO - QApplication creada
2026-08-20 05:41:18 - pixel_automator - INFO - ScreenCapture inicializado
2026-08-20 05:41:18 - pixel_automator - INFO - BlockMeasurer inicializado
2026-08-20 05:41:18 - pixel_automator - INFO - BlockAnalyzer inicializado
2026-08-20 05:41:18 - pixel_automator - INFO - MainWindow inicializada
2026-08-20 05:41:18 - pixel_automator - INFO - Ventana principal creada
2026-08-20 05:41:18 - pixel_automator - INFO - Ventana mostrada
2026-08-20 05:41:23 - pixel_automator - INFO - 📏 Midiendo tamaño de pixel...
2026-08-20 05:41:23 - pixel_automator - INFO - Iniciando selector de área interactivo
2026-08-20 05:41:23 - pixel_automator - DEBUG - AreaSelector inicializado
2026-08-20 05:41:27 - pixel_automator - INFO - Área seleccionada: {'left': 1432, 'top': 679, 'width': 35, 'height': 35}
2026-08-20 05:41:28 - pixel_automator - DEBUG - Capturando área: {'left': 1432, 'top': 679, 'width': 35, 'height': 35}
2026-08-20 05:41:28 - pixel_automator - INFO - Área capturada: (35, 35, 3)
2026-08-20 05:41:28 - pixel_automator - INFO - Midiendo tamaño de bloque
2026-08-20 05:41:28 - pixel_automator - INFO - Dimensiones de la imagen: 35x35
2026-08-20 05:41:28 - pixel_automator - INFO - Usando tamaño directo de la imagen: 35x35 px
2026-08-20 05:41:28 - pixel_automator - INFO - ✅ Pixel medido: 35x35 px
2026-08-20 05:41:29 - pixel_automator - INFO - 📏 Midiendo grosor del marco...
2026-08-20 05:41:29 - pixel_automator - INFO - Iniciando selector de área interactivo
2026-08-20 05:41:29 - pixel_automator - DEBUG - AreaSelector inicializado
2026-08-20 05:41:34 - pixel_automator - INFO - Área seleccionada: {'left': 1430, 'top': 748, 'width': 39, 'height': 39}
2026-08-20 05:41:34 - pixel_automator - DEBUG - Capturando área: {'left': 1430, 'top': 748, 'width': 39, 'height': 39}
2026-08-20 05:41:34 - pixel_automator - INFO - Área capturada: (39, 39, 3)
2026-08-20 05:41:34 - pixel_automator - INFO - Midiendo grosor de marco
2026-08-20 05:41:34 - pixel_automator - INFO - Marco detectado con grosor: 1 px
2026-08-20 05:41:34 - pixel_automator - INFO - ✅ Marco medido: 1 px
2026-08-20 05:41:36 - pixel_automator - INFO - 🎯 Seleccionando área de la matriz...
2026-08-20 05:41:36 - pixel_automator - INFO - Iniciando selector de área interactivo
2026-08-20 05:41:36 - pixel_automator - DEBUG - AreaSelector inicializado
2026-08-20 05:41:39 - pixel_automator - INFO - Área seleccionada: {'left': 1205, 'top': 429, 'width': 389, 'height': 540}
2026-08-20 05:41:39 - pixel_automator - INFO - ✅ Área seleccionada: 389x540 px
2026-08-20 05:41:39 - pixel_automator - INFO - 📊 Matriz estimada: 15 filas x 11 columnas
2026-08-20 05:41:41 - pixel_automator - INFO - 🔍 Iniciando análisis de matriz...
2026-08-20 05:41:41 - pixel_automator - DEBUG - Capturando área: {'left': 1205, 'top': 429, 'width': 389, 'height': 540}
2026-08-20 05:41:41 - pixel_automator - INFO - Área capturada: (540, 389, 3)
2026-08-20 05:41:41 - pixel_automator - INFO - Iniciando análisis de matriz con block_size=35
2026-08-20 05:41:41 - pixel_automator - INFO - Dimensiones de la imagen: 389x540
2026-08-20 05:41:41 - pixel_automator - INFO - Matriz: 15 filas x 11 columnas
2026-08-20 05:41:41 - pixel_automator - INFO - Análisis completado: 📊 Resumen de Análisis de Matriz:
  • Matriz: 15 x 11 bloques
  • Total: 165 bloques
  • Tamaño de bloque: 35x35 px
  • 🟦 Normales: 120
  • 🟨 Con marco: 29
  • 🟥 Anidados: 16
  • 🎯 Posiciones para clic: 16
  • ⏱️ Tiempo: 0.051s
2026-08-20 05:41:41 - pixel_automator - INFO - ✅ Análisis completado:
2026-08-20 05:41:41 - pixel_automator - INFO - 📊 Resumen de Análisis de Matriz:
2026-08-20 05:41:41 - pixel_automator - INFO - • Matriz: 15 x 11 bloques
2026-08-20 05:41:41 - pixel_automator - INFO - • Total: 165 bloques
2026-08-20 05:41:41 - pixel_automator - INFO - • Tamaño de bloque: 35x35 px
2026-08-20 05:41:41 - pixel_automator - INFO - • 🟦 Normales: 120
2026-08-20 05:41:41 - pixel_automator - INFO - • 🟨 Con marco: 29
2026-08-20 05:41:41 - pixel_automator - INFO - • 🟥 Anidados: 16
2026-08-20 05:41:41 - pixel_automator - INFO - • 🎯 Posiciones para clic: 16
2026-08-20 05:41:41 - pixel_automator - INFO - • ⏱️ Tiempo: 0.051s
2026-08-20 05:41:41 - pixel_automator - INFO - 🎯 16 bloques anidados encontrados
2026-08-20 05:41:44 - pixel_automator - INFO - 🖱️ Ejecutando 16 clics...
2026-08-20 05:41:44 - pixel_automator - INFO - ClickExecutor inicializado
2026-08-20 05:41:44 - pixel_automator - INFO - Iniciando ejecución de 16 clics
2026-08-20 05:41:44 - pixel_automator - DEBUG - Progreso: 1/16 clics
2026-08-20 05:41:44 - pixel_automator - INFO - Ejecución completada: 16 clics
2026-08-20 05:41:44 - pixel_automator - INFO - ✅ Todos los clics ejecutados correctamente
2026-08-20 05:42:27 - pixel_automator - INFO - 📏 Midiendo tamaño de pixel...
2026-08-20 05:42:27 - pixel_automator - INFO - Iniciando selector de área interactivo
2026-08-20 05:42:27 - pixel_automator - DEBUG - AreaSelector inicializado
2026-08-20 05:42:31 - pixel_automator - INFO - Área seleccionada: {'left': 1483, 'top': 678, 'width': 15, 'height': 14}
2026-08-20 05:42:31 - pixel_automator - DEBUG - Capturando área: {'left': 1483, 'top': 678, 'width': 15, 'height': 14}
2026-08-20 05:42:31 - pixel_automator - INFO - Área capturada: (14, 15, 3)
2026-08-20 05:42:31 - pixel_automator - INFO - Midiendo tamaño de bloque
2026-08-20 05:42:31 - pixel_automator - INFO - Dimensiones de la imagen: 15x14
2026-08-20 05:42:31 - pixel_automator - INFO - Usando tamaño directo de la imagen: 14x14 px
2026-08-20 05:42:31 - pixel_automator - INFO - ✅ Pixel medido: 14x14 px
2026-08-20 05:42:33 - pixel_automator - INFO - 📏 Midiendo grosor del marco...
2026-08-20 05:42:33 - pixel_automator - INFO - Iniciando selector de área interactivo
2026-08-20 05:42:33 - pixel_automator - DEBUG - AreaSelector inicializado
2026-08-20 05:42:37 - pixel_automator - INFO - Área seleccionada: {'left': 1426, 'top': 658, 'width': 22, 'height': 19}
2026-08-20 05:42:37 - pixel_automator - DEBUG - Capturando área: {'left': 1426, 'top': 658, 'width': 22, 'height': 19}
2026-08-20 05:42:37 - pixel_automator - INFO - Área capturada: (19, 22, 3)
2026-08-20 05:42:37 - pixel_automator - INFO - Midiendo grosor de marco
2026-08-20 05:42:37 - pixel_automator - INFO - Marco detectado con grosor: 2 px
2026-08-20 05:42:37 - pixel_automator - INFO - ✅ Marco medido: 2 px
2026-08-20 05:42:39 - pixel_automator - INFO - 🎯 Seleccionando área de la matriz...
2026-08-20 05:42:39 - pixel_automator - INFO - Iniciando selector de área interactivo
2026-08-20 05:42:39 - pixel_automator - DEBUG - AreaSelector inicializado
2026-08-20 05:42:43 - pixel_automator - INFO - Área seleccionada: {'left': 1055, 'top': 276, 'width': 835, 'height': 668}
2026-08-20 05:42:43 - pixel_automator - INFO - ✅ Área seleccionada: 835x668 px
2026-08-20 05:42:43 - pixel_automator - INFO - 📊 Matriz estimada: 47 filas x 59 columnas
2026-08-20 05:42:46 - pixel_automator - INFO - 🔍 Iniciando análisis de matriz...
2026-08-20 05:42:46 - pixel_automator - DEBUG - Capturando área: {'left': 1055, 'top': 276, 'width': 835, 'height': 668}
2026-08-20 05:42:46 - pixel_automator - INFO - Área capturada: (668, 835, 3)
2026-08-20 05:42:46 - pixel_automator - INFO - Iniciando análisis de matriz con block_size=14
2026-08-20 05:42:46 - pixel_automator - INFO - Dimensiones de la imagen: 835x668
2026-08-20 05:42:46 - pixel_automator - INFO - Matriz: 47 filas x 59 columnas
2026-08-20 05:42:46 - pixel_automator - INFO - Análisis completado: 📊 Resumen de Análisis de Matriz:
  • Matriz: 47 x 59 bloques
  • Total: 2773 bloques
  • Tamaño de bloque: 14x14 px
  • 🟦 Normales: 1968
  • 🟨 Con marco: 562
  • 🟥 Anidados: 243
  • 🎯 Posiciones para clic: 243
  • ⏱️ Tiempo: 0.192s
2026-08-20 05:42:46 - pixel_automator - INFO - ✅ Análisis completado:
2026-08-20 05:42:46 - pixel_automator - INFO - 📊 Resumen de Análisis de Matriz:
2026-08-20 05:42:46 - pixel_automator - INFO - • Matriz: 47 x 59 bloques
2026-08-20 05:42:46 - pixel_automator - INFO - • Total: 2773 bloques
2026-08-20 05:42:46 - pixel_automator - INFO - • Tamaño de bloque: 14x14 px
2026-08-20 05:42:46 - pixel_automator - INFO - • 🟦 Normales: 1968
2026-08-20 05:42:46 - pixel_automator - INFO - • 🟨 Con marco: 562
2026-08-20 05:42:46 - pixel_automator - INFO - • 🟥 Anidados: 243
2026-08-20 05:42:46 - pixel_automator - INFO - • 🎯 Posiciones para clic: 243
2026-08-20 05:42:46 - pixel_automator - INFO - • ⏱️ Tiempo: 0.192s
2026-08-20 05:42:46 - pixel_automator - INFO - 🎯 243 bloques anidados encontrados
2026-08-20 05:42:51 - pixel_automator - INFO - 🖱️ Ejecutando 243 clics...
2026-08-20 05:42:51 - pixel_automator - INFO - ClickExecutor inicializado
2026-08-20 05:42:51 - pixel_automator - INFO - Iniciando ejecución de 243 clics
2026-08-20 05:42:51 - pixel_automator - DEBUG - Progreso: 1/243 clics
2026-08-20 05:42:51 - pixel_automator - DEBUG - Progreso: 101/243 clics
2026-08-20 05:42:52 - pixel_automator - DEBUG - Progreso: 201/243 clics
2026-08-20 05:42:52 - pixel_automator - INFO - Ejecución completada: 243 clics
2026-08-20 05:42:52 - pixel_automator - INFO - ✅ Todos los clics ejecutados correctamente
2026-08-20 05:45:23 - pixel_automator - INFO - Aplicación cerrada
2026-08-20 05:45:26 - pixel_automator - INFO - === INICIANDO PIXEL AUTOMATOR ===
2026-08-20 05:45:26 - pixel_automator - INFO - QApplication creada
2026-08-20 05:45:26 - pixel_automator - INFO - ScreenCapture inicializado
2026-08-20 05:45:26 - pixel_automator - INFO - BlockMeasurer inicializado
2026-08-20 05:45:26 - pixel_automator - INFO - BlockAnalyzer inicializado
2026-08-20 05:45:26 - pixel_automator - INFO - MainWindow inicializada
2026-08-20 05:45:26 - pixel_automator - INFO - Ventana principal creada
2026-08-20 05:45:26 - pixel_automator - INFO - Ventana mostrada
2026-08-20 05:45:46 - pixel_automator - INFO - 📏 Midiendo tamaño de pixel...
2026-08-20 05:45:46 - pixel_automator - INFO - Iniciando selector de área interactivo
2026-08-20 05:45:46 - pixel_automator - DEBUG - AreaSelector inicializado
2026-08-20 05:45:50 - pixel_automator - INFO - Área seleccionada: {'left': 1142, 'top': 868, 'width': 27, 'height': 27}
2026-08-20 05:45:50 - pixel_automator - DEBUG - Capturando área: {'left': 1142, 'top': 868, 'width': 27, 'height': 27}
2026-08-20 05:45:50 - pixel_automator - INFO - Área capturada: (27, 27, 3)
2026-08-20 05:45:50 - pixel_automator - INFO - Midiendo tamaño de bloque
2026-08-20 05:45:50 - pixel_automator - INFO - Dimensiones de la imagen: 27x27
2026-08-20 05:45:50 - pixel_automator - INFO - Usando tamaño directo de la imagen: 27x27 px
2026-08-20 05:45:50 - pixel_automator - INFO - ✅ Pixel medido: 27x27 px
2026-08-20 05:45:52 - pixel_automator - INFO - 📏 Midiendo grosor del marco...
2026-08-20 05:45:52 - pixel_automator - INFO - Iniciando selector de área interactivo
2026-08-20 05:45:52 - pixel_automator - DEBUG - AreaSelector inicializado
2026-08-20 05:45:53 - pixel_automator - INFO - Selección cancelada
2026-08-20 05:45:54 - pixel_automator - INFO - Medición de marco cancelada
2026-08-20 05:45:55 - pixel_automator - INFO - 📏 Midiendo grosor del marco...
2026-08-20 05:45:55 - pixel_automator - INFO - Iniciando selector de área interactivo
2026-08-20 05:45:55 - pixel_automator - DEBUG - AreaSelector inicializado
2026-08-20 05:45:59 - pixel_automator - INFO - Área seleccionada: {'left': 1496, 'top': 661, 'width': 27, 'height': 29}
2026-08-20 05:45:59 - pixel_automator - DEBUG - Capturando área: {'left': 1496, 'top': 661, 'width': 27, 'height': 29}
2026-08-20 05:45:59 - pixel_automator - INFO - Área capturada: (29, 27, 3)
2026-08-20 05:45:59 - pixel_automator - INFO - Midiendo grosor de marco
2026-08-20 05:45:59 - pixel_automator - INFO - Marco detectado con grosor: 1 px
2026-08-20 05:45:59 - pixel_automator - INFO - ✅ Marco medido: 1 px
2026-08-20 05:46:01 - pixel_automator - INFO - 📏 Midiendo grosor del marco...
2026-08-20 05:46:01 - pixel_automator - INFO - Iniciando selector de área interactivo
2026-08-20 05:46:01 - pixel_automator - DEBUG - AreaSelector inicializado
2026-08-20 05:46:06 - pixel_automator - INFO - Área seleccionada: {'left': 1493, 'top': 660, 'width': 35, 'height': 33}
2026-08-20 05:46:06 - pixel_automator - DEBUG - Capturando área: {'left': 1493, 'top': 660, 'width': 35, 'height': 33}
2026-08-20 05:46:06 - pixel_automator - INFO - Área capturada: (33, 35, 3)
2026-08-20 05:46:06 - pixel_automator - INFO - Midiendo grosor de marco
2026-08-20 05:46:06 - pixel_automator - INFO - Marco detectado con grosor: 1 px
2026-08-20 05:46:06 - pixel_automator - INFO - ✅ Marco medido: 1 px
2026-08-20 05:46:12 - pixel_automator - INFO - 🎯 Seleccionando área de la matriz...
2026-08-20 05:46:12 - pixel_automator - INFO - Iniciando selector de área interactivo
2026-08-20 05:46:12 - pixel_automator - DEBUG - AreaSelector inicializado
2026-08-20 05:46:16 - pixel_automator - INFO - Área seleccionada: {'left': 1004, 'top': 233, 'width': 1055, 'height': 901}
2026-08-20 05:46:16 - pixel_automator - INFO - ✅ Área seleccionada: 1055x901 px
2026-08-20 05:46:16 - pixel_automator - INFO - 📊 Matriz estimada: 33 filas x 39 columnas
2026-08-20 05:46:17 - pixel_automator - INFO - 🔍 Iniciando análisis de matriz...
2026-08-20 05:46:17 - pixel_automator - DEBUG - Capturando área: {'left': 1004, 'top': 233, 'width': 1055, 'height': 901}
2026-08-20 05:46:17 - pixel_automator - INFO - Área capturada: (901, 1055, 3)
2026-08-20 05:46:17 - pixel_automator - INFO - Iniciando análisis de matriz con block_size=27
2026-08-20 05:46:17 - pixel_automator - INFO - Dimensiones de la imagen: 1055x901
2026-08-20 05:46:17 - pixel_automator - INFO - Matriz: 33 filas x 39 columnas
2026-08-20 05:46:18 - pixel_automator - INFO - Análisis completado: 📊 Resumen de Análisis de Matriz:
  • Matriz: 33 x 39 bloques
  • Total: 1287 bloques
  • Tamaño de bloque: 27x27 px
  • 🟦 Normales: 1033
  • 🟨 Con marco: 128
  • 🟥 Anidados: 126
  • 🎯 Posiciones para clic: 126
  • ⏱️ Tiempo: 0.334s
2026-08-20 05:46:18 - pixel_automator - INFO - ✅ Análisis completado:
2026-08-20 05:46:18 - pixel_automator - INFO - 📊 Resumen de Análisis de Matriz:
2026-08-20 05:46:18 - pixel_automator - INFO - • Matriz: 33 x 39 bloques
2026-08-20 05:46:18 - pixel_automator - INFO - • Total: 1287 bloques
2026-08-20 05:46:18 - pixel_automator - INFO - • Tamaño de bloque: 27x27 px
2026-08-20 05:46:18 - pixel_automator - INFO - • 🟦 Normales: 1033
2026-08-20 05:46:18 - pixel_automator - INFO - • 🟨 Con marco: 128
2026-08-20 05:46:18 - pixel_automator - INFO - • 🟥 Anidados: 126
2026-08-20 05:46:18 - pixel_automator - INFO - • 🎯 Posiciones para clic: 126
2026-08-20 05:46:18 - pixel_automator - INFO - • ⏱️ Tiempo: 0.334s
2026-08-20 05:46:18 - pixel_automator - INFO - 🎯 126 bloques anidados encontrados
2026-08-20 05:46:21 - pixel_automator - INFO - 🖱️ Ejecutando 126 clics...
2026-08-20 05:46:21 - pixel_automator - INFO - ClickExecutor inicializado
2026-08-20 05:46:21 - pixel_automator - INFO - Iniciando ejecución de 126 clics
2026-08-20 05:46:21 - pixel_automator - DEBUG - Progreso: 1/126 clics
2026-08-20 05:46:21 - pixel_automator - DEBUG - Progreso: 101/126 clics
2026-08-20 05:46:21 - pixel_automator - INFO - Ejecución completada: 126 clics
2026-08-20 05:46:21 - pixel_automator - INFO - ✅ Todos los clics ejecutados correctamente
2026-08-20 05:46:52 - pixel_automator - INFO - Aplicación cerrada
2026-08-20 05:47:22 - pixel_automator - INFO - === INICIANDO PIXEL AUTOMATOR ===
2026-08-20 05:47:22 - pixel_automator - INFO - QApplication creada
2026-08-20 05:47:22 - pixel_automator - INFO - ScreenCapture inicializado
2026-08-20 05:47:22 - pixel_automator - INFO - BlockMeasurer inicializado
2026-08-20 05:47:22 - pixel_automator - INFO - BlockAnalyzer inicializado
2026-08-20 05:47:22 - pixel_automator - INFO - MainWindow inicializada
2026-08-20 05:47:22 - pixel_automator - INFO - Ventana principal creada
2026-08-20 05:47:23 - pixel_automator - INFO - Ventana mostrada
2026-08-20 05:47:26 - pixel_automator - INFO - 📏 Midiendo tamaño de pixel...
2026-08-20 05:47:26 - pixel_automator - INFO - Iniciando selector de área interactivo
2026-08-20 05:47:26 - pixel_automator - DEBUG - AreaSelector inicializado
2026-08-20 05:47:29 - pixel_automator - INFO - Área seleccionada: {'left': 1435, 'top': 638, 'width': 29, 'height': 29}
2026-08-20 05:47:29 - pixel_automator - DEBUG - Capturando área: {'left': 1435, 'top': 638, 'width': 29, 'height': 29}
2026-08-20 05:47:29 - pixel_automator - INFO - Área capturada: (29, 29, 3)
2026-08-20 05:47:29 - pixel_automator - INFO - Midiendo tamaño de bloque
2026-08-20 05:47:29 - pixel_automator - INFO - Dimensiones de la imagen: 29x29
2026-08-20 05:47:29 - pixel_automator - INFO - Usando tamaño directo de la imagen: 29x29 px
2026-08-20 05:47:29 - pixel_automator - INFO - ✅ Pixel medido: 29x29 px
2026-08-20 05:47:31 - pixel_automator - INFO - 📏 Midiendo grosor del marco...
2026-08-20 05:47:31 - pixel_automator - INFO - Iniciando selector de área interactivo
2026-08-20 05:47:31 - pixel_automator - DEBUG - AreaSelector inicializado
2026-08-20 05:47:31 - pixel_automator - INFO - Selección cancelada
2026-08-20 05:47:31 - pixel_automator - INFO - Medición de marco cancelada
2026-08-20 05:47:33 - pixel_automator - INFO - 📏 Midiendo grosor del marco...
2026-08-20 05:47:33 - pixel_automator - INFO - Iniciando selector de área interactivo
2026-08-20 05:47:33 - pixel_automator - DEBUG - AreaSelector inicializado
2026-08-20 05:47:37 - pixel_automator - INFO - Área seleccionada: {'left': 1436, 'top': 682, 'width': 28, 'height': 29}
2026-08-20 05:47:37 - pixel_automator - DEBUG - Capturando área: {'left': 1436, 'top': 682, 'width': 28, 'height': 29}
2026-08-20 05:47:37 - pixel_automator - INFO - Área capturada: (29, 28, 3)
2026-08-20 05:47:37 - pixel_automator - INFO - Midiendo grosor de marco
2026-08-20 05:47:37 - pixel_automator - INFO - Marco detectado con grosor: 1 px
2026-08-20 05:47:37 - pixel_automator - INFO - ✅ Marco medido: 1 px
2026-08-20 05:47:39 - pixel_automator - INFO - 🎯 Seleccionando área de la matriz...
2026-08-20 05:47:39 - pixel_automator - INFO - Iniciando selector de área interactivo
2026-08-20 05:47:39 - pixel_automator - DEBUG - AreaSelector inicializado
2026-08-20 05:47:42 - pixel_automator - INFO - Área seleccionada: {'left': 1006, 'top': 267, 'width': 1087, 'height': 883}
2026-08-20 05:47:42 - pixel_automator - INFO - ✅ Área seleccionada: 1087x883 px
2026-08-20 05:47:42 - pixel_automator - INFO - 📊 Matriz estimada: 30 filas x 37 columnas
2026-08-20 05:47:43 - pixel_automator - INFO - 🔍 Iniciando análisis de matriz...
2026-08-20 05:47:43 - pixel_automator - DEBUG - Capturando área: {'left': 1006, 'top': 267, 'width': 1087, 'height': 883}
2026-08-20 05:47:43 - pixel_automator - INFO - Área capturada: (883, 1087, 3)
2026-08-20 05:47:43 - pixel_automator - INFO - Iniciando análisis de matriz con block_size=29
2026-08-20 05:47:43 - pixel_automator - INFO - Dimensiones de la imagen: 1087x883
2026-08-20 05:47:43 - pixel_automator - INFO - Matriz: 30 filas x 37 columnas
2026-08-20 05:47:44 - pixel_automator - INFO - Análisis completado: 📊 Resumen de Análisis de Matriz:
  • Matriz: 30 x 37 bloques
  • Total: 1110 bloques
  • Tamaño de bloque: 29x29 px
  • 🟦 Normales: 846
  • 🟨 Con marco: 133
  • 🟥 Anidados: 131
  • 🎯 Posiciones para clic: 131
  • ⏱️ Tiempo: 0.302s
2026-08-20 05:47:44 - pixel_automator - INFO - ✅ Análisis completado:
2026-08-20 05:47:44 - pixel_automator - INFO - 📊 Resumen de Análisis de Matriz:
2026-08-20 05:47:44 - pixel_automator - INFO - • Matriz: 30 x 37 bloques
2026-08-20 05:47:44 - pixel_automator - INFO - • Total: 1110 bloques
2026-08-20 05:47:44 - pixel_automator - INFO - • Tamaño de bloque: 29x29 px
2026-08-20 05:47:44 - pixel_automator - INFO - • 🟦 Normales: 846
2026-08-20 05:47:44 - pixel_automator - INFO - • 🟨 Con marco: 133
2026-08-20 05:47:44 - pixel_automator - INFO - • 🟥 Anidados: 131
2026-08-20 05:47:44 - pixel_automator - INFO - • 🎯 Posiciones para clic: 131
2026-08-20 05:47:44 - pixel_automator - INFO - • ⏱️ Tiempo: 0.302s
2026-08-20 05:47:44 - pixel_automator - INFO - 🎯 131 bloques anidados encontrados
2026-08-20 05:47:47 - pixel_automator - INFO - 🖱️ Ejecutando 131 clics...
2026-08-20 05:47:47 - pixel_automator - INFO - ClickExecutor inicializado
2026-08-20 05:47:47 - pixel_automator - INFO - Iniciando ejecución de 131 clics
2026-08-20 05:47:47 - pixel_automator - DEBUG - Progreso: 1/131 clics
2026-08-20 05:47:48 - pixel_automator - DEBUG - Progreso: 101/131 clics
2026-08-20 05:47:48 - pixel_automator - INFO - Ejecución completada: 131 clics
2026-08-20 05:47:48 - pixel_automator - INFO - ✅ Todos los clics ejecutados correctamente
2026-08-20 05:52:35 - pixel_automator - INFO - Aplicación cerrada
2026-08-20 05:53:08 - pixel_automator - INFO - === INICIANDO PIXEL AUTOMATOR ===
2026-08-20 05:53:08 - pixel_automator - INFO - QApplication creada
2026-08-20 05:53:08 - pixel_automator - INFO - ScreenCapture inicializado
2026-08-20 05:53:08 - pixel_automator - INFO - BlockMeasurer inicializado
2026-08-20 05:53:08 - pixel_automator - INFO - BlockAnalyzer inicializado
2026-08-20 05:53:08 - pixel_automator - INFO - MainWindow inicializada
2026-08-20 05:53:08 - pixel_automator - INFO - Ventana principal creada
2026-08-20 05:53:09 - pixel_automator - INFO - Ventana mostrada
2026-08-20 05:53:11 - pixel_automator - INFO - 📏 Midiendo tamaño de pixel...
2026-08-20 05:53:11 - pixel_automator - INFO - Iniciando selector de área interactivo
2026-08-20 05:53:11 - pixel_automator - DEBUG - AreaSelector inicializado
2026-08-20 05:53:16 - pixel_automator - INFO - Área seleccionada: {'left': 1465, 'top': 598, 'width': 21, 'height': 27}
2026-08-20 05:53:16 - pixel_automator - WARNING - El área seleccionada no es cuadrada. Intenta de nuevo.
2026-08-20 05:53:23 - pixel_automator - INFO - 📏 Midiendo tamaño de pixel...
2026-08-20 05:53:23 - pixel_automator - INFO - Iniciando selector de área interactivo
2026-08-20 05:53:23 - pixel_automator - DEBUG - AreaSelector inicializado
2026-08-20 05:53:28 - pixel_automator - INFO - Área seleccionada: {'left': 1463, 'top': 600, 'width': 22, 'height': 23}
2026-08-20 05:53:28 - pixel_automator - DEBUG - Capturando área: {'left': 1463, 'top': 600, 'width': 22, 'height': 23}
2026-08-20 05:53:28 - pixel_automator - INFO - Área capturada: (23, 22, 3)
2026-08-20 05:53:28 - pixel_automator - INFO - Midiendo tamaño de bloque
2026-08-20 05:53:28 - pixel_automator - INFO - Dimensiones de la imagen: 22x23
2026-08-20 05:53:28 - pixel_automator - INFO - Usando tamaño directo de la imagen: 22x22 px
2026-08-20 05:53:28 - pixel_automator - INFO - ✅ Pixel medido: 22x22 px
2026-08-20 05:53:29 - pixel_automator - INFO - 📏 Midiendo grosor del marco...
2026-08-20 05:53:29 - pixel_automator - INFO - Iniciando selector de área interactivo
2026-08-20 05:53:29 - pixel_automator - DEBUG - AreaSelector inicializado
2026-08-20 05:53:34 - pixel_automator - INFO - Área seleccionada: {'left': 1460, 'top': 666, 'width': 29, 'height': 26}
2026-08-20 05:53:34 - pixel_automator - DEBUG - Capturando área: {'left': 1460, 'top': 666, 'width': 29, 'height': 26}
2026-08-20 05:53:34 - pixel_automator - INFO - Área capturada: (26, 29, 3)
2026-08-20 05:53:34 - pixel_automator - INFO - Midiendo grosor de marco
2026-08-20 05:53:34 - pixel_automator - INFO - Marco detectado con grosor: 1 px
2026-08-20 05:53:34 - pixel_automator - INFO - ✅ Marco medido: 1 px
2026-08-20 05:53:37 - pixel_automator - INFO - 🎯 Seleccionando área de la matriz...
2026-08-20 05:53:37 - pixel_automator - INFO - Iniciando selector de área interactivo
2026-08-20 05:53:37 - pixel_automator - DEBUG - AreaSelector inicializado
2026-08-20 05:53:40 - pixel_automator - INFO - Selección cancelada
2026-08-20 05:53:40 - pixel_automator - INFO - Selección de área cancelada
2026-08-20 05:53:42 - pixel_automator - INFO - 🎯 Seleccionando área de la matriz...
2026-08-20 05:53:42 - pixel_automator - INFO - Iniciando selector de área interactivo
2026-08-20 05:53:42 - pixel_automator - DEBUG - AreaSelector inicializado
2026-08-20 05:53:46 - pixel_automator - INFO - Área seleccionada: {'left': 979, 'top': 212, 'width': 1094, 'height': 885}
2026-08-20 05:53:46 - pixel_automator - INFO - ✅ Área seleccionada: 1094x885 px
2026-08-20 05:53:46 - pixel_automator - INFO - 📊 Matriz estimada: 40 filas x 49 columnas
2026-08-20 05:53:47 - pixel_automator - INFO - 🔍 Iniciando análisis de matriz...
2026-08-20 05:53:47 - pixel_automator - DEBUG - Capturando área: {'left': 979, 'top': 212, 'width': 1094, 'height': 885}
2026-08-20 05:53:47 - pixel_automator - INFO - Área capturada: (885, 1094, 3)
2026-08-20 05:53:47 - pixel_automator - INFO - Iniciando análisis de matriz con block_size=22
2026-08-20 05:53:47 - pixel_automator - INFO - Dimensiones de la imagen: 1094x885
2026-08-20 05:53:47 - pixel_automator - INFO - Matriz: 40 filas x 49 columnas
2026-08-20 05:53:47 - pixel_automator - INFO - Análisis completado: 📊 Resumen de Análisis de Matriz:
  • Matriz: 40 x 49 bloques
  • Total: 1960 bloques
  • Tamaño de bloque: 22x22 px
  • 🟦 Normales: 929
  • 🟨 Con marco: 0
  • 🟥 Anidados: 1031
  • 🎯 Posiciones para clic: 1031
  • ⏱️ Tiempo: 0.152s
2026-08-20 05:53:47 - pixel_automator - INFO - ✅ Análisis completado:
2026-08-20 05:53:47 - pixel_automator - INFO - 📊 Resumen de Análisis de Matriz:
2026-08-20 05:53:47 - pixel_automator - INFO - • Matriz: 40 x 49 bloques
2026-08-20 05:53:47 - pixel_automator - INFO - • Total: 1960 bloques
2026-08-20 05:53:47 - pixel_automator - INFO - • Tamaño de bloque: 22x22 px
2026-08-20 05:53:47 - pixel_automator - INFO - • 🟦 Normales: 929
2026-08-20 05:53:47 - pixel_automator - INFO - • 🟨 Con marco: 0
2026-08-20 05:53:47 - pixel_automator - INFO - • 🟥 Anidados: 1031
2026-08-20 05:53:47 - pixel_automator - INFO - • 🎯 Posiciones para clic: 1031
2026-08-20 05:53:47 - pixel_automator - INFO - • ⏱️ Tiempo: 0.152s
2026-08-20 05:53:47 - pixel_automator - INFO - 🎯 1031 bloques anidados encontrados
2026-08-20 05:53:51 - pixel_automator - INFO - 🖱️ Ejecutando 1031 clics...
2026-08-20 05:53:51 - pixel_automator - INFO - ClickExecutor inicializado
2026-08-20 05:53:51 - pixel_automator - INFO - Iniciando ejecución de 1031 clics
2026-08-20 05:53:51 - pixel_automator - DEBUG - Progreso: 1/1031 clics
2026-08-20 05:53:51 - pixel_automator - DEBUG - Progreso: 101/1031 clics
2026-08-20 05:53:52 - pixel_automator - DEBUG - Progreso: 201/1031 clics
2026-08-20 05:53:52 - pixel_automator - DEBUG - Progreso: 301/1031 clics
2026-08-20 05:53:53 - pixel_automator - DEBUG - Progreso: 401/1031 clics
2026-08-20 05:53:53 - pixel_automator - DEBUG - Progreso: 501/1031 clics
2026-08-20 05:53:53 - pixel_automator - DEBUG - Progreso: 601/1031 clics
2026-08-20 05:53:54 - pixel_automator - DEBUG - Progreso: 701/1031 clics
2026-08-20 05:53:54 - pixel_automator - DEBUG - Progreso: 801/1031 clics
2026-08-20 05:53:55 - pixel_automator - DEBUG - Progreso: 901/1031 clics
2026-08-20 05:53:55 - pixel_automator - DEBUG - Progreso: 1001/1031 clics
2026-08-20 05:53:55 - pixel_automator - INFO - Ejecución completada: 1031 clics
2026-08-20 05:53:55 - pixel_automator - INFO - ✅ Todos los clics ejecutados correctamente
2026-08-20 05:54:34 - pixel_automator - INFO - 📏 Midiendo tamaño de pixel...
2026-08-20 05:54:34 - pixel_automator - INFO - Iniciando selector de área interactivo
2026-08-20 05:54:34 - pixel_automator - DEBUG - AreaSelector inicializado
2026-08-20 05:54:39 - pixel_automator - INFO - Área seleccionada: {'left': 1335, 'top': 722, 'width': 33, 'height': 38}
2026-08-20 05:54:39 - pixel_automator - DEBUG - Capturando área: {'left': 1335, 'top': 722, 'width': 33, 'height': 38}
2026-08-20 05:54:39 - pixel_automator - INFO - Área capturada: (38, 33, 3)
2026-08-20 05:54:39 - pixel_automator - INFO - Midiendo tamaño de bloque
2026-08-20 05:54:39 - pixel_automator - INFO - Dimensiones de la imagen: 33x38
2026-08-20 05:54:39 - pixel_automator - INFO - Usando tamaño directo de la imagen: 35x35 px
2026-08-20 05:54:39 - pixel_automator - INFO - ✅ Pixel medido: 35x35 px
2026-08-20 05:54:40 - pixel_automator - INFO - 📏 Midiendo grosor del marco...
2026-08-20 05:54:40 - pixel_automator - INFO - Iniciando selector de área interactivo
2026-08-20 05:54:40 - pixel_automator - DEBUG - AreaSelector inicializado
2026-08-20 05:54:42 - pixel_automator - INFO - Selección cancelada
2026-08-20 05:54:42 - pixel_automator - INFO - Medición de marco cancelada
2026-08-20 05:54:44 - pixel_automator - INFO - 📏 Midiendo grosor del marco...
2026-08-20 05:54:44 - pixel_automator - INFO - Iniciando selector de área interactivo
2026-08-20 05:54:44 - pixel_automator - DEBUG - AreaSelector inicializado
2026-08-20 05:54:47 - pixel_automator - INFO - Área seleccionada: {'left': 1368, 'top': 754, 'width': 42, 'height': 45}
2026-08-20 05:54:47 - pixel_automator - DEBUG - Capturando área: {'left': 1368, 'top': 754, 'width': 42, 'height': 45}
2026-08-20 05:54:47 - pixel_automator - INFO - Área capturada: (45, 42, 3)
2026-08-20 05:54:47 - pixel_automator - INFO - Midiendo grosor de marco
2026-08-20 05:54:47 - pixel_automator - INFO - Marco detectado con grosor: 3 px
2026-08-20 05:54:47 - pixel_automator - INFO - ✅ Marco medido: 3 px
2026-08-20 05:54:48 - pixel_automator - INFO - 🎯 Seleccionando área de la matriz...
2026-08-20 05:54:48 - pixel_automator - INFO - Iniciando selector de área interactivo
2026-08-20 05:54:48 - pixel_automator - DEBUG - AreaSelector inicializado
2026-08-20 05:54:51 - pixel_automator - INFO - Área seleccionada: {'left': 1229, 'top': 552, 'width': 431, 'height': 378}
2026-08-20 05:54:51 - pixel_automator - INFO - ✅ Área seleccionada: 431x378 px
2026-08-20 05:54:51 - pixel_automator - INFO - 📊 Matriz estimada: 10 filas x 12 columnas
2026-08-20 05:54:54 - pixel_automator - INFO - 🔍 Iniciando análisis de matriz...
2026-08-20 05:54:54 - pixel_automator - DEBUG - Capturando área: {'left': 1229, 'top': 552, 'width': 431, 'height': 378}
2026-08-20 05:54:54 - pixel_automator - INFO - Área capturada: (378, 431, 3)
2026-08-20 05:54:54 - pixel_automator - INFO - Iniciando análisis de matriz con block_size=35
2026-08-20 05:54:54 - pixel_automator - INFO - Dimensiones de la imagen: 431x378
2026-08-20 05:54:54 - pixel_automator - INFO - Matriz: 10 filas x 12 columnas
2026-08-20 05:54:54 - pixel_automator - INFO - Análisis completado: 📊 Resumen de Análisis de Matriz:
  • Matriz: 10 x 12 bloques
  • Total: 120 bloques
  • Tamaño de bloque: 35x35 px
  • 🟦 Normales: 31
  • 🟨 Con marco: 0
  • 🟥 Anidados: 89
  • 🎯 Posiciones para clic: 89
  • ⏱️ Tiempo: 0.011s
2026-08-20 05:54:54 - pixel_automator - INFO - ✅ Análisis completado:
2026-08-20 05:54:54 - pixel_automator - INFO - 📊 Resumen de Análisis de Matriz:
2026-08-20 05:54:54 - pixel_automator - INFO - • Matriz: 10 x 12 bloques
2026-08-20 05:54:54 - pixel_automator - INFO - • Total: 120 bloques
2026-08-20 05:54:54 - pixel_automator - INFO - • Tamaño de bloque: 35x35 px
2026-08-20 05:54:54 - pixel_automator - INFO - • 🟦 Normales: 31
2026-08-20 05:54:54 - pixel_automator - INFO - • 🟨 Con marco: 0
2026-08-20 05:54:54 - pixel_automator - INFO - • 🟥 Anidados: 89
2026-08-20 05:54:54 - pixel_automator - INFO - • 🎯 Posiciones para clic: 89
2026-08-20 05:54:54 - pixel_automator - INFO - • ⏱️ Tiempo: 0.011s
2026-08-20 05:54:54 - pixel_automator - INFO - 🎯 89 bloques anidados encontrados
2026-08-20 05:54:56 - pixel_automator - INFO - 🖱️ Ejecutando 89 clics...
2026-08-20 05:54:56 - pixel_automator - INFO - ClickExecutor inicializado
2026-08-20 05:54:56 - pixel_automator - INFO - Iniciando ejecución de 89 clics
2026-08-20 05:54:56 - pixel_automator - DEBUG - Progreso: 1/89 clics
2026-08-20 05:54:57 - pixel_automator - INFO - Ejecución completada: 89 clics
2026-08-20 05:54:57 - pixel_automator - INFO - ✅ Todos los clics ejecutados correctamente
2026-08-20 05:55:44 - pixel_automator - INFO - Aplicación cerrada
2026-08-20 05:55:55 - pixel_automator - INFO - === INICIANDO PIXEL AUTOMATOR ===
2026-08-20 05:55:55 - pixel_automator - INFO - QApplication creada
2026-08-20 05:55:55 - pixel_automator - INFO - ScreenCapture inicializado
2026-08-20 05:55:55 - pixel_automator - INFO - BlockMeasurer inicializado
2026-08-20 05:55:55 - pixel_automator - INFO - BlockAnalyzer inicializado
2026-08-20 05:55:55 - pixel_automator - INFO - MainWindow inicializada
2026-08-20 05:55:55 - pixel_automator - INFO - Ventana principal creada
2026-08-20 05:55:55 - pixel_automator - INFO - Ventana mostrada
2026-08-20 05:55:57 - pixel_automator - INFO - 📏 Midiendo tamaño de pixel...
2026-08-20 05:55:57 - pixel_automator - INFO - Iniciando selector de área interactivo
2026-08-20 05:55:57 - pixel_automator - DEBUG - AreaSelector inicializado
2026-08-20 05:56:01 - pixel_automator - INFO - Área seleccionada: {'left': 1369, 'top': 757, 'width': 43, 'height': 41}
2026-08-20 05:56:01 - pixel_automator - DEBUG - Capturando área: {'left': 1369, 'top': 757, 'width': 43, 'height': 41}
2026-08-20 05:56:01 - pixel_automator - INFO - Área capturada: (41, 43, 3)
2026-08-20 05:56:01 - pixel_automator - INFO - Midiendo tamaño de bloque
2026-08-20 05:56:01 - pixel_automator - INFO - Dimensiones de la imagen: 43x41
2026-08-20 05:56:01 - pixel_automator - INFO - Usando tamaño directo de la imagen: 42x42 px
2026-08-20 05:56:01 - pixel_automator - INFO - ✅ Pixel medido: 42x42 px
2026-08-20 05:56:02 - pixel_automator - INFO - 📏 Midiendo grosor del marco...
2026-08-20 05:56:02 - pixel_automator - INFO - Iniciando selector de área interactivo
2026-08-20 05:56:02 - pixel_automator - DEBUG - AreaSelector inicializado
2026-08-20 05:56:06 - pixel_automator - INFO - Área seleccionada: {'left': 1518, 'top': 757, 'width': 35, 'height': 38}
2026-08-20 05:56:06 - pixel_automator - DEBUG - Capturando área: {'left': 1518, 'top': 757, 'width': 35, 'height': 38}
2026-08-20 05:56:06 - pixel_automator - INFO - Área capturada: (38, 35, 3)
2026-08-20 05:56:06 - pixel_automator - INFO - Midiendo grosor de marco
2026-08-20 05:56:06 - pixel_automator - INFO - Marco detectado con grosor: 1 px
2026-08-20 05:56:06 - pixel_automator - INFO - ✅ Marco medido: 1 px
2026-08-20 05:56:07 - pixel_automator - INFO - 📏 Midiendo grosor del marco...
2026-08-20 05:56:07 - pixel_automator - INFO - Iniciando selector de área interactivo
2026-08-20 05:56:07 - pixel_automator - DEBUG - AreaSelector inicializado
2026-08-20 05:56:11 - pixel_automator - INFO - Área seleccionada: {'left': 1515, 'top': 755, 'width': 41, 'height': 43}
2026-08-20 05:56:11 - pixel_automator - DEBUG - Capturando área: {'left': 1515, 'top': 755, 'width': 41, 'height': 43}
2026-08-20 05:56:11 - pixel_automator - INFO - Área capturada: (43, 41, 3)
2026-08-20 05:56:11 - pixel_automator - INFO - Midiendo grosor de marco
2026-08-20 05:56:11 - pixel_automator - INFO - Marco detectado con grosor: 1 px
2026-08-20 05:56:11 - pixel_automator - INFO - ✅ Marco medido: 1 px
2026-08-20 05:56:16 - pixel_automator - INFO - 🎯 Seleccionando área de la matriz...
2026-08-20 05:56:16 - pixel_automator - INFO - Iniciando selector de área interactivo
2026-08-20 05:56:16 - pixel_automator - DEBUG - AreaSelector inicializado
2026-08-20 05:56:20 - pixel_automator - INFO - Área seleccionada: {'left': 1085, 'top': 473, 'width': 645, 'height': 621}
2026-08-20 05:56:20 - pixel_automator - INFO - ✅ Área seleccionada: 645x621 px
2026-08-20 05:56:20 - pixel_automator - INFO - 📊 Matriz estimada: 14 filas x 15 columnas
2026-08-20 05:56:22 - pixel_automator - INFO - 🔍 Iniciando análisis de matriz...
2026-08-20 05:56:22 - pixel_automator - DEBUG - Capturando área: {'left': 1085, 'top': 473, 'width': 645, 'height': 621}
2026-08-20 05:56:22 - pixel_automator - INFO - Área capturada: (621, 645, 3)
2026-08-20 05:56:22 - pixel_automator - INFO - Iniciando análisis de matriz con block_size=42
2026-08-20 05:56:22 - pixel_automator - INFO - Dimensiones de la imagen: 645x621
2026-08-20 05:56:22 - pixel_automator - INFO - Matriz: 14 filas x 15 columnas
2026-08-20 05:56:22 - pixel_automator - INFO - Análisis completado: 📊 Resumen de Análisis de Matriz:
  • Matriz: 14 x 15 bloques
  • Total: 210 bloques
  • Tamaño de bloque: 42x42 px
  • 🟦 Normales: 77
  • 🟨 Con marco: 0
  • 🟥 Anidados: 133
  • 🎯 Posiciones para clic: 133
  • ⏱️ Tiempo: 0.029s
2026-08-20 05:56:22 - pixel_automator - INFO - ✅ Análisis completado:
2026-08-20 05:56:22 - pixel_automator - INFO - 📊 Resumen de Análisis de Matriz:
2026-08-20 05:56:22 - pixel_automator - INFO - • Matriz: 14 x 15 bloques
2026-08-20 05:56:22 - pixel_automator - INFO - • Total: 210 bloques
2026-08-20 05:56:22 - pixel_automator - INFO - • Tamaño de bloque: 42x42 px
2026-08-20 05:56:22 - pixel_automator - INFO - • 🟦 Normales: 77
2026-08-20 05:56:22 - pixel_automator - INFO - • 🟨 Con marco: 0
2026-08-20 05:56:22 - pixel_automator - INFO - • 🟥 Anidados: 133
2026-08-20 05:56:22 - pixel_automator - INFO - • 🎯 Posiciones para clic: 133
2026-08-20 05:56:22 - pixel_automator - INFO - • ⏱️ Tiempo: 0.029s
2026-08-20 05:56:22 - pixel_automator - INFO - 🎯 133 bloques anidados encontrados
2026-08-20 05:56:28 - pixel_automator - INFO - 🖱️ Ejecutando 133 clics...
2026-08-20 05:56:28 - pixel_automator - INFO - ClickExecutor inicializado
2026-08-20 05:56:28 - pixel_automator - INFO - Iniciando ejecución de 133 clics
2026-08-20 05:56:28 - pixel_automator - DEBUG - Progreso: 1/133 clics
2026-08-20 05:56:28 - pixel_automator - DEBUG - Progreso: 101/133 clics
2026-08-20 05:56:29 - pixel_automator - INFO - Ejecución completada: 133 clics
2026-08-20 05:56:29 - pixel_automator - INFO - ✅ Todos los clics ejecutados correctamente
2026-08-20 05:57:13 - pixel_automator - INFO - Aplicación cerrada
2026-08-20 05:58:26 - pixel_automator - INFO - === INICIANDO PIXEL AUTOMATOR ===
2026-08-20 05:58:26 - pixel_automator - INFO - QApplication creada
2026-08-20 05:58:26 - pixel_automator - INFO - ScreenCapture inicializado
2026-08-20 05:58:26 - pixel_automator - INFO - BlockMeasurer inicializado
2026-08-20 05:58:26 - pixel_automator - INFO - BlockAnalyzer inicializado
2026-08-20 05:58:26 - pixel_automator - INFO - MainWindow inicializada
2026-08-20 05:58:26 - pixel_automator - INFO - Ventana principal creada
2026-08-20 05:58:26 - pixel_automator - INFO - Ventana mostrada
2026-08-20 05:58:33 - pixel_automator - INFO - Aplicación cerrada
2026-08-20 06:05:08 - pixel_automator - INFO - === INICIANDO PIXEL AUTOMATOR ===
2026-08-20 06:05:08 - pixel_automator - INFO - QApplication creada
2026-08-20 06:05:08 - pixel_automator - INFO - ScreenCapture inicializado
2026-08-20 06:05:08 - pixel_automator - INFO - BlockMeasurer inicializado
2026-08-20 06:05:08 - pixel_automator - INFO - BlockAnalyzer inicializado - Modo automático
2026-08-20 06:05:08 - pixel_automator - INFO - MainWindow inicializada
2026-08-20 06:05:08 - pixel_automator - INFO - Ventana principal creada
2026-08-20 06:05:09 - pixel_automator - INFO - Ventana mostrada
2026-08-20 06:05:15 - pixel_automator - INFO - Aplicación cerrada
2026-08-20 06:05:20 - pixel_automator - INFO - === INICIANDO PIXEL AUTOMATOR ===
2026-08-20 06:05:20 - pixel_automator - INFO - QApplication creada
2026-08-20 06:05:20 - pixel_automator - INFO - ScreenCapture inicializado
2026-08-20 06:05:20 - pixel_automator - INFO - BlockMeasurer inicializado
2026-08-20 06:05:20 - pixel_automator - INFO - BlockAnalyzer inicializado - Modo automático
2026-08-20 06:05:20 - pixel_automator - INFO - MainWindow inicializada
2026-08-20 06:05:20 - pixel_automator - INFO - Ventana principal creada
2026-08-20 06:05:20 - pixel_automator - INFO - Ventana mostrada
2026-08-20 06:05:27 - pixel_automator - INFO - Aplicación cerrada
2026-08-20 17:00:39 - pixel_automator - INFO - === INICIANDO PIXEL AUTOMATOR ===
2026-08-20 17:00:39 - pixel_automator - INFO - QApplication creada
2026-08-20 17:00:39 - pixel_automator - INFO - ScreenCapture inicializado
2026-08-20 17:00:39 - pixel_automator - INFO - BlockMeasurer inicializado
2026-08-20 17:00:39 - pixel_automator - INFO - BlockAnalyzer inicializado - Modo automático
2026-08-20 17:00:39 - pixel_automator - INFO - MainWindow inicializada
2026-08-20 17:00:39 - pixel_automator - INFO - Ventana principal creada
2026-08-20 17:00:39 - pixel_automator - INFO - Ventana mostrada
2026-08-20 17:00:45 - pixel_automator - INFO - Aplicación cerrada
2026-08-20 17:03:30 - pixel_automator - INFO - === INICIANDO PIXEL AUTOMATOR ===
2026-08-20 17:03:30 - pixel_automator - INFO - QApplication creada
2026-08-20 17:03:30 - pixel_automator - INFO - ScreenCapture inicializado
2026-08-20 17:03:30 - pixel_automator - INFO - BlockMeasurer inicializado
2026-08-20 17:03:30 - pixel_automator - INFO - BlockAnalyzer inicializado - Modo automático
2026-08-20 17:03:30 - pixel_automator - INFO - MainWindow inicializada
2026-08-20 17:03:30 - pixel_automator - INFO - Ventana principal creada
2026-08-20 17:03:30 - pixel_automator - INFO - Ventana mostrada
2026-08-20 17:06:07 - pixel_automator - INFO - Aplicación cerrada
2026-08-20 17:06:43 - pixel_automator - INFO - === INICIANDO PIXEL AUTOMATOR ===
2026-08-20 17:06:43 - pixel_automator - INFO - QApplication creada
2026-08-20 17:06:43 - pixel_automator - INFO - ScreenCapture inicializado
2026-08-20 17:06:43 - pixel_automator - INFO - BlockAnalyzer inicializado - Modo automático
2026-08-20 17:06:43 - pixel_automator - INFO - MainWindow inicializada - Modo simplificado
2026-08-20 17:06:43 - pixel_automator - INFO - Ventana principal creada
2026-08-20 17:06:44 - pixel_automator - INFO - Ventana mostrada
2026-08-20 17:06:46 - pixel_automator - INFO - 🎯 Seleccionando área...
2026-08-20 17:06:46 - pixel_automator - INFO - Iniciando selector de área interactivo
2026-08-20 17:06:46 - pixel_automator - DEBUG - AreaSelector inicializado
2026-08-20 17:06:54 - pixel_automator - INFO - Área seleccionada: {'left': 1158, 'top': 323, 'width': 826, 'height': 553}
2026-08-20 17:06:54 - pixel_automator - INFO - ✅ Área seleccionada: 826x553 px
2026-08-20 17:06:57 - pixel_automator - INFO - 🔍 Analizando imagen...
2026-08-20 17:06:57 - pixel_automator - DEBUG - Capturando área: {'left': 1158, 'top': 323, 'width': 826, 'height': 553}
2026-08-20 17:06:57 - pixel_automator - INFO - Área capturada: (553, 826, 3)
2026-08-20 17:06:57 - pixel_automator - INFO - 🔍 Iniciando análisis automático...
2026-08-20 17:06:57 - pixel_automator - INFO - 🔍 Detectados 66 bloques potenciales
2026-08-20 17:06:57 - pixel_automator - INFO - 📊 Tamaños encontrados: {38: 48, 39: 6, 61: 5, 62: 2, 20: 3, 63: 2}
2026-08-20 17:06:57 - pixel_automator - INFO - ✅ Tamaño mínimo detectado: 20 px
2026-08-20 17:06:57 - pixel_automator - INFO - ✅ Análisis completado:
2026-08-20 17:06:57 - pixel_automator - INFO -   • Total bloques: 66
2026-08-20 17:06:57 - pixel_automator - INFO -   • Tamaño mínimo: 20 px
2026-08-20 17:06:57 - pixel_automator - INFO -   • 🟥 Anidados (más pequeños): 3
2026-08-20 17:06:57 - pixel_automator - INFO -   • 🟨 Con marco: 54
2026-08-20 17:06:57 - pixel_automator - INFO -   • 🟦 Normales: 9
2026-08-20 17:06:57 - pixel_automator - INFO - ✅ Análisis completado: 3 anidados encontrados
2026-08-20 17:06:57 - pixel_automator - INFO - ✅ 3 píxeles anidados detectados (tamaño mínimo: 20px)
2026-08-20 17:07:00 - pixel_automator - INFO - 🖱️ Ejecutando 3 clics...
2026-08-20 17:07:00 - pixel_automator - INFO - ClickExecutor inicializado
2026-08-20 17:07:00 - pixel_automator - INFO - Iniciando ejecución de 3 clics
2026-08-20 17:07:00 - pixel_automator - DEBUG - Progreso: 1/3 clics
2026-08-20 17:07:00 - pixel_automator - INFO - Ejecución completada: 3 clics
2026-08-20 17:07:00 - pixel_automator - INFO - ✅ Todos los clics ejecutados correctamente
2026-08-20 17:07:08 - pixel_automator - INFO - 🖱️ Ejecutando 3 clics...
2026-08-20 17:07:08 - pixel_automator - INFO - ClickExecutor inicializado
2026-08-20 17:07:08 - pixel_automator - INFO - Iniciando ejecución de 3 clics
2026-08-20 17:07:08 - pixel_automator - DEBUG - Progreso: 1/3 clics
2026-08-20 17:07:08 - pixel_automator - INFO - Ejecución completada: 3 clics
2026-08-20 17:07:08 - pixel_automator - INFO - ✅ Todos los clics ejecutados correctamente
2026-08-20 17:07:22 - pixel_automator - INFO - 🎯 Seleccionando área...
2026-08-20 17:07:22 - pixel_automator - INFO - Iniciando selector de área interactivo
2026-08-20 17:07:22 - pixel_automator - DEBUG - AreaSelector inicializado
2026-08-20 17:07:26 - pixel_automator - INFO - Área seleccionada: {'left': 1182, 'top': 274, 'width': 757, 'height': 654}
2026-08-20 17:07:26 - pixel_automator - INFO - ✅ Área seleccionada: 757x654 px
2026-08-20 17:07:30 - pixel_automator - INFO - 🔍 Analizando imagen...
2026-08-20 17:07:30 - pixel_automator - DEBUG - Capturando área: {'left': 1182, 'top': 274, 'width': 757, 'height': 654}
2026-08-20 17:07:30 - pixel_automator - INFO - Área capturada: (654, 757, 3)
2026-08-20 17:07:30 - pixel_automator - INFO - 🔍 Iniciando análisis automático...
2026-08-20 17:07:30 - pixel_automator - INFO - 🔍 Detectados 50 bloques potenciales
2026-08-20 17:07:30 - pixel_automator - INFO - 📊 Tamaños encontrados: {51: 41, 52: 2, 82: 2, 26: 3, 83: 1, 81: 1}
2026-08-20 17:07:30 - pixel_automator - INFO - ✅ Tamaño mínimo detectado: 26 px
2026-08-20 17:07:30 - pixel_automator - INFO - ✅ Análisis completado:
2026-08-20 17:07:30 - pixel_automator - INFO -   • Total bloques: 50
2026-08-20 17:07:30 - pixel_automator - INFO -   • Tamaño mínimo: 26 px
2026-08-20 17:07:30 - pixel_automator - INFO -   • 🟥 Anidados (más pequeños): 3
2026-08-20 17:07:30 - pixel_automator - INFO -   • 🟨 Con marco: 41
2026-08-20 17:07:30 - pixel_automator - INFO -   • 🟦 Normales: 6
2026-08-20 17:07:30 - pixel_automator - INFO - ✅ Análisis completado: 3 anidados encontrados
2026-08-20 17:07:30 - pixel_automator - INFO - ✅ 3 píxeles anidados detectados (tamaño mínimo: 26px)
2026-08-20 17:07:33 - pixel_automator - INFO - 🖱️ Ejecutando 3 clics...
2026-08-20 17:07:33 - pixel_automator - INFO - ClickExecutor inicializado
2026-08-20 17:07:33 - pixel_automator - INFO - Iniciando ejecución de 3 clics
2026-08-20 17:07:33 - pixel_automator - DEBUG - Progreso: 1/3 clics
2026-08-20 17:07:33 - pixel_automator - INFO - Ejecución completada: 3 clics
2026-08-20 17:07:33 - pixel_automator - INFO - ✅ Todos los clics ejecutados correctamente
2026-08-20 17:07:44 - pixel_automator - INFO - Aplicación cerrada
2026-08-20 17:13:00 - pixel_automator - INFO - === INICIANDO PIXEL AUTOMATOR ===
2026-08-20 17:13:00 - pixel_automator - INFO - QApplication creada
2026-08-20 17:13:00 - pixel_automator - INFO - ScreenCapture inicializado
2026-08-20 17:13:00 - pixel_automator - INFO - BlockAnalyzer inicializado - Modo automático
2026-08-20 17:13:00 - pixel_automator - INFO - MainWindow inicializada - Modo simplificado
2026-08-20 17:13:00 - pixel_automator - INFO - Ventana principal creada
2026-08-20 17:13:00 - pixel_automator - INFO - Ventana mostrada
2026-08-20 17:13:03 - pixel_automator - INFO - 🎯 Seleccionando área...
2026-08-20 17:13:03 - pixel_automator - INFO - Iniciando selector de área interactivo
2026-08-20 17:13:03 - pixel_automator - DEBUG - AreaSelector inicializado
2026-08-20 17:13:08 - pixel_automator - INFO - Área seleccionada: {'left': 1124, 'top': 213, 'width': 1097, 'height': 670}
2026-08-20 17:13:08 - pixel_automator - INFO - ✅ Área seleccionada: 1097x670 px
2026-08-20 17:13:18 - pixel_automator - INFO - === INICIANDO PIXEL AUTOMATOR ===
2026-08-20 17:13:18 - pixel_automator - INFO - QApplication creada
2026-08-20 17:13:18 - pixel_automator - INFO - ScreenCapture inicializado
2026-08-20 17:13:18 - pixel_automator - INFO - BlockAnalyzer inicializado - Modo automático
2026-08-20 17:13:18 - pixel_automator - INFO - MainWindow inicializada - Modo simplificado
2026-08-20 17:13:18 - pixel_automator - INFO - Ventana principal creada
2026-08-20 17:13:19 - pixel_automator - INFO - Ventana mostrada
2026-08-20 17:13:26 - pixel_automator - INFO - 🎯 Seleccionando área...
2026-08-20 17:13:26 - pixel_automator - INFO - Iniciando selector de área interactivo
2026-08-20 17:13:26 - pixel_automator - DEBUG - AreaSelector inicializado
2026-08-20 17:13:31 - pixel_automator - INFO - Área seleccionada: {'left': 1203, 'top': 215, 'width': 1011, 'height': 658}
2026-08-20 17:13:31 - pixel_automator - INFO - ✅ Área seleccionada: 1011x658 px
2026-08-20 17:16:39 - pixel_automator - INFO - === INICIANDO PIXEL AUTOMATOR ===
2026-08-20 17:16:39 - pixel_automator - INFO - QApplication creada
2026-08-20 17:16:39 - pixel_automator - INFO - ScreenCapture inicializado
2026-08-20 17:16:39 - pixel_automator - INFO - ColorMatcher inicializado
2026-08-20 17:16:39 - pixel_automator - INFO - MainWindow inicializada - Modo Color Exacto
2026-08-20 17:16:39 - pixel_automator - INFO - Ventana principal creada
2026-08-20 17:16:40 - pixel_automator - INFO - Ventana mostrada
2026-08-20 17:16:41 - pixel_automator - INFO - 🎨 Seleccionando color objetivo...
2026-08-20 17:16:41 - pixel_automator - INFO - Iniciando selector de área interactivo
2026-08-20 17:16:41 - pixel_automator - DEBUG - AreaSelector inicializado
2026-08-20 17:16:44 - pixel_automator - INFO - Área seleccionada: {'left': 1647, 'top': 567, 'width': 40, 'height': 41}
2026-08-20 17:16:44 - pixel_automator - DEBUG - Capturando área: {'left': 1647, 'top': 567, 'width': 40, 'height': 41}
2026-08-20 17:16:44 - pixel_automator - INFO - Área capturada: (41, 40, 3)
2026-08-20 17:16:44 - pixel_automator - ERROR - Región vacía
2026-08-20 17:16:44 - pixel_automator - ERROR - No se pudo obtener el color
2026-08-20 17:16:52 - pixel_automator - INFO - 🎨 Seleccionando color objetivo...
2026-08-20 17:16:52 - pixel_automator - INFO - Iniciando selector de área interactivo
2026-08-20 17:16:52 - pixel_automator - DEBUG - AreaSelector inicializado
2026-08-20 17:16:54 - pixel_automator - INFO - Área seleccionada: {'left': 2564, 'top': 386, 'width': 63, 'height': 80}
2026-08-20 17:16:54 - pixel_automator - DEBUG - Capturando área: {'left': 2564, 'top': 386, 'width': 63, 'height': 80}
2026-08-20 17:16:54 - pixel_automator - INFO - Área capturada: (80, 63, 3)
2026-08-20 17:16:54 - pixel_automator - ERROR - Región vacía
2026-08-20 17:16:54 - pixel_automator - ERROR - No se pudo obtener el color
2026-08-20 17:16:55 - pixel_automator - INFO - 🎨 Seleccionando color objetivo...
2026-08-20 17:16:55 - pixel_automator - INFO - Iniciando selector de área interactivo
2026-08-20 17:16:55 - pixel_automator - DEBUG - AreaSelector inicializado
2026-08-20 17:16:57 - pixel_automator - INFO - Área seleccionada: {'left': 2575, 'top': 218, 'width': 28, 'height': 19}
2026-08-20 17:16:57 - pixel_automator - DEBUG - Capturando área: {'left': 2575, 'top': 218, 'width': 28, 'height': 19}
2026-08-20 17:16:57 - pixel_automator - INFO - Área capturada: (19, 28, 3)
2026-08-20 17:16:57 - pixel_automator - ERROR - Región vacía
2026-08-20 17:16:57 - pixel_automator - ERROR - No se pudo obtener el color
2026-08-20 17:17:01 - pixel_automator - INFO - 🎨 Seleccionando color objetivo...
2026-08-20 17:17:01 - pixel_automator - INFO - Iniciando selector de área interactivo
2026-08-20 17:17:01 - pixel_automator - DEBUG - AreaSelector inicializado
2026-08-20 17:17:04 - pixel_automator - INFO - Área seleccionada: {'left': 1732, 'top': 651, 'width': 39, 'height': 42}
2026-08-20 17:17:04 - pixel_automator - DEBUG - Capturando área: {'left': 1732, 'top': 651, 'width': 39, 'height': 42}
2026-08-20 17:17:04 - pixel_automator - INFO - Área capturada: (42, 39, 3)
2026-08-20 17:17:04 - pixel_automator - ERROR - Región vacía
2026-08-20 17:17:04 - pixel_automator - ERROR - No se pudo obtener el color
2026-08-20 17:17:50 - pixel_automator - INFO - 🎨 Seleccionando color objetivo...
2026-08-20 17:17:50 - pixel_automator - INFO - Iniciando selector de área interactivo
2026-08-20 17:17:50 - pixel_automator - DEBUG - AreaSelector inicializado
2026-08-20 17:17:51 - pixel_automator - INFO - Área seleccionada: {'left': 3779, 'top': 346, 'width': 139, 'height': 106}
2026-08-20 17:17:51 - pixel_automator - DEBUG - Capturando área: {'left': 3779, 'top': 346, 'width': 139, 'height': 106}
2026-08-20 17:17:51 - pixel_automator - INFO - Área capturada: (106, 139, 3)
2026-08-20 17:17:51 - pixel_automator - ERROR - Región vacía
2026-08-20 17:17:51 - pixel_automator - ERROR - No se pudo obtener el color
2026-08-20 17:17:53 - pixel_automator - INFO - 🎨 Seleccionando color objetivo...
2026-08-20 17:17:53 - pixel_automator - INFO - Iniciando selector de área interactivo
2026-08-20 17:17:53 - pixel_automator - DEBUG - AreaSelector inicializado
2026-08-20 17:17:54 - pixel_automator - INFO - Área seleccionada: {'left': 4047, 'top': 682, 'width': 27, 'height': 70}
2026-08-20 17:17:54 - pixel_automator - DEBUG - Capturando área: {'left': 4047, 'top': 682, 'width': 27, 'height': 70}
2026-08-20 17:17:54 - pixel_automator - INFO - Área capturada: (70, 27, 3)
2026-08-20 17:17:54 - pixel_automator - ERROR - Región vacía
2026-08-20 17:17:54 - pixel_automator - ERROR - No se pudo obtener el color
2026-08-20 17:18:27 - pixel_automator - INFO - 🎨 Seleccionando color objetivo...
2026-08-20 17:18:27 - pixel_automator - INFO - Iniciando selector de área interactivo
2026-08-20 17:18:27 - pixel_automator - DEBUG - AreaSelector inicializado
2026-08-20 17:18:29 - pixel_automator - INFO - Área seleccionada: {'left': 3682, 'top': 668, 'width': 92, 'height': 90}
2026-08-20 17:18:29 - pixel_automator - DEBUG - Capturando área: {'left': 3682, 'top': 668, 'width': 92, 'height': 90}
2026-08-20 17:18:29 - pixel_automator - INFO - Área capturada: (90, 92, 3)
2026-08-20 17:18:29 - pixel_automator - ERROR - Región vacía
2026-08-20 17:18:29 - pixel_automator - ERROR - No se pudo obtener el color
2026-08-20 17:27:41 - pixel_automator - INFO - Aplicación cerrada
2026-08-20 17:27:43 - pixel_automator - INFO - === INICIANDO PIXEL AUTOMATOR ===
2026-08-20 17:27:43 - pixel_automator - INFO - QApplication creada
2026-08-20 17:27:43 - pixel_automator - INFO - ScreenCapture inicializado
2026-08-20 17:27:43 - pixel_automator - INFO - ColorMatcher inicializado
2026-08-20 17:27:43 - pixel_automator - INFO - MainWindow inicializada - Modo Color Exacto
2026-08-20 17:27:43 - pixel_automator - INFO - Ventana principal creada
2026-08-20 17:27:44 - pixel_automator - INFO - Ventana mostrada
2026-08-20 17:27:46 - pixel_automator - INFO - 🎨 Seleccionando color objetivo...
2026-08-20 17:27:46 - pixel_automator - INFO - Iniciando selector de área interactivo
2026-08-20 17:27:46 - pixel_automator - DEBUG - AreaSelector inicializado
2026-08-20 17:27:50 - pixel_automator - INFO - Área seleccionada: {'left': 2206, 'top': 487, 'width': 34, 'height': 40}
2026-08-20 17:27:50 - pixel_automator - DEBUG - Capturando área: {'left': 2206, 'top': 487, 'width': 34, 'height': 40}
2026-08-20 17:27:50 - pixel_automator - INFO - Área capturada: (40, 34, 3)
2026-08-20 17:27:50 - pixel_automator - INFO - 📐 Extrayendo área: x=2206, y=487, w=34, h=40
2026-08-20 17:27:50 - pixel_automator - ERROR - ❌ Región vacía
2026-08-20 17:27:50 - pixel_automator - ERROR - No se pudo obtener el color
2026-08-20 17:28:09 - pixel_automator - INFO - 🎨 Seleccionando color objetivo...
2026-08-20 17:28:09 - pixel_automator - INFO - Iniciando selector de área interactivo
2026-08-20 17:28:09 - pixel_automator - DEBUG - AreaSelector inicializado
2026-08-20 17:28:12 - pixel_automator - INFO - Área seleccionada: {'left': 2113, 'top': 532, 'width': 61, 'height': 56}
2026-08-20 17:28:12 - pixel_automator - DEBUG - Capturando área: {'left': 2113, 'top': 532, 'width': 61, 'height': 56}
2026-08-20 17:28:12 - pixel_automator - INFO - Área capturada: (56, 61, 3)
2026-08-20 17:28:12 - pixel_automator - INFO - 📐 Extrayendo área: x=2113, y=532, w=61, h=56
2026-08-20 17:28:12 - pixel_automator - ERROR - ❌ Región vacía
2026-08-20 17:28:12 - pixel_automator - ERROR - No se pudo obtener el color
2026-08-20 17:28:20 - pixel_automator - INFO - 🎨 Seleccionando color objetivo...
2026-08-20 17:28:20 - pixel_automator - INFO - Iniciando selector de área interactivo
2026-08-20 17:28:20 - pixel_automator - DEBUG - AreaSelector inicializado
2026-08-20 17:28:23 - pixel_automator - INFO - Área seleccionada: {'left': 2104, 'top': 314, 'width': 68, 'height': 56}
2026-08-20 17:28:23 - pixel_automator - DEBUG - Capturando área: {'left': 2104, 'top': 314, 'width': 68, 'height': 56}
2026-08-20 17:28:23 - pixel_automator - INFO - Área capturada: (56, 68, 3)
2026-08-20 17:28:23 - pixel_automator - INFO - 📐 Extrayendo área: x=2104, y=314, w=68, h=56
2026-08-20 17:28:23 - pixel_automator - ERROR - ❌ Región vacía
2026-08-20 17:28:23 - pixel_automator - ERROR - No se pudo obtener el color
2026-08-20 17:28:34 - pixel_automator - INFO - 🎨 Seleccionando color objetivo...
2026-08-20 17:28:34 - pixel_automator - INFO - Iniciando selector de área interactivo
2026-08-20 17:28:34 - pixel_automator - DEBUG - AreaSelector inicializado
2026-08-20 17:28:37 - pixel_automator - INFO - Área seleccionada: {'left': 2111, 'top': 315, 'width': 54, 'height': 55}
2026-08-20 17:28:37 - pixel_automator - DEBUG - Capturando área: {'left': 2111, 'top': 315, 'width': 54, 'height': 55}
2026-08-20 17:28:37 - pixel_automator - INFO - Área capturada: (55, 54, 3)
2026-08-20 17:28:37 - pixel_automator - INFO - 📐 Extrayendo área: x=2111, y=315, w=54, h=55
2026-08-20 17:28:37 - pixel_automator - ERROR - ❌ Región vacía
2026-08-20 17:28:37 - pixel_automator - ERROR - No se pudo obtener el color
2026-08-20 17:28:38 - pixel_automator - INFO - 🎨 Seleccionando color objetivo...
2026-08-20 17:28:38 - pixel_automator - INFO - Iniciando selector de área interactivo
2026-08-20 17:28:38 - pixel_automator - DEBUG - AreaSelector inicializado
2026-08-20 17:28:41 - pixel_automator - INFO - Área seleccionada: {'left': 2118, 'top': 486, 'width': 40, 'height': 45}
2026-08-20 17:28:41 - pixel_automator - DEBUG - Capturando área: {'left': 2118, 'top': 486, 'width': 40, 'height': 45}
2026-08-20 17:28:41 - pixel_automator - INFO - Área capturada: (45, 40, 3)
2026-08-20 17:28:41 - pixel_automator - INFO - 📐 Extrayendo área: x=2118, y=486, w=40, h=45
2026-08-20 17:28:41 - pixel_automator - ERROR - ❌ Región vacía
2026-08-20 17:28:41 - pixel_automator - ERROR - No se pudo obtener el color
2026-08-20 17:41:31 - pixel_automator - INFO - Aplicación cerrada
2026-08-20 17:41:43 - pixel_automator - INFO - === INICIANDO PIXEL AUTOMATOR ===
2026-08-20 17:41:43 - pixel_automator - INFO - QApplication creada
2026-08-20 17:41:43 - pixel_automator - INFO - ScreenCapture inicializado
2026-08-20 17:41:43 - pixel_automator - INFO - ColorMatcher inicializado
2026-08-20 17:41:43 - pixel_automator - INFO - MainWindow inicializada
2026-08-20 17:41:43 - pixel_automator - INFO - Ventana principal creada
2026-08-20 17:41:44 - pixel_automator - INFO - Ventana mostrada
2026-08-20 17:41:47 - pixel_automator - INFO - 🎨 Seleccionando color objetivo...
2026-08-20 17:41:47 - pixel_automator - INFO - Iniciando selector de área interactivo
2026-08-20 17:41:47 - pixel_automator - DEBUG - AreaSelector inicializado
2026-08-20 17:41:51 - pixel_automator - INFO - Área seleccionada: {'left': 2015, 'top': 381, 'width': 42, 'height': 46}
2026-08-20 17:41:51 - pixel_automator - DEBUG - Capturando área: {'left': 2015, 'top': 381, 'width': 42, 'height': 46}
2026-08-20 17:41:51 - pixel_automator - INFO - Área capturada: (46, 42, 3)
2026-08-20 17:41:51 - pixel_automator - INFO - 📐 Extrayendo área: x=2015, y=381, w=42, h=46
2026-08-20 17:41:51 - pixel_automator - ERROR - ❌ Región vacía
2026-08-20 17:41:51 - pixel_automator - ERROR - No se pudo obtener el color
2026-08-20 17:42:06 - pixel_automator - INFO - 🎨 Seleccionando color objetivo...
2026-08-20 17:42:06 - pixel_automator - INFO - Iniciando selector de área interactivo
2026-08-20 17:42:06 - pixel_automator - DEBUG - AreaSelector inicializado
2026-08-20 17:42:09 - pixel_automator - INFO - Área seleccionada: {'left': 3105, 'top': 1005, 'width': 48, 'height': 43}
2026-08-20 17:42:09 - pixel_automator - DEBUG - Capturando área: {'left': 3105, 'top': 1005, 'width': 48, 'height': 43}
2026-08-20 17:42:09 - pixel_automator - INFO - Área capturada: (43, 48, 3)
2026-08-20 17:42:09 - pixel_automator - INFO - 📐 Extrayendo área: x=3105, y=1005, w=48, h=43
2026-08-20 17:42:09 - pixel_automator - ERROR - ❌ Región vacía
2026-08-20 17:42:09 - pixel_automator - ERROR - No se pudo obtener el color
2026-08-20 17:42:52 - pixel_automator - INFO - 🎨 Seleccionando color objetivo...
2026-08-20 17:42:52 - pixel_automator - INFO - Iniciando selector de área interactivo
2026-08-20 17:42:52 - pixel_automator - DEBUG - AreaSelector inicializado
2026-08-20 17:42:54 - pixel_automator - INFO - Área seleccionada: {'left': 3277, 'top': 1037, 'width': 56, 'height': 43}
2026-08-20 17:42:54 - pixel_automator - DEBUG - Capturando área: {'left': 3277, 'top': 1037, 'width': 56, 'height': 43}
2026-08-20 17:42:54 - pixel_automator - INFO - Área capturada: (43, 56, 3)
2026-08-20 17:42:54 - pixel_automator - INFO - 📐 Extrayendo área: x=3277, y=1037, w=56, h=43
2026-08-20 17:42:54 - pixel_automator - ERROR - ❌ Región vacía
2026-08-20 17:42:54 - pixel_automator - ERROR - No se pudo obtener el color
2026-08-20 17:42:56 - pixel_automator - INFO - 🎨 Seleccionando color objetivo...
2026-08-20 17:42:56 - pixel_automator - INFO - Iniciando selector de área interactivo
2026-08-20 17:42:56 - pixel_automator - DEBUG - AreaSelector inicializado
2026-08-20 17:42:59 - pixel_automator - INFO - Área seleccionada: {'left': 2338, 'top': 564, 'width': 52, 'height': 40}
2026-08-20 17:42:59 - pixel_automator - DEBUG - Capturando área: {'left': 2338, 'top': 564, 'width': 52, 'height': 40}
2026-08-20 17:42:59 - pixel_automator - INFO - Área capturada: (40, 52, 3)
2026-08-20 17:42:59 - pixel_automator - INFO - 📐 Extrayendo área: x=2338, y=564, w=52, h=40
2026-08-20 17:42:59 - pixel_automator - ERROR - ❌ Región vacía
2026-08-20 17:42:59 - pixel_automator - ERROR - No se pudo obtener el color
2026-08-20 17:43:08 - pixel_automator - INFO - 🎨 Seleccionando color objetivo...
2026-08-20 17:43:08 - pixel_automator - INFO - Iniciando selector de área interactivo
2026-08-20 17:43:08 - pixel_automator - DEBUG - AreaSelector inicializado
2026-08-20 17:43:13 - pixel_automator - INFO - Área seleccionada: {'left': 2288, 'top': 560, 'width': 82, 'height': 60}
2026-08-20 17:43:13 - pixel_automator - DEBUG - Capturando área: {'left': 2288, 'top': 560, 'width': 82, 'height': 60}
2026-08-20 17:43:13 - pixel_automator - INFO - Área capturada: (60, 82, 3)
2026-08-20 17:43:13 - pixel_automator - INFO - 📐 Extrayendo área: x=2288, y=560, w=82, h=60
2026-08-20 17:43:13 - pixel_automator - ERROR - ❌ Región vacía
2026-08-20 17:43:13 - pixel_automator - ERROR - No se pudo obtener el color
2026-08-20 17:43:17 - pixel_automator - INFO - 🎨 Seleccionando color objetivo...
2026-08-20 17:43:17 - pixel_automator - INFO - Iniciando selector de área interactivo
2026-08-20 17:43:17 - pixel_automator - DEBUG - AreaSelector inicializado
2026-08-20 17:43:22 - pixel_automator - INFO - Área seleccionada: {'left': 2358, 'top': 721, 'width': 22, 'height': 19}
2026-08-20 17:43:22 - pixel_automator - DEBUG - Capturando área: {'left': 2358, 'top': 721, 'width': 22, 'height': 19}
2026-08-20 17:43:22 - pixel_automator - INFO - Área capturada: (19, 22, 3)
2026-08-20 17:43:22 - pixel_automator - INFO - 📐 Extrayendo área: x=2358, y=721, w=22, h=19
2026-08-20 17:43:22 - pixel_automator - ERROR - ❌ Región vacía
2026-08-20 17:43:22 - pixel_automator - ERROR - No se pudo obtener el color
2026-08-20 17:43:23 - pixel_automator - INFO - 🎨 Seleccionando color objetivo...
2026-08-20 17:43:23 - pixel_automator - INFO - Iniciando selector de área interactivo
2026-08-20 17:43:23 - pixel_automator - DEBUG - AreaSelector inicializado
2026-08-20 17:43:26 - pixel_automator - INFO - Área seleccionada: {'left': 2263, 'top': 530, 'width': 55, 'height': 55}
2026-08-20 17:43:27 - pixel_automator - DEBUG - Capturando área: {'left': 2263, 'top': 530, 'width': 55, 'height': 55}
2026-08-20 17:43:27 - pixel_automator - INFO - Área capturada: (55, 55, 3)
2026-08-20 17:43:27 - pixel_automator - INFO - 📐 Extrayendo área: x=2263, y=530, w=55, h=55
2026-08-20 17:43:27 - pixel_automator - ERROR - ❌ Región vacía
2026-08-20 17:43:27 - pixel_automator - ERROR - No se pudo obtener el color
2026-08-20 17:43:39 - pixel_automator - INFO - 🎨 Seleccionando color objetivo...
2026-08-20 17:43:39 - pixel_automator - INFO - Iniciando selector de área interactivo
2026-08-20 17:43:39 - pixel_automator - DEBUG - AreaSelector inicializado
2026-08-20 17:43:49 - pixel_automator - INFO - Área seleccionada: {'left': 2676, 'top': 618, 'width': 30, 'height': 36}
2026-08-20 17:43:49 - pixel_automator - DEBUG - Capturando área: {'left': 2676, 'top': 618, 'width': 30, 'height': 36}
2026-08-20 17:43:49 - pixel_automator - INFO - Área capturada: (36, 30, 3)
2026-08-20 17:43:49 - pixel_automator - INFO - 📐 Extrayendo área: x=2676, y=618, w=30, h=36
2026-08-20 17:43:49 - pixel_automator - ERROR - ❌ Región vacía
2026-08-20 17:43:49 - pixel_automator - ERROR - No se pudo obtener el color
2026-08-20 17:50:06 - pixel_automator - INFO - Aplicación cerrada
2026-08-20 18:34:18 - pixel_automator - INFO - === INICIANDO PIXEL AUTOMATOR ===
2026-08-20 18:34:18 - pixel_automator - INFO - QApplication creada
2026-08-20 18:34:18 - pixel_automator - INFO - ScreenCapture inicializado
2026-08-20 18:34:18 - pixel_automator - INFO - ColorMatcher inicializado
2026-08-20 18:34:18 - pixel_automator - CRITICAL - Error fatal: 'MainWindow' object has no attribute 'btn_select_area'
Traceback (most recent call last):
  File "C:\Users\Alberto\Desktop\projects\Random\WplaceProj\main.py", line 23, in main
    window = MainWindow()
  File "C:\Users\Alberto\Desktop\projects\Random\WplaceProj\src\gui\main_window.py", line 54, in __init__
    self.update_ui_state()
    ~~~~~~~~~~~~~~~~~~~~^^
  File "C:\Users\Alberto\Desktop\projects\Random\WplaceProj\src\gui\main_window.py", line 185, in update_ui_state
    self.btn_select_area.setEnabled(color_selected)
    ^^^^^^^^^^^^^^^^^^^^
AttributeError: 'MainWindow' object has no attribute 'btn_select_area'. Did you mean: 'select_area'?

2026-08-20 18:36:22 - pixel_automator - INFO - === INICIANDO PIXEL AUTOMATOR ===
2026-08-20 18:36:22 - pixel_automator - INFO - QApplication creada
2026-08-20 18:36:22 - pixel_automator - INFO - ScreenCapture inicializado
2026-08-20 18:36:22 - pixel_automator - INFO - ColorMatcher inicializado
2026-08-20 18:36:22 - pixel_automator - INFO - MainWindow inicializada - Modo Color Exacto
2026-08-20 18:36:22 - pixel_automator - INFO - Ventana principal creada
2026-08-20 18:36:23 - pixel_automator - INFO - Ventana mostrada
2026-08-20 18:36:51 - pixel_automator - INFO - 🎨 Seleccionando color objetivo...
2026-08-20 18:36:51 - pixel_automator - INFO - Iniciando selector de área interactivo
2026-08-20 18:36:51 - pixel_automator - DEBUG - AreaSelector inicializado
2026-08-20 18:36:56 - pixel_automator - INFO - Área seleccionada: {'left': 1904, 'top': 426, 'width': 13, 'height': 14}
2026-08-20 18:36:56 - pixel_automator - INFO - Área capturada: (14, 13, 3) en formato RGB
2026-08-20 18:36:56 - pixel_automator - INFO - 📐 Extrayendo área: x=1904, y=426, w=13, h=14
2026-08-20 18:36:56 - pixel_automator - ERROR - ❌ Región vacía
2026-08-20 18:36:56 - pixel_automator - ERROR - No se pudo obtener el color
2026-08-20 18:37:11 - pixel_automator - INFO - 🎨 Seleccionando color objetivo...
2026-08-20 18:37:11 - pixel_automator - INFO - Iniciando selector de área interactivo
2026-08-20 18:37:11 - pixel_automator - DEBUG - AreaSelector inicializado
2026-08-20 18:37:21 - pixel_automator - INFO - Área seleccionada: {'left': 2040, 'top': 535, 'width': 13, 'height': 14}
2026-08-20 18:37:21 - pixel_automator - INFO - Área capturada: (14, 13, 3) en formato RGB
2026-08-20 18:37:21 - pixel_automator - INFO - 📐 Extrayendo área: x=2040, y=535, w=13, h=14
2026-08-20 18:37:21 - pixel_automator - ERROR - ❌ Región vacía
2026-08-20 18:37:21 - pixel_automator - ERROR - No se pudo obtener el color
2026-08-20 18:37:36 - pixel_automator - INFO - 🎨 Seleccionando color objetivo...
2026-08-20 18:37:36 - pixel_automator - INFO - Iniciando selector de área interactivo
2026-08-20 18:37:36 - pixel_automator - DEBUG - AreaSelector inicializado
2026-08-20 18:37:44 - pixel_automator - INFO - Área seleccionada: {'left': 1987, 'top': 459, 'width': 31, 'height': 32}
2026-08-20 18:37:44 - pixel_automator - INFO - Área capturada: (32, 31, 3) en formato RGB
2026-08-20 18:37:44 - pixel_automator - INFO - 📐 Extrayendo área: x=1987, y=459, w=31, h=32
2026-08-20 18:37:44 - pixel_automator - ERROR - ❌ Región vacía
2026-08-20 18:37:44 - pixel_automator - ERROR - No se pudo obtener el color
2026-08-20 18:39:15 - pixel_automator - INFO - 🎨 Seleccionando color objetivo...
2026-08-20 18:39:15 - pixel_automator - INFO - Iniciando selector de área interactivo
2026-08-20 18:39:15 - pixel_automator - DEBUG - AreaSelector inicializado
2026-08-20 18:39:19 - pixel_automator - INFO - Área seleccionada: {'left': 2262, 'top': 526, 'width': 34, 'height': 35}
2026-08-20 18:39:19 - pixel_automator - INFO - Área capturada: (35, 34, 3) en formato RGB
2026-08-20 18:39:19 - pixel_automator - INFO - 📐 Extrayendo área: x=2262, y=526, w=34, h=35
2026-08-20 18:39:19 - pixel_automator - ERROR - ❌ Región vacía
2026-08-20 18:39:19 - pixel_automator - ERROR - No se pudo obtener el color
2026-08-20 18:39:33 - pixel_automator - INFO - 🎨 Seleccionando color objetivo...
2026-08-20 18:39:33 - pixel_automator - INFO - Iniciando selector de área interactivo
2026-08-20 18:39:33 - pixel_automator - DEBUG - AreaSelector inicializado
2026-08-20 18:39:36 - pixel_automator - INFO - Área seleccionada: {'left': 1425, 'top': 847, 'width': 62, 'height': 48}
2026-08-20 18:39:36 - pixel_automator - INFO - Área capturada: (48, 62, 3) en formato RGB
2026-08-20 18:39:36 - pixel_automator - INFO - 📐 Extrayendo área: x=1425, y=847, w=62, h=48
2026-08-20 18:39:36 - pixel_automator - ERROR - ❌ Región vacía
2026-08-20 18:39:36 - pixel_automator - ERROR - No se pudo obtener el color
2026-08-20 18:43:50 - pixel_automator - INFO - 🎨 Seleccionando color objetivo...
2026-08-20 18:43:50 - pixel_automator - INFO - Iniciando selector de área interactivo
2026-08-20 18:43:50 - pixel_automator - DEBUG - AreaSelector inicializado
2026-08-20 18:43:52 - pixel_automator - INFO - Área seleccionada: {'left': 2218, 'top': 455, 'width': 90, 'height': 80}
2026-08-20 18:43:52 - pixel_automator - INFO - Área capturada: (80, 90, 3) en formato RGB
2026-08-20 18:43:52 - pixel_automator - INFO - 📐 Extrayendo área: x=2218, y=455, w=90, h=80
2026-08-20 18:43:52 - pixel_automator - ERROR - ❌ Región vacía
2026-08-20 18:43:52 - pixel_automator - ERROR - No se pudo obtener el color
2026-08-20 18:47:53 - pixel_automator - INFO - Aplicación cerrada
2026-08-20 18:48:44 - pixel_automator - INFO - === INICIANDO PIXEL AUTOMATOR ===
2026-08-20 18:48:44 - pixel_automator - INFO - QApplication creada
2026-08-20 18:48:44 - pixel_automator - INFO - ScreenCapture inicializado
2026-08-20 18:48:44 - pixel_automator - INFO - ColorMatcher inicializado
2026-08-20 18:48:44 - pixel_automator - DEBUG - 🔄 update_ui_state: color_selected=False, target_color=None
2026-08-20 18:48:44 - pixel_automator - INFO - MainWindow inicializada - Modo Color Exacto
2026-08-20 18:48:44 - pixel_automator - INFO - Ventana principal creada
2026-08-20 18:48:44 - pixel_automator - INFO - Ventana mostrada
2026-08-20 18:48:49 - pixel_automator - INFO - 🎨 Seleccionando color objetivo...
2026-08-20 18:48:49 - pixel_automator - INFO - Iniciando selector de área interactivo
2026-08-20 18:48:49 - pixel_automator - DEBUG - AreaSelector inicializado
2026-08-20 18:48:55 - pixel_automator - INFO - Área seleccionada: {'left': 2110, 'top': 280, 'width': 40, 'height': 42}
2026-08-20 18:48:55 - pixel_automator - INFO - Área capturada: (42, 40, 3) en formato RGB
2026-08-20 18:48:55 - pixel_automator - INFO - 📐 Extrayendo área: x=2110, y=280, w=40, h=42
2026-08-20 18:48:55 - pixel_automator - ERROR - ❌ Región vacía
2026-08-20 18:48:55 - pixel_automator - ERROR - No se pudo obtener el color
2026-08-20 18:49:33 - pixel_automator - INFO - 🎨 Seleccionando color objetivo...
2026-08-20 18:49:33 - pixel_automator - INFO - Iniciando selector de área interactivo
2026-08-20 18:49:33 - pixel_automator - DEBUG - AreaSelector inicializado
2026-08-20 18:49:35 - pixel_automator - INFO - Área seleccionada: {'left': 2263, 'top': 302, 'width': 16, 'height': 12}
2026-08-20 18:49:35 - pixel_automator - INFO - Área capturada: (12, 16, 3) en formato RGB
2026-08-20 18:49:35 - pixel_automator - INFO - 📐 Extrayendo área: x=2263, y=302, w=16, h=12
2026-08-20 18:49:35 - pixel_automator - ERROR - ❌ Región vacía
2026-08-20 18:49:35 - pixel_automator - ERROR - No se pudo obtener el color
2026-08-20 18:49:37 - pixel_automator - INFO - 🎨 Seleccionando color objetivo...
2026-08-20 18:49:37 - pixel_automator - INFO - Iniciando selector de área interactivo
2026-08-20 18:49:37 - pixel_automator - DEBUG - AreaSelector inicializado
2026-08-20 18:49:41 - pixel_automator - INFO - Área seleccionada: {'left': 2118, 'top': 292, 'width': 24, 'height': 25}
2026-08-20 18:49:41 - pixel_automator - INFO - Área capturada: (25, 24, 3) en formato RGB
2026-08-20 18:49:41 - pixel_automator - INFO - 📐 Extrayendo área: x=2118, y=292, w=24, h=25
2026-08-20 18:49:41 - pixel_automator - ERROR - ❌ Región vacía
2026-08-20 18:49:41 - pixel_automator - ERROR - No se pudo obtener el color
2026-08-20 18:49:51 - pixel_automator - INFO - 🎨 Seleccionando color objetivo...
2026-08-20 18:49:51 - pixel_automator - INFO - Iniciando selector de área interactivo
2026-08-20 18:49:51 - pixel_automator - DEBUG - AreaSelector inicializado
2026-08-20 18:49:55 - pixel_automator - INFO - Área seleccionada: {'left': 2194, 'top': 301, 'width': 10, 'height': 9}
2026-08-20 18:49:55 - pixel_automator - INFO - Área capturada: (9, 10, 3) en formato RGB
2026-08-20 18:49:55 - pixel_automator - INFO - 📐 Extrayendo área: x=2194, y=301, w=10, h=9
2026-08-20 18:49:55 - pixel_automator - ERROR - ❌ Región vacía
2026-08-20 18:49:55 - pixel_automator - ERROR - No se pudo obtener el color
2026-08-20 18:50:08 - pixel_automator - INFO - 🎨 Seleccionando color objetivo...
2026-08-20 18:50:08 - pixel_automator - INFO - Iniciando selector de área interactivo
2026-08-20 18:50:08 - pixel_automator - DEBUG - AreaSelector inicializado
2026-08-20 18:50:17 - pixel_automator - INFO - Área seleccionada: {'left': 2047, 'top': 367, 'width': 25, 'height': 21}
2026-08-20 18:50:17 - pixel_automator - INFO - Área capturada: (21, 25, 3) en formato RGB
2026-08-20 18:50:17 - pixel_automator - INFO - 📐 Extrayendo área: x=2047, y=367, w=25, h=21
2026-08-20 18:50:17 - pixel_automator - ERROR - ❌ Región vacía
2026-08-20 18:50:17 - pixel_automator - ERROR - No se pudo obtener el color
2026-08-20 18:50:48 - pixel_automator - INFO - 🎨 Seleccionando color objetivo...
2026-08-20 18:50:48 - pixel_automator - INFO - Iniciando selector de área interactivo
2026-08-20 18:50:48 - pixel_automator - DEBUG - AreaSelector inicializado
2026-08-20 18:50:50 - pixel_automator - INFO - Área seleccionada: {'left': 2094, 'top': 624, 'width': 28, 'height': 22}
2026-08-20 18:50:50 - pixel_automator - INFO - Área capturada: (22, 28, 3) en formato RGB
2026-08-20 18:50:50 - pixel_automator - INFO - 📐 Extrayendo área: x=2094, y=624, w=28, h=22
2026-08-20 18:50:50 - pixel_automator - ERROR - ❌ Región vacía
2026-08-20 18:50:50 - pixel_automator - ERROR - No se pudo obtener el color
2026-08-20 18:50:52 - pixel_automator - INFO - 🎨 Seleccionando color objetivo...
2026-08-20 18:50:52 - pixel_automator - INFO - Iniciando selector de área interactivo
2026-08-20 18:50:52 - pixel_automator - DEBUG - AreaSelector inicializado
2026-08-20 18:50:54 - pixel_automator - INFO - Área seleccionada: {'left': 2081, 'top': 747, 'width': 56, 'height': 54}
2026-08-20 18:50:54 - pixel_automator - INFO - Área capturada: (54, 56, 3) en formato RGB
2026-08-20 18:50:54 - pixel_automator - INFO - 📐 Extrayendo área: x=2081, y=747, w=56, h=54
2026-08-20 18:50:54 - pixel_automator - ERROR - ❌ Región vacía
2026-08-20 18:50:54 - pixel_automator - ERROR - No se pudo obtener el color
2026-08-20 18:55:43 - pixel_automator - INFO - Aplicación cerrada
2026-08-20 18:59:49 - pixel_automator - INFO - === INICIANDO PIXEL AUTOMATOR ===
2026-08-20 18:59:49 - pixel_automator - INFO - QApplication creada
2026-08-20 18:59:49 - pixel_automator - INFO - ScreenCapture inicializado
2026-08-20 18:59:49 - pixel_automator - INFO - ColorMatcher inicializado
2026-08-20 18:59:49 - pixel_automator - DEBUG - 🔄 update_ui_state: color_selected=False, target_color=None
2026-08-20 18:59:49 - pixel_automator - INFO - MainWindow inicializada - Modo Color Exacto
2026-08-20 18:59:49 - pixel_automator - INFO - Ventana principal creada
2026-08-20 18:59:50 - pixel_automator - INFO - Ventana mostrada
2026-08-20 18:59:52 - pixel_automator - INFO - 🎨 Seleccionando color objetivo...
2026-08-20 18:59:52 - pixel_automator - INFO - Iniciando selector de área interactivo
2026-08-20 18:59:52 - pixel_automator - DEBUG - AreaSelector inicializado
2026-08-20 18:59:56 - pixel_automator - INFO - Área seleccionada: {'left': 2393, 'top': 421, 'width': 34, 'height': 33}
2026-08-20 18:59:56 - pixel_automator - DEBUG - Capturando área: {'left': 2393, 'top': 421, 'width': 34, 'height': 33}
2026-08-20 18:59:56 - pixel_automator - INFO - ✅ Área capturada: (33, 34, 3) (BGR)
2026-08-20 18:59:56 - pixel_automator - INFO - 📐 Área seleccionada: x=2393, y=421, w=34, h=33
2026-08-20 18:59:56 - pixel_automator - INFO - 📊 Imagen recibida: shape=(33, 34, 3)
2026-08-20 18:59:56 - pixel_automator - INFO - 🎯 Centro de la imagen recortada: (17, 16)
2026-08-20 18:59:56 - pixel_automator - INFO - 🎯 Píxel CENTRAL exacto: RGB(248, 178, 119)
2026-08-20 18:59:56 - pixel_automator - INFO -    HEX: #f8b277
2026-08-20 18:59:56 - pixel_automator - INFO - 📸 Imagen de prueba guardada como 'test_color.png'
2026-08-20 18:59:56 - pixel_automator - INFO - 🎨 Colores únicos en el área: 1
2026-08-20 18:59:56 - pixel_automator - INFO - 📊 Colores más comunes en el área:
2026-08-20 18:59:56 - pixel_automator - INFO -    RGB(248, 178, 119): 1122 píxeles (100.0%)
2026-08-20 18:59:56 - pixel_automator - INFO - 🎯 Color objetivo establecido: RGB(248, 178, 119)
2026-08-20 18:59:56 - pixel_automator - INFO -    HEX: #f8b277
2026-08-20 18:59:56 - pixel_automator - INFO - ✅ Color CAPTURADO: RGB(248, 178, 119)
2026-08-20 18:59:56 - pixel_automator - INFO - 📸 Abre 'test_color.png' para verificar
2026-08-20 18:59:56 - pixel_automator - DEBUG - 🔄 update_ui_state: color_selected=True, target_color=(248, 178, 119)
2026-08-20 19:00:12 - pixel_automator - INFO - 📌 Seleccionando área de búsqueda...
2026-08-20 19:00:12 - pixel_automator - INFO - Iniciando selector de área interactivo
2026-08-20 19:00:12 - pixel_automator - DEBUG - AreaSelector inicializado
2026-08-20 19:00:18 - pixel_automator - INFO - Área seleccionada: {'left': 1035, 'top': 163, 'width': 1323, 'height': 568}
2026-08-20 19:00:18 - pixel_automator - INFO - ✅ Área seleccionada: 1323x568 px
2026-08-20 19:00:18 - pixel_automator - DEBUG - 🔄 update_ui_state: color_selected=True, target_color=(248, 178, 119)
2026-08-20 19:00:20 - pixel_automator - INFO - 🔍 Buscando color exacto en el área seleccionada...
2026-08-20 19:00:20 - pixel_automator - DEBUG - Capturando área: {'left': 1035, 'top': 163, 'width': 1323, 'height': 568}
2026-08-20 19:00:20 - pixel_automator - INFO - ✅ Área capturada: (568, 1323, 3) (BGR)
2026-08-20 19:00:20 - pixel_automator - INFO - 🔍 Buscando color exacto: RGB(248, 178, 119)
2026-08-20 19:00:20 - pixel_automator - INFO -    HEX: #f8b277
2026-08-20 19:00:20 - pixel_automator - INFO - 📐 Tamaño de imagen: (568, 1323, 3)
2026-08-20 19:00:20 - pixel_automator - INFO - 📊 Coincidencias encontradas: 180803
2026-08-20 19:00:20 - pixel_automator - INFO - ✅ Primeras 5 posiciones: [(11, 9), (12, 9), (13, 9), (14, 9), (15, 9)]
2026-08-20 19:00:20 - pixel_automator - INFO - ✅ Encontrados 180803 píxeles con el color exacto
2026-08-20 19:00:20 - pixel_automator - DEBUG - 🔄 update_ui_state: color_selected=True, target_color=(248, 178, 119)
2026-08-20 19:00:23 - pixel_automator - INFO - 🖱️ Ejecutando 180803 clics...
2026-08-20 19:00:23 - pixel_automator - INFO - ClickExecutor inicializado
2026-08-20 19:00:23 - pixel_automator - INFO - Iniciando ejecución de 180803 clics
2026-08-20 19:00:23 - pixel_automator - DEBUG - Progreso: 1/180803 clics
2026-08-20 19:00:23 - pixel_automator - DEBUG - Progreso: 101/180803 clics
2026-08-20 19:00:24 - pixel_automator - DEBUG - Progreso: 201/180803 clics
2026-08-20 19:00:24 - pixel_automator - DEBUG - Progreso: 301/180803 clics
2026-08-20 19:00:25 - pixel_automator - DEBUG - Progreso: 401/180803 clics
2026-08-20 19:00:25 - pixel_automator - DEBUG - Progreso: 501/180803 clics
2026-08-20 19:00:26 - pixel_automator - DEBUG - Progreso: 601/180803 clics
2026-08-20 19:00:26 - pixel_automator - DEBUG - Progreso: 701/180803 clics
2026-08-20 19:00:26 - pixel_automator - DEBUG - Progreso: 801/180803 clics
2026-08-20 19:00:27 - pixel_automator - DEBUG - Progreso: 901/180803 clics
2026-08-20 19:00:27 - pixel_automator - DEBUG - Progreso: 1001/180803 clics
2026-08-20 19:00:28 - pixel_automator - DEBUG - Progreso: 1101/180803 clics
2026-08-20 19:00:28 - pixel_automator - DEBUG - Progreso: 1201/180803 clics
2026-08-20 19:00:28 - pixel_automator - DEBUG - Progreso: 1301/180803 clics
2026-08-20 19:00:29 - pixel_automator - DEBUG - Progreso: 1401/180803 clics
2026-08-20 19:00:29 - pixel_automator - DEBUG - Progreso: 1501/180803 clics
2026-08-20 19:00:30 - pixel_automator - DEBUG - Progreso: 1601/180803 clics
2026-08-20 19:00:30 - pixel_automator - DEBUG - Progreso: 1701/180803 clics
2026-08-20 19:00:30 - pixel_automator - DEBUG - Progreso: 1801/180803 clics
2026-08-20 19:00:31 - pixel_automator - DEBUG - Progreso: 1901/180803 clics
2026-08-20 19:00:31 - pixel_automator - DEBUG - Progreso: 2001/180803 clics
2026-08-20 19:00:32 - pixel_automator - DEBUG - Progreso: 2101/180803 clics
2026-08-20 19:00:32 - pixel_automator - DEBUG - Progreso: 2201/180803 clics
2026-08-20 19:00:32 - pixel_automator - DEBUG - Progreso: 2301/180803 clics
2026-08-20 19:00:33 - pixel_automator - DEBUG - Progreso: 2401/180803 clics
2026-08-20 19:00:33 - pixel_automator - DEBUG - Progreso: 2501/180803 clics
2026-08-20 19:00:34 - pixel_automator - DEBUG - Progreso: 2601/180803 clics
2026-08-20 19:00:34 - pixel_automator - DEBUG - Progreso: 2701/180803 clics
2026-08-20 19:00:34 - pixel_automator - DEBUG - Progreso: 2801/180803 clics
2026-08-20 19:00:35 - pixel_automator - DEBUG - Progreso: 2901/180803 clics
2026-08-20 19:00:35 - pixel_automator - DEBUG - Progreso: 3001/180803 clics
2026-08-20 19:00:36 - pixel_automator - DEBUG - Progreso: 3101/180803 clics
2026-08-20 19:00:36 - pixel_automator - DEBUG - Progreso: 3201/180803 clics
2026-08-20 19:00:36 - pixel_automator - DEBUG - Progreso: 3301/180803 clics
2026-08-20 19:00:37 - pixel_automator - DEBUG - Progreso: 3401/180803 clics
2026-08-20 19:00:37 - pixel_automator - DEBUG - Progreso: 3501/180803 clics
2026-08-20 19:00:38 - pixel_automator - DEBUG - Progreso: 3601/180803 clics
2026-08-20 19:00:38 - pixel_automator - DEBUG - Progreso: 3701/180803 clics
2026-08-20 19:00:38 - pixel_automator - DEBUG - Progreso: 3801/180803 clics
2026-08-20 19:00:39 - pixel_automator - DEBUG - Progreso: 3901/180803 clics
2026-08-20 19:00:39 - pixel_automator - DEBUG - Progreso: 4001/180803 clics
2026-08-20 19:00:40 - pixel_automator - DEBUG - Progreso: 4101/180803 clics
2026-08-20 19:00:40 - pixel_automator - DEBUG - Progreso: 4201/180803 clics
2026-08-20 19:00:40 - pixel_automator - DEBUG - Progreso: 4301/180803 clics
2026-08-20 19:00:41 - pixel_automator - DEBUG - Progreso: 4401/180803 clics
2026-08-20 19:00:41 - pixel_automator - DEBUG - Progreso: 4501/180803 clics
2026-08-20 19:00:42 - pixel_automator - DEBUG - Progreso: 4601/180803 clics
2026-08-20 19:00:42 - pixel_automator - DEBUG - Progreso: 4701/180803 clics
2026-08-20 19:00:42 - pixel_automator - DEBUG - Progreso: 4801/180803 clics
2026-08-20 19:00:43 - pixel_automator - DEBUG - Progreso: 4901/180803 clics
2026-08-20 19:00:43 - pixel_automator - DEBUG - Progreso: 5001/180803 clics
2026-08-20 19:00:44 - pixel_automator - DEBUG - Progreso: 5101/180803 clics
2026-08-20 19:00:44 - pixel_automator - DEBUG - Progreso: 5201/180803 clics
2026-08-20 19:00:44 - pixel_automator - DEBUG - Progreso: 5301/180803 clics
2026-08-20 19:00:45 - pixel_automator - DEBUG - Progreso: 5401/180803 clics
2026-08-20 19:00:45 - pixel_automator - DEBUG - Progreso: 5501/180803 clics
2026-08-20 19:00:46 - pixel_automator - DEBUG - Progreso: 5601/180803 clics
2026-08-20 19:00:46 - pixel_automator - DEBUG - Progreso: 5701/180803 clics
2026-08-20 19:00:46 - pixel_automator - DEBUG - Progreso: 5801/180803 clics
2026-08-20 19:00:47 - pixel_automator - DEBUG - Progreso: 5901/180803 clics
2026-08-20 19:00:47 - pixel_automator - DEBUG - Progreso: 6001/180803 clics
2026-08-20 19:00:48 - pixel_automator - DEBUG - Progreso: 6101/180803 clics
2026-08-20 19:00:48 - pixel_automator - DEBUG - Progreso: 6201/180803 clics
2026-08-20 19:00:48 - pixel_automator - DEBUG - Progreso: 6301/180803 clics
2026-08-20 19:00:49 - pixel_automator - DEBUG - Progreso: 6401/180803 clics
2026-08-20 19:00:49 - pixel_automator - DEBUG - Progreso: 6501/180803 clics
2026-08-20 19:00:50 - pixel_automator - DEBUG - Progreso: 6601/180803 clics
2026-08-20 19:00:50 - pixel_automator - DEBUG - Progreso: 6701/180803 clics
2026-08-20 19:00:50 - pixel_automator - DEBUG - Progreso: 6801/180803 clics
2026-08-20 19:00:51 - pixel_automator - DEBUG - Progreso: 6901/180803 clics
2026-08-20 19:00:51 - pixel_automator - DEBUG - Progreso: 7001/180803 clics
2026-08-20 19:00:52 - pixel_automator - DEBUG - Progreso: 7101/180803 clics
2026-08-20 19:00:52 - pixel_automator - DEBUG - Progreso: 7201/180803 clics
2026-08-20 19:00:52 - pixel_automator - DEBUG - Progreso: 7301/180803 clics
2026-08-20 19:00:53 - pixel_automator - DEBUG - Progreso: 7401/180803 clics
2026-08-20 19:00:53 - pixel_automator - DEBUG - Progreso: 7501/180803 clics
2026-08-20 19:00:54 - pixel_automator - DEBUG - Progreso: 7601/180803 clics
2026-08-20 19:00:54 - pixel_automator - DEBUG - Progreso: 7701/180803 clics
2026-08-20 19:00:54 - pixel_automator - DEBUG - Progreso: 7801/180803 clics
2026-08-20 19:00:55 - pixel_automator - DEBUG - Progreso: 7901/180803 clics
2026-08-20 19:00:55 - pixel_automator - DEBUG - Progreso: 8001/180803 clics
2026-08-20 19:00:56 - pixel_automator - DEBUG - Progreso: 8101/180803 clics
2026-08-20 19:00:56 - pixel_automator - DEBUG - Progreso: 8201/180803 clics
2026-08-20 19:00:56 - pixel_automator - DEBUG - Progreso: 8301/180803 clics
2026-08-20 19:00:57 - pixel_automator - DEBUG - Progreso: 8401/180803 clics
2026-08-20 19:00:57 - pixel_automator - DEBUG - Progreso: 8501/180803 clics
2026-08-20 19:00:58 - pixel_automator - DEBUG - Progreso: 8601/180803 clics
2026-08-20 19:00:58 - pixel_automator - DEBUG - Progreso: 8701/180803 clics
2026-08-20 19:00:58 - pixel_automator - DEBUG - Progreso: 8801/180803 clics
2026-08-20 19:00:59 - pixel_automator - DEBUG - Progreso: 8901/180803 clics
2026-08-20 19:00:59 - pixel_automator - DEBUG - Progreso: 9001/180803 clics
2026-08-20 19:01:00 - pixel_automator - DEBUG - Progreso: 9101/180803 clics
2026-08-20 19:01:00 - pixel_automator - DEBUG - Progreso: 9201/180803 clics
2026-08-20 19:01:00 - pixel_automator - DEBUG - Progreso: 9301/180803 clics
2026-08-20 19:01:01 - pixel_automator - DEBUG - Progreso: 9401/180803 clics
2026-08-20 19:01:01 - pixel_automator - DEBUG - Progreso: 9501/180803 clics
2026-08-20 19:01:02 - pixel_automator - DEBUG - Progreso: 9601/180803 clics
2026-08-20 19:01:02 - pixel_automator - DEBUG - Progreso: 9701/180803 clics
2026-08-20 19:01:02 - pixel_automator - DEBUG - Progreso: 9801/180803 clics
2026-08-20 19:01:03 - pixel_automator - DEBUG - Progreso: 9901/180803 clics
2026-08-20 19:01:03 - pixel_automator - DEBUG - Progreso: 10001/180803 clics
2026-08-20 19:01:04 - pixel_automator - DEBUG - Progreso: 10101/180803 clics
2026-08-20 19:01:04 - pixel_automator - DEBUG - Progreso: 10201/180803 clics
2026-08-20 19:01:04 - pixel_automator - DEBUG - Progreso: 10301/180803 clics
2026-08-20 19:01:05 - pixel_automator - DEBUG - Progreso: 10401/180803 clics
2026-08-20 19:01:05 - pixel_automator - DEBUG - Progreso: 10501/180803 clics
2026-08-20 19:01:06 - pixel_automator - DEBUG - Progreso: 10601/180803 clics
2026-08-20 19:01:06 - pixel_automator - DEBUG - Progreso: 10701/180803 clics
2026-08-20 19:01:06 - pixel_automator - DEBUG - Progreso: 10801/180803 clics
2026-08-20 19:01:07 - pixel_automator - DEBUG - Progreso: 10901/180803 clics
2026-08-20 19:01:07 - pixel_automator - DEBUG - Progreso: 11001/180803 clics
2026-08-20 19:01:08 - pixel_automator - DEBUG - Progreso: 11101/180803 clics
2026-08-20 19:01:08 - pixel_automator - DEBUG - Progreso: 11201/180803 clics
2026-08-20 19:01:08 - pixel_automator - DEBUG - Progreso: 11301/180803 clics
2026-08-20 19:01:09 - pixel_automator - DEBUG - Progreso: 11401/180803 clics
2026-08-20 19:01:09 - pixel_automator - DEBUG - Progreso: 11501/180803 clics
2026-08-20 19:01:10 - pixel_automator - DEBUG - Progreso: 11601/180803 clics
2026-08-20 19:01:10 - pixel_automator - DEBUG - Progreso: 11701/180803 clics
2026-08-20 19:01:10 - pixel_automator - DEBUG - Progreso: 11801/180803 clics
2026-08-20 19:01:11 - pixel_automator - DEBUG - Progreso: 11901/180803 clics
2026-08-20 19:01:11 - pixel_automator - DEBUG - Progreso: 12001/180803 clics
2026-08-20 19:01:12 - pixel_automator - DEBUG - Progreso: 12101/180803 clics
2026-08-20 19:01:12 - pixel_automator - DEBUG - Progreso: 12201/180803 clics
2026-08-20 19:01:12 - pixel_automator - DEBUG - Progreso: 12301/180803 clics
2026-08-20 19:01:13 - pixel_automator - DEBUG - Progreso: 12401/180803 clics
2026-08-20 19:01:13 - pixel_automator - DEBUG - Progreso: 12501/180803 clics
2026-08-20 19:01:14 - pixel_automator - DEBUG - Progreso: 12601/180803 clics
2026-08-20 19:01:14 - pixel_automator - DEBUG - Progreso: 12701/180803 clics
2026-08-20 19:01:14 - pixel_automator - DEBUG - Progreso: 12801/180803 clics
2026-08-20 19:01:15 - pixel_automator - DEBUG - Progreso: 12901/180803 clics
2026-08-20 19:01:15 - pixel_automator - DEBUG - Progreso: 13001/180803 clics
2026-08-20 19:01:16 - pixel_automator - DEBUG - Progreso: 13101/180803 clics
2026-08-20 19:01:16 - pixel_automator - DEBUG - Progreso: 13201/180803 clics
2026-08-20 19:01:16 - pixel_automator - DEBUG - Progreso: 13301/180803 clics
2026-08-20 19:01:17 - pixel_automator - DEBUG - Progreso: 13401/180803 clics
2026-08-20 19:01:17 - pixel_automator - DEBUG - Progreso: 13501/180803 clics
2026-08-20 19:01:18 - pixel_automator - DEBUG - Progreso: 13601/180803 clics
2026-08-20 19:01:18 - pixel_automator - DEBUG - Progreso: 13701/180803 clics
2026-08-20 19:01:18 - pixel_automator - DEBUG - Progreso: 13801/180803 clics
2026-08-20 19:01:19 - pixel_automator - DEBUG - Progreso: 13901/180803 clics
2026-08-20 19:01:19 - pixel_automator - DEBUG - Progreso: 14001/180803 clics
2026-08-20 19:01:20 - pixel_automator - DEBUG - Progreso: 14101/180803 clics
2026-08-20 19:01:20 - pixel_automator - DEBUG - Progreso: 14201/180803 clics
2026-08-20 19:01:20 - pixel_automator - DEBUG - Progreso: 14301/180803 clics
2026-08-20 19:01:21 - pixel_automator - DEBUG - Progreso: 14401/180803 clics
2026-08-20 19:01:21 - pixel_automator - DEBUG - Progreso: 14501/180803 clics
2026-08-20 19:01:22 - pixel_automator - DEBUG - Progreso: 14601/180803 clics
2026-08-20 19:01:22 - pixel_automator - DEBUG - Progreso: 14701/180803 clics
2026-08-20 19:01:22 - pixel_automator - DEBUG - Progreso: 14801/180803 clics
2026-08-20 19:01:23 - pixel_automator - DEBUG - Progreso: 14901/180803 clics
2026-08-20 19:01:23 - pixel_automator - DEBUG - Progreso: 15001/180803 clics
2026-08-20 19:01:24 - pixel_automator - DEBUG - Progreso: 15101/180803 clics
2026-08-20 19:01:24 - pixel_automator - DEBUG - Progreso: 15201/180803 clics
2026-08-20 19:01:24 - pixel_automator - DEBUG - Progreso: 15301/180803 clics
2026-08-20 19:01:25 - pixel_automator - DEBUG - Progreso: 15401/180803 clics
2026-08-20 19:01:25 - pixel_automator - DEBUG - Progreso: 15501/180803 clics
2026-08-20 19:01:26 - pixel_automator - DEBUG - Progreso: 15601/180803 clics
2026-08-20 19:01:26 - pixel_automator - DEBUG - Progreso: 15701/180803 clics
2026-08-20 19:01:26 - pixel_automator - DEBUG - Progreso: 15801/180803 clics
2026-08-20 19:01:27 - pixel_automator - DEBUG - Progreso: 15901/180803 clics
2026-08-20 19:01:27 - pixel_automator - DEBUG - Progreso: 16001/180803 clics
2026-08-20 19:01:28 - pixel_automator - DEBUG - Progreso: 16101/180803 clics
2026-08-20 19:01:28 - pixel_automator - DEBUG - Progreso: 16201/180803 clics
2026-08-20 19:01:28 - pixel_automator - DEBUG - Progreso: 16301/180803 clics
2026-08-20 19:01:29 - pixel_automator - DEBUG - Progreso: 16401/180803 clics
2026-08-20 19:01:29 - pixel_automator - DEBUG - Progreso: 16501/180803 clics
2026-08-20 19:01:30 - pixel_automator - DEBUG - Progreso: 16601/180803 clics
2026-08-20 19:01:30 - pixel_automator - DEBUG - Progreso: 16701/180803 clics
2026-08-20 19:01:30 - pixel_automator - DEBUG - Progreso: 16801/180803 clics
2026-08-20 19:01:31 - pixel_automator - DEBUG - Progreso: 16901/180803 clics
2026-08-20 19:01:31 - pixel_automator - DEBUG - Progreso: 17001/180803 clics
2026-08-20 19:01:32 - pixel_automator - DEBUG - Progreso: 17101/180803 clics
2026-08-20 19:01:32 - pixel_automator - DEBUG - Progreso: 17201/180803 clics
2026-08-20 19:01:32 - pixel_automator - DEBUG - Progreso: 17301/180803 clics
2026-08-20 19:01:33 - pixel_automator - DEBUG - Progreso: 17401/180803 clics
2026-08-20 19:01:33 - pixel_automator - DEBUG - Progreso: 17501/180803 clics
2026-08-20 19:01:34 - pixel_automator - DEBUG - Progreso: 17601/180803 clics
2026-08-20 19:01:34 - pixel_automator - DEBUG - Progreso: 17701/180803 clics
2026-08-20 19:01:34 - pixel_automator - DEBUG - Progreso: 17801/180803 clics
2026-08-20 19:01:35 - pixel_automator - DEBUG - Progreso: 17901/180803 clics
2026-08-20 19:01:35 - pixel_automator - DEBUG - Progreso: 18001/180803 clics
2026-08-20 19:01:36 - pixel_automator - DEBUG - Progreso: 18101/180803 clics
2026-08-20 19:01:36 - pixel_automator - DEBUG - Progreso: 18201/180803 clics
2026-08-20 19:01:36 - pixel_automator - DEBUG - Progreso: 18301/180803 clics
2026-08-20 19:01:37 - pixel_automator - DEBUG - Progreso: 18401/180803 clics
2026-08-20 19:01:37 - pixel_automator - DEBUG - Progreso: 18501/180803 clics
2026-08-20 19:01:38 - pixel_automator - DEBUG - Progreso: 18601/180803 clics
2026-08-20 19:01:38 - pixel_automator - DEBUG - Progreso: 18701/180803 clics
2026-08-20 19:01:39 - pixel_automator - DEBUG - Progreso: 18801/180803 clics
2026-08-20 19:01:39 - pixel_automator - WARNING - FailSafe activado - movimiento del mouse detectado
2026-08-20 19:01:39 - pixel_automator - ERROR - Error en clics: PyAutoGUI fail-safe triggered from mouse moving to a corner of the screen. To disable this fail-safe, set pyautogui.FAILSAFE to False. DISABLING FAIL-SAFE IS NOT RECOMMENDED.
2026-08-20 19:02:53 - pixel_automator - DEBUG - 🔄 update_ui_state: color_selected=True, target_color=(248, 178, 119)
2026-08-20 19:02:55 - pixel_automator - INFO - Aplicación cerrada
2026-08-20 19:11:12 - pixel_automator - INFO - === INICIANDO PIXEL AUTOMATOR ===
2026-08-20 19:11:12 - pixel_automator - INFO - QApplication creada
2026-08-20 19:11:12 - pixel_automator - INFO - ScreenCapture inicializado
2026-08-20 19:11:12 - pixel_automator - INFO - ColorMatcher inicializado
2026-08-20 19:11:12 - pixel_automator - DEBUG - 🔄 update_ui_state: color_selected=False, target_color=None
2026-08-20 19:11:12 - pixel_automator - INFO - MainWindow inicializada - Modo Color Exacto
2026-08-20 19:11:12 - pixel_automator - INFO - Ventana principal creada
2026-08-20 19:11:13 - pixel_automator - INFO - Ventana mostrada
2026-08-20 19:11:16 - pixel_automator - INFO - 🎨 Seleccionando color objetivo...
2026-08-20 19:11:16 - pixel_automator - INFO - Iniciando selector de área interactivo
2026-08-20 19:11:16 - pixel_automator - DEBUG - AreaSelector inicializado
2026-08-20 19:11:26 - pixel_automator - INFO - Área seleccionada: {'left': 2186, 'top': 570, 'width': 13, 'height': 14}
2026-08-20 19:11:26 - pixel_automator - DEBUG - Capturando área: {'left': 2186, 'top': 570, 'width': 13, 'height': 14}
2026-08-20 19:11:26 - pixel_automator - INFO - ✅ Área capturada: (14, 13, 3) (BGR)
2026-08-20 19:11:26 - pixel_automator - INFO - 📐 Área seleccionada: x=2186, y=570, w=13, h=14
2026-08-20 19:11:26 - pixel_automator - INFO - 📊 Imagen recibida: shape=(14, 13, 3)
2026-08-20 19:11:26 - pixel_automator - INFO - 🎯 Centro de la imagen recortada: (6, 7)
2026-08-20 19:11:26 - pixel_automator - INFO - 🎯 Píxel CENTRAL exacto: RGB(248, 178, 119)
2026-08-20 19:11:26 - pixel_automator - INFO -    HEX: #f8b277
2026-08-20 19:11:26 - pixel_automator - INFO - 📸 Imagen de prueba guardada como 'test_color.png'
2026-08-20 19:11:26 - pixel_automator - INFO - 🎨 Colores únicos en el área: 2
2026-08-20 19:11:26 - pixel_automator - INFO - 📊 Colores más comunes en el área:
2026-08-20 19:11:26 - pixel_automator - INFO -    RGB(248, 178, 119): 169 píxeles (92.9%)
2026-08-20 19:11:26 - pixel_automator - INFO -    RGB(255, 255, 255): 13 píxeles (7.1%)
2026-08-20 19:11:26 - pixel_automator - INFO - 📏 Distancia de clustering calculada: 6 px
2026-08-20 19:11:26 - pixel_automator - INFO - 🎯 Color objetivo establecido: RGB(248, 178, 119)
2026-08-20 19:11:26 - pixel_automator - INFO - ✅ Color CAPTURADO: RGB(248, 178, 119)
2026-08-20 19:11:26 - pixel_automator - INFO - 📏 Tamaño de muestra: 13px (usado para clustering)
2026-08-20 19:11:26 - pixel_automator - DEBUG - 🔄 update_ui_state: color_selected=True, target_color=(248, 178, 119)
2026-08-20 19:11:31 - pixel_automator - INFO - 📌 Seleccionando área de búsqueda...
2026-08-20 19:11:31 - pixel_automator - INFO - Iniciando selector de área interactivo
2026-08-20 19:11:31 - pixel_automator - DEBUG - AreaSelector inicializado
2026-08-20 19:11:32 - pixel_automator - INFO - Selección cancelada
2026-08-20 19:11:32 - pixel_automator - INFO - Selección de área cancelada
2026-08-20 19:11:40 - pixel_automator - INFO - 🎨 Seleccionando color objetivo...
2026-08-20 19:11:40 - pixel_automator - INFO - Iniciando selector de área interactivo
2026-08-20 19:11:40 - pixel_automator - DEBUG - AreaSelector inicializado
2026-08-20 19:11:45 - pixel_automator - INFO - Área seleccionada: {'left': 1962, 'top': 431, 'width': 11, 'height': 11}
2026-08-20 19:11:45 - pixel_automator - DEBUG - Capturando área: {'left': 1962, 'top': 431, 'width': 11, 'height': 11}
2026-08-20 19:11:45 - pixel_automator - INFO - ✅ Área capturada: (11, 11, 3) (BGR)
2026-08-20 19:11:45 - pixel_automator - INFO - 📐 Área seleccionada: x=1962, y=431, w=11, h=11
2026-08-20 19:11:45 - pixel_automator - INFO - 📊 Imagen recibida: shape=(11, 11, 3)
2026-08-20 19:11:45 - pixel_automator - INFO - 🎯 Centro de la imagen recortada: (5, 5)
2026-08-20 19:11:45 - pixel_automator - INFO - 🎯 Píxel CENTRAL exacto: RGB(248, 178, 119)
2026-08-20 19:11:45 - pixel_automator - INFO -    HEX: #f8b277
2026-08-20 19:11:45 - pixel_automator - INFO - 📸 Imagen de prueba guardada como 'test_color.png'
2026-08-20 19:11:45 - pixel_automator - INFO - 🎨 Colores únicos en el área: 1
2026-08-20 19:11:45 - pixel_automator - INFO - 📊 Colores más comunes en el área:
2026-08-20 19:11:45 - pixel_automator - INFO -    RGB(248, 178, 119): 121 píxeles (100.0%)
2026-08-20 19:11:45 - pixel_automator - INFO - 📏 Distancia de clustering calculada: 5 px
2026-08-20 19:11:45 - pixel_automator - INFO - 🎯 Color objetivo establecido: RGB(248, 178, 119)
2026-08-20 19:11:45 - pixel_automator - INFO - ✅ Color CAPTURADO: RGB(248, 178, 119)
2026-08-20 19:11:45 - pixel_automator - INFO - 📏 Tamaño de muestra: 11px (usado para clustering)
2026-08-20 19:11:45 - pixel_automator - DEBUG - 🔄 update_ui_state: color_selected=True, target_color=(248, 178, 119)
2026-08-20 19:11:47 - pixel_automator - INFO - 📌 Seleccionando área de búsqueda...
2026-08-20 19:11:47 - pixel_automator - INFO - Iniciando selector de área interactivo
2026-08-20 19:11:47 - pixel_automator - DEBUG - AreaSelector inicializado
2026-08-20 19:11:50 - pixel_automator - INFO - Área seleccionada: {'left': 1106, 'top': 248, 'width': 1251, 'height': 499}
2026-08-20 19:11:50 - pixel_automator - INFO - ✅ Área seleccionada: 1251x499 px
2026-08-20 19:11:50 - pixel_automator - DEBUG - 🔄 update_ui_state: color_selected=True, target_color=(248, 178, 119)
2026-08-20 19:11:51 - pixel_automator - INFO - 🔍 Buscando color exacto en el área seleccionada...
2026-08-20 19:11:51 - pixel_automator - DEBUG - Capturando área: {'left': 1106, 'top': 248, 'width': 1251, 'height': 499}
2026-08-20 19:11:51 - pixel_automator - INFO - ✅ Área capturada: (499, 1251, 3) (BGR)
2026-08-20 19:11:51 - pixel_automator - INFO - 🔍 Buscando color exacto: RGB(248, 178, 119)
2026-08-20 19:11:51 - pixel_automator - INFO - 📐 Tamaño de imagen: (499, 1251, 3)
2026-08-20 19:11:51 - pixel_automator - INFO - 📊 Coincidencias encontradas: 130948
2026-08-20 19:11:52 - pixel_automator - INFO - 📊 Agrupando con distancia: 15 píxeles
2026-08-20 19:12:34 - pixel_automator - INFO - === INICIANDO PIXEL AUTOMATOR ===
2026-08-20 19:12:34 - pixel_automator - INFO - QApplication creada
2026-08-20 19:12:34 - pixel_automator - INFO - ScreenCapture inicializado
2026-08-20 19:12:34 - pixel_automator - INFO - ColorMatcher inicializado
2026-08-20 19:12:34 - pixel_automator - DEBUG - 🔄 update_ui_state: color_selected=False, target_color=None
2026-08-20 19:12:34 - pixel_automator - INFO - MainWindow inicializada - Modo Color Exacto
2026-08-20 19:12:34 - pixel_automator - INFO - Ventana principal creada
2026-08-20 19:12:35 - pixel_automator - INFO - Ventana mostrada
2026-08-20 19:12:37 - pixel_automator - INFO - 🎨 Seleccionando color objetivo...
2026-08-20 19:12:37 - pixel_automator - INFO - Iniciando selector de área interactivo
2026-08-20 19:12:37 - pixel_automator - DEBUG - AreaSelector inicializado
2026-08-20 19:12:41 - pixel_automator - INFO - Área seleccionada: {'left': 2142, 'top': 521, 'width': 13, 'height': 15}
2026-08-20 19:12:41 - pixel_automator - DEBUG - Capturando área: {'left': 2142, 'top': 521, 'width': 13, 'height': 15}
2026-08-20 19:12:41 - pixel_automator - INFO - ✅ Área capturada: (15, 13, 3) (BGR)
2026-08-20 19:12:41 - pixel_automator - INFO - 📐 Área seleccionada: x=2142, y=521, w=13, h=15
2026-08-20 19:12:41 - pixel_automator - INFO - 📊 Imagen recibida: shape=(15, 13, 3)
2026-08-20 19:12:41 - pixel_automator - INFO - 🎯 Centro de la imagen recortada: (6, 7)
2026-08-20 19:12:41 - pixel_automator - INFO - 🎯 Píxel CENTRAL exacto: RGB(248, 178, 119)
2026-08-20 19:12:41 - pixel_automator - INFO -    HEX: #f8b277
2026-08-20 19:12:41 - pixel_automator - INFO - 📸 Imagen de prueba guardada como 'test_color.png'
2026-08-20 19:12:41 - pixel_automator - INFO - 🎨 Colores únicos en el área: 1
2026-08-20 19:12:41 - pixel_automator - INFO - 📊 Colores más comunes en el área:
2026-08-20 19:12:41 - pixel_automator - INFO -    RGB(248, 178, 119): 195 píxeles (100.0%)
2026-08-20 19:12:41 - pixel_automator - INFO - 📏 Distancia de clustering calculada: 6 px
2026-08-20 19:12:41 - pixel_automator - INFO - 🎯 Color objetivo establecido: RGB(248, 178, 119)
2026-08-20 19:12:41 - pixel_automator - INFO - ✅ Color CAPTURADO: RGB(248, 178, 119)
2026-08-20 19:12:41 - pixel_automator - INFO - 📏 Tamaño de muestra: 13px (usado para clustering)
2026-08-20 19:12:41 - pixel_automator - DEBUG - 🔄 update_ui_state: color_selected=True, target_color=(248, 178, 119)
2026-08-20 19:12:43 - pixel_automator - INFO - 📌 Seleccionando área de búsqueda...
2026-08-20 19:12:43 - pixel_automator - INFO - Iniciando selector de área interactivo
2026-08-20 19:12:43 - pixel_automator - DEBUG - AreaSelector inicializado
2026-08-20 19:12:47 - pixel_automator - INFO - Área seleccionada: {'left': 1126, 'top': 265, 'width': 1158, 'height': 467}
2026-08-20 19:12:47 - pixel_automator - INFO - ✅ Área seleccionada: 1158x467 px
2026-08-20 19:12:47 - pixel_automator - DEBUG - 🔄 update_ui_state: color_selected=True, target_color=(248, 178, 119)
2026-08-20 19:12:49 - pixel_automator - INFO - 🔍 Buscando color exacto en el área seleccionada...
2026-08-20 19:12:49 - pixel_automator - DEBUG - Capturando área: {'left': 1126, 'top': 265, 'width': 1158, 'height': 467}
2026-08-20 19:12:49 - pixel_automator - INFO - ✅ Área capturada: (467, 1158, 3) (BGR)
2026-08-20 19:12:49 - pixel_automator - INFO - 🔍 Buscando color exacto: RGB(248, 178, 119)
2026-08-20 19:12:49 - pixel_automator - INFO - 📐 Tamaño de imagen: (467, 1158, 3)
2026-08-20 19:12:49 - pixel_automator - INFO - 📊 Coincidencias encontradas: 152999
2026-08-20 19:12:50 - pixel_automator - INFO - 📊 Agrupando con distancia: 15 píxeles
2026-08-20 19:17:32 - pixel_automator - INFO - === INICIANDO PIXEL AUTOMATOR ===
2026-08-20 19:17:32 - pixel_automator - INFO - QApplication creada
2026-08-20 19:17:32 - pixel_automator - INFO - ScreenCapture inicializado
2026-08-20 19:17:32 - pixel_automator - INFO - ColorMatcher inicializado
2026-08-20 19:17:32 - pixel_automator - DEBUG - 🔄 update_ui_state: color_selected=False, target_color=None
2026-08-20 19:17:32 - pixel_automator - INFO - MainWindow inicializada - Modo Color Exacto
2026-08-20 19:17:32 - pixel_automator - INFO - Ventana principal creada
2026-08-20 19:17:33 - pixel_automator - INFO - Ventana mostrada
2026-08-20 19:17:35 - pixel_automator - INFO - 🎨 Seleccionando color objetivo...
2026-08-20 19:17:35 - pixel_automator - INFO - Iniciando selector de área interactivo
2026-08-20 19:17:35 - pixel_automator - DEBUG - AreaSelector inicializado
2026-08-20 19:17:40 - pixel_automator - INFO - Área seleccionada: {'left': 2201, 'top': 516, 'width': 19, 'height': 19}
2026-08-20 19:17:40 - pixel_automator - DEBUG - Capturando área: {'left': 2201, 'top': 516, 'width': 19, 'height': 19}
2026-08-20 19:17:40 - pixel_automator - INFO - ✅ Área capturada: (19, 19, 3) (BGR)
2026-08-20 19:17:40 - pixel_automator - INFO - 📐 Área seleccionada: x=2201, y=516, w=19, h=19
2026-08-20 19:17:40 - pixel_automator - INFO - 📊 Imagen recibida: shape=(19, 19, 3)
2026-08-20 19:17:40 - pixel_automator - INFO - 🎯 Centro de la imagen recortada: (9, 9)
2026-08-20 19:17:40 - pixel_automator - INFO - 🎯 Píxel CENTRAL exacto: RGB(248, 178, 119)
2026-08-20 19:17:40 - pixel_automator - INFO -    HEX: #f8b277
2026-08-20 19:17:40 - pixel_automator - INFO - 📸 Imagen de prueba guardada como 'test_color.png'
2026-08-20 19:17:40 - pixel_automator - INFO - 🎨 Colores únicos en el área: 2
2026-08-20 19:17:40 - pixel_automator - INFO - 📊 Colores más comunes en el área:
2026-08-20 19:17:40 - pixel_automator - INFO -    RGB(248, 178, 119): 323 píxeles (89.5%)
2026-08-20 19:17:40 - pixel_automator - INFO -    RGB(255, 255, 255): 38 píxeles (10.5%)
2026-08-20 19:17:40 - pixel_automator - INFO - 📏 Distancia de clustering calculada: 9 px
2026-08-20 19:17:40 - pixel_automator - INFO - 🎯 Color objetivo establecido: RGB(248, 178, 119)
2026-08-20 19:17:40 - pixel_automator - INFO - ✅ Color CAPTURADO: RGB(248, 178, 119)
2026-08-20 19:17:40 - pixel_automator - INFO - 📏 Tamaño de muestra: 19px (usado para clustering)
2026-08-20 19:17:40 - pixel_automator - DEBUG - 🔄 update_ui_state: color_selected=True, target_color=(248, 178, 119)
2026-08-20 19:17:44 - pixel_automator - INFO - 📌 Seleccionando área de búsqueda...
2026-08-20 19:17:44 - pixel_automator - INFO - Iniciando selector de área interactivo
2026-08-20 19:17:44 - pixel_automator - DEBUG - AreaSelector inicializado
2026-08-20 19:17:54 - pixel_automator - INFO - Área seleccionada: {'left': 1043, 'top': 169, 'width': 1316, 'height': 558}
2026-08-20 19:17:54 - pixel_automator - INFO - ✅ Área seleccionada: 1316x558 px
2026-08-20 19:17:54 - pixel_automator - DEBUG - 🔄 update_ui_state: color_selected=True, target_color=(248, 178, 119)
2026-08-20 19:17:58 - pixel_automator - INFO - 🔍 Iniciando análisis...
2026-08-20 19:17:58 - pixel_automator - DEBUG - Capturando área: {'left': 1043, 'top': 169, 'width': 1316, 'height': 558}
2026-08-20 19:17:58 - pixel_automator - INFO - ✅ Área capturada: (558, 1316, 3) (BGR)
2026-08-20 19:17:58 - pixel_automator - ERROR - Error iniciando análisis: name 'AnalyzeWorker' is not defined
2026-08-20 19:20:57 - pixel_automator - INFO - Aplicación cerrada
2026-08-20 19:21:04 - pixel_automator - INFO - === INICIANDO PIXEL AUTOMATOR ===
2026-08-20 19:21:04 - pixel_automator - INFO - QApplication creada
2026-08-20 19:21:04 - pixel_automator - INFO - ScreenCapture inicializado
2026-08-20 19:21:04 - pixel_automator - INFO - ColorMatcher inicializado
2026-08-20 19:21:04 - pixel_automator - DEBUG - 🔄 update_ui_state: color_selected=False, target_color=None
2026-08-20 19:21:04 - pixel_automator - INFO - MainWindow inicializada - Modo Color Exacto
2026-08-20 19:21:04 - pixel_automator - INFO - Ventana principal creada
2026-08-20 19:21:05 - pixel_automator - INFO - Ventana mostrada
2026-08-20 19:21:10 - pixel_automator - INFO - 🎨 Seleccionando color objetivo...
2026-08-20 19:21:10 - pixel_automator - INFO - Iniciando selector de área interactivo
2026-08-20 19:21:10 - pixel_automator - DEBUG - AreaSelector inicializado
2026-08-20 19:21:13 - pixel_automator - INFO - Área seleccionada: {'left': 2203, 'top': 521, 'width': 14, 'height': 14}
2026-08-20 19:21:13 - pixel_automator - DEBUG - Capturando área: {'left': 2203, 'top': 521, 'width': 14, 'height': 14}
2026-08-20 19:21:13 - pixel_automator - INFO - ✅ Área capturada: (14, 14, 3) (BGR)
2026-08-20 19:21:13 - pixel_automator - INFO - 📐 Área seleccionada: x=2203, y=521, w=14, h=14
2026-08-20 19:21:13 - pixel_automator - INFO - 📊 Imagen recibida: shape=(14, 14, 3)
2026-08-20 19:21:13 - pixel_automator - INFO - 🎯 Centro de la imagen recortada: (7, 7)
2026-08-20 19:21:13 - pixel_automator - INFO - 🎯 Píxel CENTRAL exacto: RGB(248, 178, 119)
2026-08-20 19:21:13 - pixel_automator - INFO -    HEX: #f8b277
2026-08-20 19:21:13 - pixel_automator - INFO - 📸 Imagen de prueba guardada como 'test_color.png'
2026-08-20 19:21:13 - pixel_automator - INFO - 🎨 Colores únicos en el área: 1
2026-08-20 19:21:13 - pixel_automator - INFO - 📊 Colores más comunes en el área:
2026-08-20 19:21:13 - pixel_automator - INFO -    RGB(248, 178, 119): 196 píxeles (100.0%)
2026-08-20 19:21:13 - pixel_automator - INFO - 📏 Distancia de clustering calculada: 7 px
2026-08-20 19:21:13 - pixel_automator - INFO - 🎯 Color objetivo establecido: RGB(248, 178, 119)
2026-08-20 19:21:13 - pixel_automator - INFO - ✅ Color CAPTURADO: RGB(248, 178, 119)
2026-08-20 19:21:13 - pixel_automator - INFO - 📏 Tamaño de muestra: 14px (usado para clustering)
2026-08-20 19:21:13 - pixel_automator - DEBUG - 🔄 update_ui_state: color_selected=True, target_color=(248, 178, 119)
2026-08-20 19:21:15 - pixel_automator - INFO - 📌 Seleccionando área de búsqueda...
2026-08-20 19:21:15 - pixel_automator - INFO - Iniciando selector de área interactivo
2026-08-20 19:21:15 - pixel_automator - DEBUG - AreaSelector inicializado
2026-08-20 19:21:22 - pixel_automator - INFO - Área seleccionada: {'left': 1200, 'top': 197, 'width': 1092, 'height': 470}
2026-08-20 19:21:22 - pixel_automator - INFO - ✅ Área seleccionada: 1092x470 px
2026-08-20 19:21:22 - pixel_automator - DEBUG - 🔄 update_ui_state: color_selected=True, target_color=(248, 178, 119)
2026-08-20 19:21:24 - pixel_automator - INFO - 🔍 Iniciando análisis...
2026-08-20 19:21:24 - pixel_automator - DEBUG - Capturando área: {'left': 1200, 'top': 197, 'width': 1092, 'height': 470}
2026-08-20 19:21:24 - pixel_automator - INFO - ✅ Área capturada: (470, 1092, 3) (BGR)
2026-08-20 19:21:24 - pixel_automator - ERROR - Error iniciando análisis: 'MainWindow' object has no attribute 'on_analysis_finished'
2026-08-20 19:22:47 - pixel_automator - INFO - Aplicación cerrada
2026-08-20 19:23:36 - pixel_automator - INFO - === INICIANDO PIXEL AUTOMATOR ===
2026-08-20 19:23:36 - pixel_automator - INFO - QApplication creada
2026-08-20 19:23:36 - pixel_automator - INFO - ScreenCapture inicializado
2026-08-20 19:23:36 - pixel_automator - INFO - ColorMatcher inicializado
2026-08-20 19:23:36 - pixel_automator - DEBUG - 🔄 update_ui_state: color_selected=False, target_color=None
2026-08-20 19:23:36 - pixel_automator - INFO - MainWindow inicializada - Modo Color Exacto
2026-08-20 19:23:36 - pixel_automator - INFO - Ventana principal creada
2026-08-20 19:23:36 - pixel_automator - INFO - Ventana mostrada
2026-08-20 19:23:41 - pixel_automator - INFO - 🎨 Seleccionando color objetivo...
2026-08-20 19:23:41 - pixel_automator - INFO - Iniciando selector de área interactivo
2026-08-20 19:23:41 - pixel_automator - DEBUG - AreaSelector inicializado
2026-08-20 19:23:48 - pixel_automator - INFO - Área seleccionada: {'left': 2200, 'top': 517, 'width': 19, 'height': 20}
2026-08-20 19:23:48 - pixel_automator - DEBUG - Capturando área: {'left': 2200, 'top': 517, 'width': 19, 'height': 20}
2026-08-20 19:23:48 - pixel_automator - INFO - ✅ Área capturada: (20, 19, 3) (BGR)
2026-08-20 19:23:48 - pixel_automator - INFO - 📐 Área seleccionada: x=2200, y=517, w=19, h=20
2026-08-20 19:23:48 - pixel_automator - INFO - 📊 Imagen recibida: shape=(20, 19, 3)
2026-08-20 19:23:48 - pixel_automator - INFO - 🎯 Centro de la imagen recortada: (9, 10)
2026-08-20 19:23:48 - pixel_automator - INFO - 🎯 Píxel CENTRAL exacto: RGB(248, 178, 119)
2026-08-20 19:23:48 - pixel_automator - INFO -    HEX: #f8b277
2026-08-20 19:23:48 - pixel_automator - INFO - 📸 Imagen de prueba guardada como 'test_color.png'
2026-08-20 19:23:48 - pixel_automator - INFO - 🎨 Colores únicos en el área: 2
2026-08-20 19:23:48 - pixel_automator - INFO - 📊 Colores más comunes en el área:
2026-08-20 19:23:48 - pixel_automator - INFO -    RGB(248, 178, 119): 342 píxeles (90.0%)
2026-08-20 19:23:48 - pixel_automator - INFO -    RGB(255, 255, 255): 38 píxeles (10.0%)
2026-08-20 19:23:48 - pixel_automator - INFO - 📏 Distancia de clustering calculada: 9 px
2026-08-20 19:23:48 - pixel_automator - INFO - 🎯 Color objetivo establecido: RGB(248, 178, 119)
2026-08-20 19:23:48 - pixel_automator - INFO - ✅ Color CAPTURADO: RGB(248, 178, 119)
2026-08-20 19:23:48 - pixel_automator - INFO - 📏 Tamaño de muestra: 19px (usado para clustering)
2026-08-20 19:23:48 - pixel_automator - DEBUG - 🔄 update_ui_state: color_selected=True, target_color=(248, 178, 119)
2026-08-20 19:23:50 - pixel_automator - INFO - 📌 Seleccionando área de búsqueda...
2026-08-20 19:23:50 - pixel_automator - INFO - Iniciando selector de área interactivo
2026-08-20 19:23:50 - pixel_automator - DEBUG - AreaSelector inicializado
2026-08-20 19:23:58 - pixel_automator - INFO - Área seleccionada: {'left': 1138, 'top': 171, 'width': 1085, 'height': 586}
2026-08-20 19:23:58 - pixel_automator - INFO - ✅ Área seleccionada: 1085x586 px
2026-08-20 19:23:58 - pixel_automator - DEBUG - 🔄 update_ui_state: color_selected=True, target_color=(248, 178, 119)
2026-08-20 19:24:00 - pixel_automator - INFO - 🔍 Iniciando análisis...
2026-08-20 19:24:00 - pixel_automator - DEBUG - Capturando área: {'left': 1138, 'top': 171, 'width': 1085, 'height': 586}
2026-08-20 19:24:00 - pixel_automator - INFO - ✅ Área capturada: (586, 1085, 3) (BGR)
2026-08-20 19:24:00 - pixel_automator - ERROR - Error iniciando análisis: name 'QTimer' is not defined
2026-08-20 19:24:00 - pixel_automator - INFO - 🔍 Buscando color exacto: RGB(248, 178, 119)
2026-08-20 19:24:00 - pixel_automator - INFO - 📐 Tamaño de imagen: (586, 1085, 3)
2026-08-20 19:24:00 - pixel_automator - INFO - 📏 Reduciendo imagen de 1085x586 a 304x164 para rendimiento
2026-08-20 19:24:00 - pixel_automator - INFO - 📊 Coincidencias encontradas: 13637
2026-08-20 19:24:00 - pixel_automator - INFO - 📊 Agrupando con distancia: 9 píxeles
2026-08-20 19:24:00 - pixel_automator - INFO - 📊 Agrupados 13637 píxeles en 2075 grupos (grid 4x4)
2026-08-20 19:24:00 - pixel_automator - INFO - ✅ 2075 objetivos únicos encontrados (de 13637 píxeles)
2026-08-20 19:24:00 - pixel_automator - INFO - 🔍 Buscando color exacto...
2026-08-20 19:24:00 - pixel_automator - INFO - ✅ Encontrados 2075 objetivos
2026-08-20 19:24:59 - pixel_automator - INFO - === INICIANDO PIXEL AUTOMATOR ===
2026-08-20 19:24:59 - pixel_automator - INFO - QApplication creada
2026-08-20 19:24:59 - pixel_automator - INFO - ScreenCapture inicializado
2026-08-20 19:24:59 - pixel_automator - INFO - ColorMatcher inicializado
2026-08-20 19:24:59 - pixel_automator - DEBUG - 🔄 update_ui_state: color_selected=False, target_color=None
2026-08-20 19:24:59 - pixel_automator - INFO - MainWindow inicializada - Modo Color Exacto
2026-08-20 19:24:59 - pixel_automator - INFO - Ventana principal creada
2026-08-20 19:24:59 - pixel_automator - INFO - Ventana mostrada
2026-08-20 19:25:05 - pixel_automator - INFO - Aplicación cerrada
2026-08-20 19:27:46 - pixel_automator - INFO - === INICIANDO PIXEL AUTOMATOR ===
2026-08-20 19:27:46 - pixel_automator - INFO - QApplication creada
2026-08-20 19:27:46 - pixel_automator - INFO - ScreenCapture inicializado
2026-08-20 19:27:46 - pixel_automator - INFO - ColorMatcher inicializado
2026-08-20 19:27:46 - pixel_automator - DEBUG - 🔄 update_ui_state: color_selected=False, target_color=None
2026-08-20 19:27:46 - pixel_automator - INFO - MainWindow inicializada - Modo Color Exacto
2026-08-20 19:27:46 - pixel_automator - INFO - Ventana principal creada
2026-08-20 19:27:47 - pixel_automator - INFO - Ventana mostrada
2026-08-20 19:27:51 - pixel_automator - INFO - 🎨 Seleccionando color objetivo...
2026-08-20 19:27:51 - pixel_automator - INFO - Iniciando selector de área interactivo
2026-08-20 19:27:51 - pixel_automator - DEBUG - AreaSelector inicializado
2026-08-20 19:28:01 - pixel_automator - INFO - Área seleccionada: {'left': 2204, 'top': 488, 'width': 16, 'height': 16}
2026-08-20 19:28:01 - pixel_automator - DEBUG - Capturando área: {'left': 2204, 'top': 488, 'width': 16, 'height': 16}
2026-08-20 19:28:01 - pixel_automator - INFO - ✅ Área capturada: (16, 16, 3) (BGR)
2026-08-20 19:28:01 - pixel_automator - INFO - 📐 Área seleccionada: x=2204, y=488, w=16, h=16
2026-08-20 19:28:01 - pixel_automator - INFO - 📊 Imagen recibida: shape=(16, 16, 3)
2026-08-20 19:28:01 - pixel_automator - INFO - 🎯 Centro de la imagen recortada: (8, 8)
2026-08-20 19:28:01 - pixel_automator - INFO - 🎯 Píxel CENTRAL exacto: RGB(248, 178, 119)
2026-08-20 19:28:01 - pixel_automator - INFO -    HEX: #f8b277
2026-08-20 19:28:01 - pixel_automator - INFO - 📸 Imagen de prueba guardada como 'test_color.png'
2026-08-20 19:28:01 - pixel_automator - INFO - 🎨 Colores únicos en el área: 1
2026-08-20 19:28:01 - pixel_automator - INFO - 📊 Colores más comunes en el área:
2026-08-20 19:28:01 - pixel_automator - INFO -    RGB(248, 178, 119): 256 píxeles (100.0%)
2026-08-20 19:28:01 - pixel_automator - INFO - 📏 Distancia de clustering calculada: 8 px
2026-08-20 19:28:01 - pixel_automator - INFO - 🎯 Color objetivo establecido: RGB(248, 178, 119)
2026-08-20 19:28:01 - pixel_automator - INFO - ✅ Color CAPTURADO: RGB(248, 178, 119)
2026-08-20 19:28:01 - pixel_automator - INFO - 📏 Tamaño de muestra: 16px (usado para clustering)
2026-08-20 19:28:01 - pixel_automator - DEBUG - 🔄 update_ui_state: color_selected=True, target_color=(248, 178, 119)
2026-08-20 19:28:05 - pixel_automator - INFO - 📌 Seleccionando área de búsqueda...
2026-08-20 19:28:05 - pixel_automator - INFO - Iniciando selector de área interactivo
2026-08-20 19:28:05 - pixel_automator - DEBUG - AreaSelector inicializado
2026-08-20 19:28:13 - pixel_automator - INFO - Área seleccionada: {'left': 1173, 'top': 224, 'width': 963, 'height': 496}
2026-08-20 19:28:13 - pixel_automator - INFO - ✅ Área seleccionada: 963x496 px
2026-08-20 19:28:13 - pixel_automator - DEBUG - 🔄 update_ui_state: color_selected=True, target_color=(248, 178, 119)
2026-08-20 19:28:14 - pixel_automator - INFO - 🔍 Iniciando análisis...
2026-08-20 19:28:14 - pixel_automator - DEBUG - Capturando área: {'left': 1173, 'top': 224, 'width': 963, 'height': 496}
2026-08-20 19:28:14 - pixel_automator - INFO - ✅ Área capturada: (496, 963, 3) (BGR)
2026-08-20 19:28:14 - pixel_automator - ERROR - Error iniciando análisis: 'MainWindow' object has no attribute 'analysis_timer'
2026-08-20 19:28:14 - pixel_automator - INFO - 🔍 Buscando color exacto: RGB(248, 178, 119)
2026-08-20 19:28:14 - pixel_automator - INFO - 📐 Tamaño de imagen: (496, 963, 3)
2026-08-20 19:28:14 - pixel_automator - INFO - 📏 Reduciendo imagen de 963x496 a 311x160 para rendimiento
2026-08-20 19:29:22 - pixel_automator - INFO - === INICIANDO PIXEL AUTOMATOR ===
2026-08-20 19:29:22 - pixel_automator - INFO - QApplication creada
2026-08-20 19:29:22 - pixel_automator - INFO - ScreenCapture inicializado
2026-08-20 19:29:22 - pixel_automator - INFO - ColorMatcher inicializado
2026-08-20 19:29:22 - pixel_automator - DEBUG - 🔄 update_ui_state: color_selected=False, target_color=None
2026-08-20 19:29:22 - pixel_automator - INFO - MainWindow inicializada - Modo Color Exacto
2026-08-20 19:29:22 - pixel_automator - INFO - Ventana principal creada
2026-08-20 19:29:22 - pixel_automator - INFO - Ventana mostrada
2026-08-20 19:29:25 - pixel_automator - INFO - 🎨 Seleccionando color objetivo...
2026-08-20 19:29:25 - pixel_automator - INFO - Iniciando selector de área interactivo
2026-08-20 19:29:25 - pixel_automator - DEBUG - AreaSelector inicializado
2026-08-20 19:29:34 - pixel_automator - INFO - Área seleccionada: {'left': 2204, 'top': 512, 'width': 17, 'height': 17}
2026-08-20 19:29:34 - pixel_automator - DEBUG - Capturando área: {'left': 2204, 'top': 512, 'width': 17, 'height': 17}
2026-08-20 19:29:34 - pixel_automator - INFO - ✅ Área capturada: (17, 17, 3) (BGR)
2026-08-20 19:29:34 - pixel_automator - INFO - 📐 Área seleccionada: x=2204, y=512, w=17, h=17
2026-08-20 19:29:34 - pixel_automator - INFO - 📊 Imagen recibida: shape=(17, 17, 3)
2026-08-20 19:29:34 - pixel_automator - INFO - 🎯 Centro de la imagen recortada: (8, 8)
2026-08-20 19:29:34 - pixel_automator - INFO - 🎯 Píxel CENTRAL exacto: RGB(248, 178, 119)
2026-08-20 19:29:34 - pixel_automator - INFO -    HEX: #f8b277
2026-08-20 19:29:34 - pixel_automator - INFO - 📸 Imagen de prueba guardada como 'test_color.png'
2026-08-20 19:29:34 - pixel_automator - INFO - 🎨 Colores únicos en el área: 1
2026-08-20 19:29:34 - pixel_automator - INFO - 📊 Colores más comunes en el área:
2026-08-20 19:29:34 - pixel_automator - INFO -    RGB(248, 178, 119): 289 píxeles (100.0%)
2026-08-20 19:29:34 - pixel_automator - INFO - 📏 Distancia de clustering calculada: 8 px
2026-08-20 19:29:34 - pixel_automator - INFO - 🎯 Color objetivo establecido: RGB(248, 178, 119)
2026-08-20 19:29:34 - pixel_automator - INFO - ✅ Color CAPTURADO: RGB(248, 178, 119)
2026-08-20 19:29:34 - pixel_automator - INFO - 📏 Tamaño de muestra: 17px (usado para clustering)
2026-08-20 19:29:34 - pixel_automator - DEBUG - 🔄 update_ui_state: color_selected=True, target_color=(248, 178, 119)
2026-08-20 19:29:36 - pixel_automator - INFO - 📌 Seleccionando área de búsqueda...
2026-08-20 19:29:36 - pixel_automator - INFO - Iniciando selector de área interactivo
2026-08-20 19:29:36 - pixel_automator - DEBUG - AreaSelector inicializado
2026-08-20 19:29:45 - pixel_automator - INFO - Área seleccionada: {'left': 1208, 'top': 196, 'width': 1015, 'height': 521}
2026-08-20 19:29:45 - pixel_automator - INFO - ✅ Área seleccionada: 1015x521 px
2026-08-20 19:29:45 - pixel_automator - DEBUG - 🔄 update_ui_state: color_selected=True, target_color=(248, 178, 119)
2026-08-20 19:29:47 - pixel_automator - INFO - 🔍 Iniciando análisis...
2026-08-20 19:29:47 - pixel_automator - DEBUG - Capturando área: {'left': 1208, 'top': 196, 'width': 1015, 'height': 521}
2026-08-20 19:29:47 - pixel_automator - INFO - ✅ Área capturada: (521, 1015, 3) (BGR)
2026-08-20 19:29:47 - pixel_automator - INFO - 🔍 Buscando color exacto: RGB(248, 178, 119)
2026-08-20 19:29:47 - pixel_automator - INFO - ⏳ Analizando en segundo plano...
2026-08-20 19:29:47 - pixel_automator - INFO - 📐 Tamaño de imagen: (521, 1015, 3)
2026-08-20 19:29:47 - pixel_automator - INFO - 📏 Reduciendo imagen de 1015x521 a 312x160 para rendimiento
2026-08-20 19:29:47 - pixel_automator - INFO - 🔍 Buscando color exacto...
2026-08-20 19:29:47 - pixel_automator - INFO - 📊 Coincidencias encontradas: 14032
2026-08-20 19:29:47 - pixel_automator - INFO - 📊 Agrupando con distancia: 8 píxeles
2026-08-20 19:29:47 - pixel_automator - INFO - 📊 Agrupados 14032 píxeles en 2070 grupos (grid 4x4)
2026-08-20 19:29:47 - pixel_automator - INFO - ✅ 2070 objetivos únicos encontrados (de 14032 píxeles)
2026-08-20 19:29:47 - pixel_automator - INFO - ✅ Encontrados 2070 objetivos
2026-08-20 19:29:47 - pixel_automator - INFO - ✅ 2070 objetivos únicos encontrados
2026-08-20 19:29:47 - pixel_automator - DEBUG - 🔄 update_ui_state: color_selected=True, target_color=(248, 178, 119)
2026-08-20 19:29:54 - pixel_automator - INFO - 🖱️ Ejecutando 2070 clics...
2026-08-20 19:29:54 - pixel_automator - INFO - ClickExecutor inicializado
2026-08-20 19:29:54 - pixel_automator - INFO - Iniciando ejecución de 2070 clics
2026-08-20 19:29:54 - pixel_automator - DEBUG - Progreso: 1/2070 clics
2026-08-20 19:29:55 - pixel_automator - DEBUG - Progreso: 101/2070 clics
2026-08-20 19:29:55 - pixel_automator - DEBUG - Progreso: 201/2070 clics
2026-08-20 19:29:55 - pixel_automator - DEBUG - Progreso: 301/2070 clics
2026-08-20 19:29:56 - pixel_automator - DEBUG - Progreso: 401/2070 clics
2026-08-20 19:29:56 - pixel_automator - DEBUG - Progreso: 501/2070 clics
2026-08-20 19:29:57 - pixel_automator - DEBUG - Progreso: 601/2070 clics
2026-08-20 19:29:57 - pixel_automator - DEBUG - Progreso: 701/2070 clics
2026-08-20 19:29:57 - pixel_automator - DEBUG - Progreso: 801/2070 clics
2026-08-20 19:29:58 - pixel_automator - DEBUG - Progreso: 901/2070 clics
2026-08-20 19:29:58 - pixel_automator - DEBUG - Progreso: 1001/2070 clics
2026-08-20 19:29:59 - pixel_automator - DEBUG - Progreso: 1101/2070 clics
2026-08-20 19:29:59 - pixel_automator - DEBUG - Progreso: 1201/2070 clics
2026-08-20 19:30:00 - pixel_automator - DEBUG - Progreso: 1301/2070 clics
2026-08-20 19:30:00 - pixel_automator - DEBUG - Progreso: 1401/2070 clics
2026-08-20 19:30:00 - pixel_automator - DEBUG - Progreso: 1501/2070 clics
2026-08-20 19:30:01 - pixel_automator - DEBUG - Progreso: 1601/2070 clics
2026-08-20 19:30:01 - pixel_automator - DEBUG - Progreso: 1701/2070 clics
2026-08-20 19:30:02 - pixel_automator - DEBUG - Progreso: 1801/2070 clics
2026-08-20 19:30:02 - pixel_automator - DEBUG - Progreso: 1901/2070 clics
2026-08-20 19:30:02 - pixel_automator - DEBUG - Progreso: 2001/2070 clics
2026-08-20 19:30:03 - pixel_automator - INFO - Ejecución completada: 2070 clics
2026-08-20 19:30:03 - pixel_automator - INFO - ✅ Todos los clics ejecutados correctamente
2026-08-20 19:30:08 - pixel_automator - DEBUG - 🔄 update_ui_state: color_selected=True, target_color=(248, 178, 119)
2026-08-20 19:30:10 - pixel_automator - INFO - 🔍 Iniciando análisis...
2026-08-20 19:30:10 - pixel_automator - DEBUG - Capturando área: {'left': 1208, 'top': 196, 'width': 1015, 'height': 521}
2026-08-20 19:30:10 - pixel_automator - INFO - ✅ Área capturada: (521, 1015, 3) (BGR)
2026-08-20 19:30:10 - pixel_automator - INFO - ⏳ Analizando en segundo plano...
2026-08-20 19:30:10 - pixel_automator - INFO - 🔍 Buscando color exacto: RGB(248, 178, 119)
2026-08-20 19:30:10 - pixel_automator - INFO - 📐 Tamaño de imagen: (521, 1015, 3)
2026-08-20 19:30:10 - pixel_automator - INFO - 📏 Reduciendo imagen de 1015x521 a 312x160 para rendimiento
2026-08-20 19:30:10 - pixel_automator - INFO - 🔍 Buscando color exacto...
2026-08-20 19:30:10 - pixel_automator - INFO - 📊 Coincidencias encontradas: 15275
2026-08-20 19:30:10 - pixel_automator - INFO - 📊 Agrupando con distancia: 8 píxeles
2026-08-20 19:30:10 - pixel_automator - INFO - 📊 Agrupados 15275 píxeles en 2141 grupos (grid 4x4)
2026-08-20 19:30:10 - pixel_automator - INFO - ✅ 2141 objetivos únicos encontrados (de 15275 píxeles)
2026-08-20 19:30:10 - pixel_automator - INFO - ✅ Encontrados 2141 objetivos
2026-08-20 19:30:10 - pixel_automator - INFO - ✅ 2141 objetivos únicos encontrados
2026-08-20 19:30:10 - pixel_automator - DEBUG - 🔄 update_ui_state: color_selected=True, target_color=(248, 178, 119)
2026-08-20 19:30:16 - pixel_automator - INFO - 📌 Seleccionando área de búsqueda...
2026-08-20 19:30:16 - pixel_automator - INFO - Iniciando selector de área interactivo
2026-08-20 19:30:16 - pixel_automator - DEBUG - AreaSelector inicializado
2026-08-20 19:30:23 - pixel_automator - INFO - Área seleccionada: {'left': 1610, 'top': 534, 'width': 434, 'height': 190}
2026-08-20 19:30:23 - pixel_automator - INFO - ✅ Área seleccionada: 434x190 px
2026-08-20 19:30:23 - pixel_automator - DEBUG - 🔄 update_ui_state: color_selected=True, target_color=(248, 178, 119)
2026-08-20 19:30:25 - pixel_automator - INFO - 🔍 Iniciando análisis...
2026-08-20 19:30:25 - pixel_automator - DEBUG - Capturando área: {'left': 1610, 'top': 534, 'width': 434, 'height': 190}
2026-08-20 19:30:25 - pixel_automator - INFO - ✅ Área capturada: (190, 434, 3) (BGR)
2026-08-20 19:30:25 - pixel_automator - INFO - ⏳ Analizando en segundo plano...
2026-08-20 19:30:25 - pixel_automator - INFO - 🔍 Buscando color exacto: RGB(248, 178, 119)
2026-08-20 19:30:25 - pixel_automator - INFO - 📐 Tamaño de imagen: (190, 434, 3)
2026-08-20 19:30:25 - pixel_automator - INFO - 📏 Reduciendo imagen de 434x190 a 337x147 para rendimiento
2026-08-20 19:30:25 - pixel_automator - INFO - 🔍 Buscando color exacto...
2026-08-20 19:30:25 - pixel_automator - INFO - 📊 Coincidencias encontradas: 14565
2026-08-20 19:30:25 - pixel_automator - INFO - 📊 Agrupando con distancia: 8 píxeles
2026-08-20 19:30:25 - pixel_automator - INFO - 📊 Agrupados 14565 píxeles en 1340 grupos (grid 4x4)
2026-08-20 19:30:25 - pixel_automator - INFO - ✅ 1340 objetivos únicos encontrados (de 14565 píxeles)
2026-08-20 19:30:25 - pixel_automator - INFO - ✅ Encontrados 1340 objetivos
2026-08-20 19:30:25 - pixel_automator - INFO - ✅ 1340 objetivos únicos encontrados
2026-08-20 19:30:25 - pixel_automator - DEBUG - 🔄 update_ui_state: color_selected=True, target_color=(248, 178, 119)
2026-08-20 19:30:30 - pixel_automator - INFO - 🖱️ Ejecutando 1340 clics...
2026-08-20 19:30:30 - pixel_automator - INFO - ClickExecutor inicializado
2026-08-20 19:30:30 - pixel_automator - INFO - Iniciando ejecución de 1340 clics
2026-08-20 19:30:30 - pixel_automator - DEBUG - Progreso: 1/1340 clics
2026-08-20 19:30:30 - pixel_automator - DEBUG - Progreso: 101/1340 clics
2026-08-20 19:30:31 - pixel_automator - DEBUG - Progreso: 201/1340 clics
2026-08-20 19:30:31 - pixel_automator - DEBUG - Progreso: 301/1340 clics
2026-08-20 19:30:32 - pixel_automator - DEBUG - Progreso: 401/1340 clics
2026-08-20 19:30:32 - pixel_automator - DEBUG - Progreso: 501/1340 clics
2026-08-20 19:30:32 - pixel_automator - DEBUG - Progreso: 601/1340 clics
2026-08-20 19:30:33 - pixel_automator - DEBUG - Progreso: 701/1340 clics
2026-08-20 19:30:33 - pixel_automator - DEBUG - Progreso: 801/1340 clics
2026-08-20 19:30:34 - pixel_automator - DEBUG - Progreso: 901/1340 clics
2026-08-20 19:30:34 - pixel_automator - DEBUG - Progreso: 1001/1340 clics
2026-08-20 19:30:34 - pixel_automator - DEBUG - Progreso: 1101/1340 clics
2026-08-20 19:30:35 - pixel_automator - DEBUG - Progreso: 1201/1340 clics
2026-08-20 19:30:35 - pixel_automator - DEBUG - Progreso: 1301/1340 clics
2026-08-20 19:30:35 - pixel_automator - INFO - Ejecución completada: 1340 clics
2026-08-20 19:30:35 - pixel_automator - INFO - ✅ Todos los clics ejecutados correctamente
2026-08-20 19:30:40 - pixel_automator - DEBUG - 🔄 update_ui_state: color_selected=True, target_color=(248, 178, 119)
2026-08-20 19:32:29 - pixel_automator - INFO - 🎨 Seleccionando color objetivo...
2026-08-20 19:32:29 - pixel_automator - INFO - Iniciando selector de área interactivo
2026-08-20 19:32:29 - pixel_automator - DEBUG - AreaSelector inicializado
2026-08-20 19:32:34 - pixel_automator - INFO - Área seleccionada: {'left': 1827, 'top': 361, 'width': 20, 'height': 18}
2026-08-20 19:32:34 - pixel_automator - DEBUG - Capturando área: {'left': 1827, 'top': 361, 'width': 20, 'height': 18}
2026-08-20 19:32:34 - pixel_automator - INFO - ✅ Área capturada: (18, 20, 3) (BGR)
2026-08-20 19:32:34 - pixel_automator - INFO - 📐 Área seleccionada: x=1827, y=361, w=20, h=18
2026-08-20 19:32:34 - pixel_automator - INFO - 📊 Imagen recibida: shape=(18, 20, 3)
2026-08-20 19:32:34 - pixel_automator - INFO - 🎯 Centro de la imagen recortada: (10, 9)
2026-08-20 19:32:34 - pixel_automator - INFO - 🎯 Píxel CENTRAL exacto: RGB(248, 178, 119)
2026-08-20 19:32:34 - pixel_automator - INFO -    HEX: #f8b277
2026-08-20 19:32:34 - pixel_automator - INFO - 📸 Imagen de prueba guardada como 'test_color.png'
2026-08-20 19:32:34 - pixel_automator - INFO - 🎨 Colores únicos en el área: 1
2026-08-20 19:32:34 - pixel_automator - INFO - 📊 Colores más comunes en el área:
2026-08-20 19:32:34 - pixel_automator - INFO -    RGB(248, 178, 119): 360 píxeles (100.0%)
2026-08-20 19:32:34 - pixel_automator - INFO - 📏 Distancia de clustering calculada: 9 px
2026-08-20 19:32:34 - pixel_automator - INFO - 🎯 Color objetivo establecido: RGB(248, 178, 119)
2026-08-20 19:32:34 - pixel_automator - INFO - ✅ Color CAPTURADO: RGB(248, 178, 119)
2026-08-20 19:32:34 - pixel_automator - INFO - 📏 Tamaño de muestra: 18px (usado para clustering)
2026-08-20 19:32:34 - pixel_automator - DEBUG - 🔄 update_ui_state: color_selected=True, target_color=(248, 178, 119)
2026-08-20 19:32:38 - pixel_automator - INFO - 📌 Seleccionando área de búsqueda...
2026-08-20 19:32:38 - pixel_automator - INFO - Iniciando selector de área interactivo
2026-08-20 19:32:38 - pixel_automator - DEBUG - AreaSelector inicializado
2026-08-20 19:32:44 - pixel_automator - INFO - Área seleccionada: {'left': 1411, 'top': 278, 'width': 843, 'height': 367}
2026-08-20 19:32:44 - pixel_automator - INFO - ✅ Área seleccionada: 843x367 px
2026-08-20 19:32:44 - pixel_automator - DEBUG - 🔄 update_ui_state: color_selected=True, target_color=(248, 178, 119)
2026-08-20 19:32:45 - pixel_automator - INFO - 🔍 Iniciando análisis...
2026-08-20 19:32:45 - pixel_automator - DEBUG - Capturando área: {'left': 1411, 'top': 278, 'width': 843, 'height': 367}
2026-08-20 19:32:45 - pixel_automator - INFO - ✅ Área capturada: (367, 843, 3) (BGR)
2026-08-20 19:32:45 - pixel_automator - INFO - ⏳ Analizando en segundo plano...
2026-08-20 19:32:45 - pixel_automator - INFO - 🔍 Buscando color exacto: RGB(248, 178, 119)
2026-08-20 19:32:45 - pixel_automator - INFO - 📐 Tamaño de imagen: (367, 843, 3)
2026-08-20 19:32:45 - pixel_automator - INFO - 📏 Reduciendo imagen de 843x367 a 338x147 para rendimiento
2026-08-20 19:32:45 - pixel_automator - INFO - 🔍 Buscando color exacto...
2026-08-20 19:32:45 - pixel_automator - INFO - 📊 Coincidencias encontradas: 6642
2026-08-20 19:32:45 - pixel_automator - INFO - 📊 Agrupando con distancia: 9 píxeles
2026-08-20 19:32:45 - pixel_automator - INFO - 📊 Agrupados 6642 píxeles en 753 grupos (grid 4x4)
2026-08-20 19:32:45 - pixel_automator - INFO - ✅ 753 objetivos únicos encontrados (de 6642 píxeles)
2026-08-20 19:32:45 - pixel_automator - INFO - ✅ Encontrados 753 objetivos
2026-08-20 19:32:45 - pixel_automator - INFO - ✅ 753 objetivos únicos encontrados
2026-08-20 19:32:45 - pixel_automator - DEBUG - 🔄 update_ui_state: color_selected=True, target_color=(248, 178, 119)
2026-08-20 19:32:48 - pixel_automator - INFO - 🖱️ Ejecutando 753 clics...
2026-08-20 19:32:48 - pixel_automator - INFO - ClickExecutor inicializado
2026-08-20 19:32:48 - pixel_automator - INFO - Iniciando ejecución de 753 clics
2026-08-20 19:32:49 - pixel_automator - DEBUG - Progreso: 1/753 clics
2026-08-20 19:32:49 - pixel_automator - DEBUG - Progreso: 101/753 clics
2026-08-20 19:32:49 - pixel_automator - DEBUG - Progreso: 201/753 clics
2026-08-20 19:32:50 - pixel_automator - DEBUG - Progreso: 301/753 clics
2026-08-20 19:32:50 - pixel_automator - DEBUG - Progreso: 401/753 clics
2026-08-20 19:32:51 - pixel_automator - DEBUG - Progreso: 501/753 clics
2026-08-20 19:32:51 - pixel_automator - DEBUG - Progreso: 601/753 clics
2026-08-20 19:32:51 - pixel_automator - DEBUG - Progreso: 701/753 clics
2026-08-20 19:32:52 - pixel_automator - INFO - Ejecución completada: 753 clics
2026-08-20 19:32:52 - pixel_automator - INFO - ✅ Todos los clics ejecutados correctamente
2026-08-20 19:32:54 - pixel_automator - DEBUG - 🔄 update_ui_state: color_selected=True, target_color=(248, 178, 119)
2026-08-20 19:35:31 - pixel_automator - INFO - Aplicación cerrada
2026-08-20 19:35:34 - pixel_automator - INFO - === INICIANDO PIXEL AUTOMATOR ===
2026-08-20 19:35:34 - pixel_automator - INFO - QApplication creada
2026-08-20 19:35:34 - pixel_automator - INFO - ScreenCapture inicializado
2026-08-20 19:35:34 - pixel_automator - INFO - ColorMatcher inicializado
2026-08-20 19:35:34 - pixel_automator - DEBUG - 🔄 update_ui_state: color_selected=False, target_color=None
2026-08-20 19:35:34 - pixel_automator - INFO - MainWindow inicializada - Modo Color Exacto
2026-08-20 19:35:34 - pixel_automator - INFO - Ventana principal creada
2026-08-20 19:35:35 - pixel_automator - INFO - Ventana mostrada
2026-08-20 19:35:37 - pixel_automator - INFO - 🎨 Seleccionando color objetivo...
2026-08-20 19:35:37 - pixel_automator - INFO - Iniciando selector de área interactivo
2026-08-20 19:35:37 - pixel_automator - DEBUG - AreaSelector inicializado
2026-08-20 19:35:45 - pixel_automator - INFO - Área seleccionada: {'left': 2124, 'top': 363, 'width': 16, 'height': 17}
2026-08-20 19:35:45 - pixel_automator - DEBUG - Capturando área: {'left': 2124, 'top': 363, 'width': 16, 'height': 17}
2026-08-20 19:35:45 - pixel_automator - INFO - ✅ Área capturada: (17, 16, 3) (BGR)
2026-08-20 19:35:45 - pixel_automator - INFO - 📐 Área seleccionada: x=2124, y=363, w=16, h=17
2026-08-20 19:35:45 - pixel_automator - INFO - 📊 Imagen recibida: shape=(17, 16, 3)
2026-08-20 19:35:45 - pixel_automator - INFO - 🎯 Centro de la imagen recortada: (8, 8)
2026-08-20 19:35:45 - pixel_automator - INFO - 🎯 Píxel CENTRAL exacto: RGB(248, 178, 119)
2026-08-20 19:35:45 - pixel_automator - INFO -    HEX: #f8b277
2026-08-20 19:35:45 - pixel_automator - INFO - 📸 Imagen de prueba guardada como 'test_color.png'
2026-08-20 19:35:45 - pixel_automator - INFO - 🎨 Colores únicos en el área: 1
2026-08-20 19:35:45 - pixel_automator - INFO - 📊 Colores más comunes en el área:
2026-08-20 19:35:45 - pixel_automator - INFO -    RGB(248, 178, 119): 272 píxeles (100.0%)
2026-08-20 19:35:45 - pixel_automator - INFO - 📏 Distancia de clustering calculada: 8 px
2026-08-20 19:35:45 - pixel_automator - INFO - 🎯 Color objetivo establecido: RGB(248, 178, 119)
2026-08-20 19:35:45 - pixel_automator - INFO - ✅ Color CAPTURADO: RGB(248, 178, 119)
2026-08-20 19:35:45 - pixel_automator - INFO - 📏 Tamaño de muestra: 16px (usado para clustering)
2026-08-20 19:35:45 - pixel_automator - DEBUG - 🔄 update_ui_state: color_selected=True, target_color=(248, 178, 119)
2026-08-20 19:35:47 - pixel_automator - INFO - 📌 Seleccionando área de búsqueda...
2026-08-20 19:35:47 - pixel_automator - INFO - Iniciando selector de área interactivo
2026-08-20 19:35:47 - pixel_automator - DEBUG - AreaSelector inicializado
2026-08-20 19:35:57 - pixel_automator - INFO - Área seleccionada: {'left': 1413, 'top': 276, 'width': 845, 'height': 478}
2026-08-20 19:35:57 - pixel_automator - INFO - ✅ Área seleccionada: 845x478 px
2026-08-20 19:35:57 - pixel_automator - DEBUG - 🔄 update_ui_state: color_selected=True, target_color=(248, 178, 119)
2026-08-20 19:35:59 - pixel_automator - INFO - 🔍 Iniciando análisis...
2026-08-20 19:35:59 - pixel_automator - DEBUG - Capturando área: {'left': 1413, 'top': 276, 'width': 845, 'height': 478}
2026-08-20 19:35:59 - pixel_automator - INFO - ✅ Área capturada: (478, 845, 3) (BGR)
2026-08-20 19:35:59 - pixel_automator - INFO - ⏳ Analizando en segundo plano...
2026-08-20 19:35:59 - pixel_automator - INFO - 🔍 Buscando color exacto: RGB(248, 178, 119)
2026-08-20 19:35:59 - pixel_automator - INFO - 📐 Tamaño de imagen: (478, 845, 3)
2026-08-20 19:35:59 - pixel_automator - INFO - 📏 Reduciendo imagen de 845x478 a 297x168 para rendimiento
2026-08-20 19:35:59 - pixel_automator - INFO - 🔍 Buscando color exacto...
2026-08-20 19:35:59 - pixel_automator - INFO - 📊 Coincidencias encontradas: 9294
2026-08-20 19:35:59 - pixel_automator - INFO - 📊 Agrupando con distancia: 8 píxeles
2026-08-20 19:35:59 - pixel_automator - INFO - 📊 Agrupados 9294 píxeles en 1079 grupos (grid 4x4)
2026-08-20 19:35:59 - pixel_automator - INFO - ✅ 1079 objetivos únicos encontrados (de 9294 píxeles)
2026-08-20 19:35:59 - pixel_automator - INFO - ✅ Encontrados 1079 objetivos
2026-08-20 19:35:59 - pixel_automator - INFO - ✅ 1079 objetivos únicos encontrados
2026-08-20 19:35:59 - pixel_automator - DEBUG - 🔄 update_ui_state: color_selected=True, target_color=(248, 178, 119)
2026-08-20 19:36:04 - pixel_automator - INFO - 🖱️ Ejecutando 1079 clics...
2026-08-20 19:36:04 - pixel_automator - INFO - ClickExecutor inicializado
2026-08-20 19:36:04 - pixel_automator - INFO - Iniciando ejecución de 1079 clics
2026-08-20 19:36:04 - pixel_automator - DEBUG - Progreso: 1/1079 clics
2026-08-20 19:36:04 - pixel_automator - DEBUG - Progreso: 101/1079 clics
2026-08-20 19:36:05 - pixel_automator - DEBUG - Progreso: 201/1079 clics
2026-08-20 19:36:05 - pixel_automator - DEBUG - Progreso: 301/1079 clics
2026-08-20 19:36:05 - pixel_automator - DEBUG - Progreso: 401/1079 clics
2026-08-20 19:36:06 - pixel_automator - DEBUG - Progreso: 501/1079 clics
2026-08-20 19:36:06 - pixel_automator - DEBUG - Progreso: 601/1079 clics
2026-08-20 19:36:07 - pixel_automator - DEBUG - Progreso: 701/1079 clics
2026-08-20 19:36:07 - pixel_automator - DEBUG - Progreso: 801/1079 clics
2026-08-20 19:36:07 - pixel_automator - DEBUG - Progreso: 901/1079 clics
2026-08-20 19:36:08 - pixel_automator - DEBUG - Progreso: 1001/1079 clics
2026-08-20 19:36:08 - pixel_automator - INFO - Ejecución completada: 1079 clics
2026-08-20 19:36:08 - pixel_automator - INFO - ✅ Todos los clics ejecutados correctamente
2026-08-20 19:36:10 - pixel_automator - DEBUG - 🔄 update_ui_state: color_selected=True, target_color=(248, 178, 119)
2026-08-20 19:41:14 - pixel_automator - INFO - 📌 Seleccionando área de búsqueda...
2026-08-20 19:41:14 - pixel_automator - INFO - Iniciando selector de área interactivo
2026-08-20 19:41:14 - pixel_automator - DEBUG - AreaSelector inicializado
2026-08-20 19:41:23 - pixel_automator - INFO - Área seleccionada: {'left': 1142, 'top': 230, 'width': 1091, 'height': 534}
2026-08-20 19:41:23 - pixel_automator - INFO - ✅ Área seleccionada: 1091x534 px
2026-08-20 19:41:23 - pixel_automator - DEBUG - 🔄 update_ui_state: color_selected=True, target_color=(248, 178, 119)
2026-08-20 19:41:25 - pixel_automator - INFO - 🔍 Iniciando análisis...
2026-08-20 19:41:25 - pixel_automator - DEBUG - Capturando área: {'left': 1142, 'top': 230, 'width': 1091, 'height': 534}
2026-08-20 19:41:25 - pixel_automator - INFO - ✅ Área capturada: (534, 1091, 3) (BGR)
2026-08-20 19:41:25 - pixel_automator - INFO - ⏳ Analizando en segundo plano...
2026-08-20 19:41:25 - pixel_automator - INFO - 🔍 Buscando color exacto: RGB(248, 178, 119)
2026-08-20 19:41:25 - pixel_automator - INFO - 📐 Tamaño de imagen: (534, 1091, 3)
2026-08-20 19:41:25 - pixel_automator - INFO - 🔍 Buscando color exacto...
2026-08-20 19:41:25 - pixel_automator - INFO - 📏 Reduciendo imagen de 1091x534 a 319x156 para rendimiento
2026-08-20 19:41:25 - pixel_automator - INFO - 📊 Coincidencias encontradas: 11026
2026-08-20 19:41:25 - pixel_automator - INFO - 📊 Agrupando con distancia: 8 píxeles
2026-08-20 19:41:25 - pixel_automator - INFO - 📊 Agrupados 11026 píxeles en 1857 grupos (grid 4x4)
2026-08-20 19:41:25 - pixel_automator - INFO - ✅ 1857 objetivos únicos encontrados (de 11026 píxeles)
2026-08-20 19:41:25 - pixel_automator - INFO - ✅ Encontrados 1857 objetivos
2026-08-20 19:41:25 - pixel_automator - INFO - ✅ 1857 objetivos únicos encontrados
2026-08-20 19:41:25 - pixel_automator - DEBUG - 🔄 update_ui_state: color_selected=True, target_color=(248, 178, 119)
2026-08-20 19:41:31 - pixel_automator - INFO - 🖱️ Ejecutando 1857 clics...
2026-08-20 19:41:31 - pixel_automator - INFO - ClickExecutor inicializado
2026-08-20 19:41:31 - pixel_automator - INFO - Iniciando ejecución de 1857 clics
2026-08-20 19:41:31 - pixel_automator - DEBUG - Progreso: 1/1857 clics
2026-08-20 19:41:32 - pixel_automator - DEBUG - Progreso: 101/1857 clics
2026-08-20 19:41:32 - pixel_automator - DEBUG - Progreso: 201/1857 clics
2026-08-20 19:41:33 - pixel_automator - DEBUG - Progreso: 301/1857 clics
2026-08-20 19:41:33 - pixel_automator - DEBUG - Progreso: 401/1857 clics
2026-08-20 19:41:33 - pixel_automator - DEBUG - Progreso: 501/1857 clics
2026-08-20 19:41:34 - pixel_automator - DEBUG - Progreso: 601/1857 clics
2026-08-20 19:41:34 - pixel_automator - DEBUG - Progreso: 701/1857 clics
2026-08-20 19:41:35 - pixel_automator - DEBUG - Progreso: 801/1857 clics
2026-08-20 19:41:35 - pixel_automator - DEBUG - Progreso: 901/1857 clics
2026-08-20 19:41:36 - pixel_automator - DEBUG - Progreso: 1001/1857 clics
2026-08-20 19:41:36 - pixel_automator - DEBUG - Progreso: 1101/1857 clics
2026-08-20 19:41:36 - pixel_automator - DEBUG - Progreso: 1201/1857 clics
2026-08-20 19:41:37 - pixel_automator - DEBUG - Progreso: 1301/1857 clics
2026-08-20 19:41:37 - pixel_automator - DEBUG - Progreso: 1401/1857 clics
2026-08-20 19:41:38 - pixel_automator - DEBUG - Progreso: 1501/1857 clics
2026-08-20 19:41:38 - pixel_automator - DEBUG - Progreso: 1601/1857 clics
2026-08-20 19:41:38 - pixel_automator - DEBUG - Progreso: 1701/1857 clics
2026-08-20 19:41:39 - pixel_automator - DEBUG - Progreso: 1801/1857 clics
2026-08-20 19:41:39 - pixel_automator - INFO - Ejecución completada: 1857 clics
2026-08-20 19:41:39 - pixel_automator - INFO - ✅ Todos los clics ejecutados correctamente
2026-08-20 19:41:43 - pixel_automator - DEBUG - 🔄 update_ui_state: color_selected=True, target_color=(248, 178, 119)
2026-08-20 20:17:52 - pixel_automator - INFO - Aplicación cerrada
2026-08-20 20:18:24 - pixel_automator - INFO - === INICIANDO PIXEL AUTOMATOR ===
2026-08-20 20:18:24 - pixel_automator - INFO - QApplication creada
2026-08-20 20:18:24 - pixel_automator - INFO - ScreenCapture inicializado
2026-08-20 20:18:24 - pixel_automator - INFO - ColorMatcher inicializado
2026-08-20 20:18:24 - pixel_automator - DEBUG - 🔄 update_ui_state: color_selected=False, target_color=None
2026-08-20 20:18:24 - pixel_automator - INFO - MainWindow inicializada - Modo Color Exacto
2026-08-20 20:18:24 - pixel_automator - INFO - Ventana principal creada
2026-08-20 20:18:25 - pixel_automator - INFO - Ventana mostrada
2026-08-20 20:18:28 - pixel_automator - INFO - 🎨 Seleccionando color objetivo...
2026-08-20 20:18:28 - pixel_automator - INFO - Iniciando selector de área interactivo
2026-08-20 20:18:28 - pixel_automator - DEBUG - AreaSelector inicializado
2026-08-20 20:18:33 - pixel_automator - INFO - Área seleccionada: {'left': 1999, 'top': 740, 'width': 12, 'height': 12}
2026-08-20 20:18:33 - pixel_automator - DEBUG - Capturando área: {'left': 1999, 'top': 740, 'width': 12, 'height': 12}
2026-08-20 20:18:33 - pixel_automator - INFO - ✅ Área capturada: (12, 12, 3) (BGR)
2026-08-20 20:18:33 - pixel_automator - INFO - 📐 Área seleccionada: x=1999, y=740, w=12, h=12
2026-08-20 20:18:33 - pixel_automator - INFO - 📊 Imagen recibida: shape=(12, 12, 3)
2026-08-20 20:18:33 - pixel_automator - INFO - 🎯 Centro de la imagen recortada: (6, 6)
2026-08-20 20:18:33 - pixel_automator - INFO - 🎯 Píxel CENTRAL exacto: RGB(224, 159, 249)
2026-08-20 20:18:33 - pixel_automator - INFO -    HEX: #e09ff9
2026-08-20 20:18:33 - pixel_automator - INFO - 📸 Imagen de prueba guardada como 'test_color.png'
2026-08-20 20:18:33 - pixel_automator - INFO - 🎨 Colores únicos en el área: 1
2026-08-20 20:18:33 - pixel_automator - INFO - 📊 Colores más comunes en el área:
2026-08-20 20:18:33 - pixel_automator - INFO -    RGB(224, 159, 249): 144 píxeles (100.0%)
2026-08-20 20:18:33 - pixel_automator - INFO - 📏 Distancia de clustering calculada: 6 px
2026-08-20 20:18:33 - pixel_automator - INFO - 🎯 Color objetivo establecido: RGB(224, 159, 249)
2026-08-20 20:18:33 - pixel_automator - INFO - ✅ Color CAPTURADO: RGB(224, 159, 249)
2026-08-20 20:18:33 - pixel_automator - INFO - 📏 Tamaño de muestra: 12px (usado para clustering)
2026-08-20 20:18:33 - pixel_automator - DEBUG - 🔄 update_ui_state: color_selected=True, target_color=(224, 159, 249)
2026-08-20 20:18:35 - pixel_automator - INFO - 📌 Seleccionando área de búsqueda...
2026-08-20 20:18:35 - pixel_automator - INFO - Iniciando selector de área interactivo
2026-08-20 20:18:35 - pixel_automator - DEBUG - AreaSelector inicializado
2026-08-20 20:18:40 - pixel_automator - INFO - Área seleccionada: {'left': 1721, 'top': 321, 'width': 347, 'height': 749}
2026-08-20 20:18:40 - pixel_automator - INFO - ✅ Área seleccionada: 347x749 px
2026-08-20 20:18:40 - pixel_automator - DEBUG - 🔄 update_ui_state: color_selected=True, target_color=(224, 159, 249)
2026-08-20 20:18:41 - pixel_automator - INFO - 🔍 Iniciando análisis...
2026-08-20 20:18:41 - pixel_automator - DEBUG - Capturando área: {'left': 1721, 'top': 321, 'width': 347, 'height': 749}
2026-08-20 20:18:41 - pixel_automator - INFO - ✅ Área capturada: (749, 347, 3) (BGR)
2026-08-20 20:18:41 - pixel_automator - INFO - ⏳ Analizando en segundo plano...
2026-08-20 20:18:41 - pixel_automator - INFO - 🔍 Buscando color exacto...
2026-08-20 20:18:41 - pixel_automator - ERROR - Error en análisis: name 'total_pixels' is not defined
2026-08-20 20:19:41 - pixel_automator - INFO - 📌 Seleccionando área de búsqueda...
2026-08-20 20:19:41 - pixel_automator - INFO - Iniciando selector de área interactivo
2026-08-20 20:19:41 - pixel_automator - DEBUG - AreaSelector inicializado
2026-08-20 20:19:46 - pixel_automator - INFO - Área seleccionada: {'left': 1605, 'top': 156, 'width': 285, 'height': 733}
2026-08-20 20:19:46 - pixel_automator - INFO - ✅ Área seleccionada: 285x733 px
2026-08-20 20:19:46 - pixel_automator - DEBUG - 🔄 update_ui_state: color_selected=True, target_color=(224, 159, 249)
2026-08-20 20:19:48 - pixel_automator - INFO - 🔍 Iniciando análisis...
2026-08-20 20:19:48 - pixel_automator - DEBUG - Capturando área: {'left': 1605, 'top': 156, 'width': 285, 'height': 733}
2026-08-20 20:19:48 - pixel_automator - INFO - ✅ Área capturada: (733, 285, 3) (BGR)
2026-08-20 20:19:48 - pixel_automator - INFO - ⏳ Analizando en segundo plano...
2026-08-20 20:19:48 - pixel_automator - INFO - 🔍 Buscando color exacto...
2026-08-20 20:19:48 - pixel_automator - ERROR - Error en análisis: name 'total_pixels' is not defined
2026-08-20 20:20:19 - pixel_automator - INFO - Aplicación cerrada
2026-08-20 20:22:17 - pixel_automator - INFO - === INICIANDO PIXEL AUTOMATOR ===
2026-08-20 20:22:17 - pixel_automator - INFO - QApplication creada
2026-08-20 20:22:17 - pixel_automator - INFO - ScreenCapture inicializado
2026-08-20 20:22:17 - pixel_automator - INFO - ColorMatcher inicializado
2026-08-20 20:22:17 - pixel_automator - DEBUG - 🔄 update_ui_state: color_selected=False, target_color=None
2026-08-20 20:22:17 - pixel_automator - INFO - MainWindow inicializada - Modo Color Exacto
2026-08-20 20:22:17 - pixel_automator - INFO - Ventana principal creada
2026-08-20 20:22:18 - pixel_automator - INFO - Ventana mostrada
2026-08-20 20:22:20 - pixel_automator - INFO - 🎨 Seleccionando color objetivo...
2026-08-20 20:22:20 - pixel_automator - INFO - Iniciando selector de área interactivo
2026-08-20 20:22:20 - pixel_automator - DEBUG - AreaSelector inicializado
2026-08-20 20:22:23 - pixel_automator - INFO - Área seleccionada: {'left': 1647, 'top': 691, 'width': 12, 'height': 12}
2026-08-20 20:22:23 - pixel_automator - DEBUG - Capturando área: {'left': 1647, 'top': 691, 'width': 12, 'height': 12}
2026-08-20 20:22:23 - pixel_automator - INFO - ✅ Área capturada: (12, 12, 3) (BGR)
2026-08-20 20:22:23 - pixel_automator - INFO - 📐 Área seleccionada: x=1647, y=691, w=12, h=12
2026-08-20 20:22:23 - pixel_automator - INFO - 📊 Imagen recibida: shape=(12, 12, 3)
2026-08-20 20:22:23 - pixel_automator - INFO - 🎯 Centro de la imagen recortada: (6, 6)
2026-08-20 20:22:23 - pixel_automator - INFO - 🎯 Píxel CENTRAL exacto: RGB(224, 159, 249)
2026-08-20 20:22:23 - pixel_automator - INFO -    HEX: #e09ff9
2026-08-20 20:22:23 - pixel_automator - INFO - 📸 Imagen de prueba guardada como 'test_color.png'
2026-08-20 20:22:23 - pixel_automator - INFO - 🎨 Colores únicos en el área: 1
2026-08-20 20:22:23 - pixel_automator - INFO - 📊 Colores más comunes en el área:
2026-08-20 20:22:23 - pixel_automator - INFO -    RGB(224, 159, 249): 144 píxeles (100.0%)
2026-08-20 20:22:23 - pixel_automator - INFO - 📏 Distancia de clustering calculada: 10 px
2026-08-20 20:22:23 - pixel_automator - INFO - 🎯 Color objetivo establecido: RGB(224, 159, 249)
2026-08-20 20:22:23 - pixel_automator - INFO - ✅ Color CAPTURADO: RGB(224, 159, 249)
2026-08-20 20:22:23 - pixel_automator - INFO - 📏 Tamaño de muestra: 12px (usado para clustering)
2026-08-20 20:22:23 - pixel_automator - DEBUG - 🔄 update_ui_state: color_selected=True, target_color=(224, 159, 249)
2026-08-20 20:22:25 - pixel_automator - INFO - 📌 Seleccionando área de búsqueda...
2026-08-20 20:22:25 - pixel_automator - INFO - Iniciando selector de área interactivo
2026-08-20 20:22:25 - pixel_automator - DEBUG - AreaSelector inicializado
2026-08-20 20:22:29 - pixel_automator - INFO - Área seleccionada: {'left': 1425, 'top': 254, 'width': 350, 'height': 816}
2026-08-20 20:22:29 - pixel_automator - INFO - ✅ Área seleccionada: 350x816 px
2026-08-20 20:22:29 - pixel_automator - DEBUG - 🔄 update_ui_state: color_selected=True, target_color=(224, 159, 249)
2026-08-20 20:22:30 - pixel_automator - INFO - 🔍 Iniciando análisis...
2026-08-20 20:22:30 - pixel_automator - DEBUG - Capturando área: {'left': 1425, 'top': 254, 'width': 350, 'height': 816}
2026-08-20 20:22:30 - pixel_automator - INFO - ✅ Área capturada: (816, 350, 3) (BGR)
2026-08-20 20:22:30 - pixel_automator - INFO - ⏳ Analizando en segundo plano...
2026-08-20 20:22:30 - pixel_automator - INFO - 🔍 Buscando color exacto: RGB(224, 159, 249)
2026-08-20 20:22:30 - pixel_automator - INFO - 📐 Tamaño original: 350x816
2026-08-20 20:22:30 - pixel_automator - INFO - 📏 Reduciendo imagen de 350x816 a 146x341 para rendimiento
2026-08-20 20:22:30 - pixel_automator - INFO - 🔍 Buscando color exacto...
2026-08-20 20:22:30 - pixel_automator - INFO - 📐 Factor de escala: x=2.40, y=2.39
2026-08-20 20:22:30 - pixel_automator - INFO - 📊 Coincidencias encontradas: 4852
2026-08-20 20:22:30 - pixel_automator - INFO - 📊 Agrupando con distancia: 10 píxeles
2026-08-20 20:22:30 - pixel_automator - INFO - 📊 Grid clustering con cell_size=10
2026-08-20 20:22:30 - pixel_automator - INFO - 📊 Agrupados 4852 píxeles en 157 grupos
2026-08-20 20:22:30 - pixel_automator - INFO - 📊 157 grupos encontrados (de 4852 píxeles)
2026-08-20 20:22:30 - pixel_automator - INFO - 📏 Escalando coordenadas al tamaño original...
2026-08-20 20:22:30 - pixel_automator - INFO - ✅ 157 objetivos en coordenadas originales
2026-08-20 20:22:30 - pixel_automator - INFO - ✅ Encontrados 157 objetivos
2026-08-20 20:22:30 - pixel_automator - INFO - ✅ 157 objetivos únicos encontrados
2026-08-20 20:22:30 - pixel_automator - DEBUG - 🔄 update_ui_state: color_selected=True, target_color=(224, 159, 249)
2026-08-20 20:22:34 - pixel_automator - INFO - 🖱️ Ejecutando 157 clics...
2026-08-20 20:22:34 - pixel_automator - INFO - ClickExecutor inicializado
2026-08-20 20:22:34 - pixel_automator - INFO - Iniciando ejecución de 157 clics
2026-08-20 20:22:34 - pixel_automator - DEBUG - Progreso: 1/157 clics
2026-08-20 20:22:35 - pixel_automator - DEBUG - Progreso: 101/157 clics
2026-08-20 20:22:35 - pixel_automator - INFO - Ejecución completada: 157 clics
2026-08-20 20:22:35 - pixel_automator - INFO - ✅ Todos los clics ejecutados correctamente
2026-08-20 20:22:41 - pixel_automator - DEBUG - 🔄 update_ui_state: color_selected=True, target_color=(224, 159, 249)
2026-08-20 20:22:43 - pixel_automator - INFO - 📌 Seleccionando área de búsqueda...
2026-08-20 20:22:43 - pixel_automator - INFO - Iniciando selector de área interactivo
2026-08-20 20:22:43 - pixel_automator - DEBUG - AreaSelector inicializado
2026-08-20 20:22:45 - pixel_automator - INFO - Área seleccionada: {'left': 902, 'top': 380, 'width': 384, 'height': 638}
2026-08-20 20:22:45 - pixel_automator - INFO - ✅ Área seleccionada: 384x638 px
2026-08-20 20:22:45 - pixel_automator - DEBUG - 🔄 update_ui_state: color_selected=True, target_color=(224, 159, 249)
2026-08-20 20:22:47 - pixel_automator - INFO - 🔍 Iniciando análisis...
2026-08-20 20:22:47 - pixel_automator - DEBUG - Capturando área: {'left': 902, 'top': 380, 'width': 384, 'height': 638}
2026-08-20 20:22:47 - pixel_automator - INFO - ✅ Área capturada: (638, 384, 3) (BGR)
2026-08-20 20:22:47 - pixel_automator - INFO - ⏳ Analizando en segundo plano...
2026-08-20 20:22:47 - pixel_automator - INFO - 🔍 Buscando color exacto: RGB(224, 159, 249)
2026-08-20 20:22:47 - pixel_automator - INFO - 📐 Tamaño original: 384x638
2026-08-20 20:22:47 - pixel_automator - INFO - 🔍 Buscando color exacto...
2026-08-20 20:22:47 - pixel_automator - INFO - 📏 Reduciendo imagen de 384x638 a 173x288 para rendimiento
2026-08-20 20:22:47 - pixel_automator - INFO - 📐 Factor de escala: x=2.22, y=2.22
2026-08-20 20:22:47 - pixel_automator - INFO - 📊 Coincidencias encontradas: 8754
2026-08-20 20:22:47 - pixel_automator - INFO - 📊 Agrupando con distancia: 10 píxeles
2026-08-20 20:22:47 - pixel_automator - INFO - 📊 Grid clustering con cell_size=10
2026-08-20 20:22:47 - pixel_automator - INFO - 📊 Agrupados 8754 píxeles en 128 grupos
2026-08-20 20:22:47 - pixel_automator - INFO - 📊 128 grupos encontrados (de 8754 píxeles)
2026-08-20 20:22:47 - pixel_automator - INFO - 📏 Escalando coordenadas al tamaño original...
2026-08-20 20:22:47 - pixel_automator - INFO - ✅ 128 objetivos en coordenadas originales
2026-08-20 20:22:47 - pixel_automator - INFO - ✅ Encontrados 128 objetivos
2026-08-20 20:22:47 - pixel_automator - INFO - ✅ 128 objetivos únicos encontrados
2026-08-20 20:22:47 - pixel_automator - DEBUG - 🔄 update_ui_state: color_selected=True, target_color=(224, 159, 249)
2026-08-20 20:22:50 - pixel_automator - INFO - 🖱️ Ejecutando 128 clics...
2026-08-20 20:22:50 - pixel_automator - INFO - ClickExecutor inicializado
2026-08-20 20:22:50 - pixel_automator - INFO - Iniciando ejecución de 128 clics
2026-08-20 20:22:50 - pixel_automator - DEBUG - Progreso: 1/128 clics
2026-08-20 20:22:50 - pixel_automator - DEBUG - Progreso: 101/128 clics
2026-08-20 20:22:50 - pixel_automator - INFO - Ejecución completada: 128 clics
2026-08-20 20:22:50 - pixel_automator - INFO - ✅ Todos los clics ejecutados correctamente
2026-08-20 20:23:08 - pixel_automator - DEBUG - 🔄 update_ui_state: color_selected=True, target_color=(224, 159, 249)
2026-08-20 20:23:11 - pixel_automator - INFO - 🎨 Seleccionando color objetivo...
2026-08-20 20:23:11 - pixel_automator - INFO - Iniciando selector de área interactivo
2026-08-20 20:23:11 - pixel_automator - DEBUG - AreaSelector inicializado
2026-08-20 20:23:19 - pixel_automator - INFO - Área seleccionada: {'left': 1467, 'top': 492, 'width': 13, 'height': 11}
2026-08-20 20:23:19 - pixel_automator - DEBUG - Capturando área: {'left': 1467, 'top': 492, 'width': 13, 'height': 11}
2026-08-20 20:23:19 - pixel_automator - INFO - ✅ Área capturada: (11, 13, 3) (BGR)
2026-08-20 20:23:19 - pixel_automator - INFO - 📐 Área seleccionada: x=1467, y=492, w=13, h=11
2026-08-20 20:23:19 - pixel_automator - INFO - 📊 Imagen recibida: shape=(11, 13, 3)
2026-08-20 20:23:19 - pixel_automator - INFO - 🎯 Centro de la imagen recortada: (6, 5)
2026-08-20 20:23:19 - pixel_automator - INFO - 🎯 Píxel CENTRAL exacto: RGB(120, 120, 120)
2026-08-20 20:23:19 - pixel_automator - INFO -    HEX: #787878
2026-08-20 20:23:19 - pixel_automator - INFO - 📸 Imagen de prueba guardada como 'test_color.png'
2026-08-20 20:23:19 - pixel_automator - INFO - 🎨 Colores únicos en el área: 2
2026-08-20 20:23:19 - pixel_automator - INFO - 📊 Colores más comunes en el área:
2026-08-20 20:23:19 - pixel_automator - INFO -    RGB(120, 120, 120): 132 píxeles (92.3%)
2026-08-20 20:23:19 - pixel_automator - INFO -    RGB(255, 255, 255): 11 píxeles (7.7%)
2026-08-20 20:23:19 - pixel_automator - INFO - 📏 Distancia de clustering calculada: 10 px
2026-08-20 20:23:19 - pixel_automator - INFO - 🎯 Color objetivo establecido: RGB(120, 120, 120)
2026-08-20 20:23:19 - pixel_automator - INFO - ✅ Color CAPTURADO: RGB(120, 120, 120)
2026-08-20 20:23:19 - pixel_automator - INFO - 📏 Tamaño de muestra: 11px (usado para clustering)
2026-08-20 20:23:19 - pixel_automator - DEBUG - 🔄 update_ui_state: color_selected=True, target_color=(120, 120, 120)
2026-08-20 20:23:22 - pixel_automator - INFO - 🎨 Seleccionando color objetivo...
2026-08-20 20:23:22 - pixel_automator - INFO - Iniciando selector de área interactivo
2026-08-20 20:23:22 - pixel_automator - DEBUG - AreaSelector inicializado
2026-08-20 20:23:28 - pixel_automator - INFO - Área seleccionada: {'left': 1465, 'top': 573, 'width': 13, 'height': 13}
2026-08-20 20:23:28 - pixel_automator - DEBUG - Capturando área: {'left': 1465, 'top': 573, 'width': 13, 'height': 13}
2026-08-20 20:23:28 - pixel_automator - INFO - ✅ Área capturada: (13, 13, 3) (BGR)
2026-08-20 20:23:28 - pixel_automator - INFO - 📐 Área seleccionada: x=1465, y=573, w=13, h=13
2026-08-20 20:23:28 - pixel_automator - INFO - 📊 Imagen recibida: shape=(13, 13, 3)
2026-08-20 20:23:28 - pixel_automator - INFO - 🎯 Centro de la imagen recortada: (6, 6)
2026-08-20 20:23:28 - pixel_automator - INFO - 🎯 Píxel CENTRAL exacto: RGB(120, 120, 120)
2026-08-20 20:23:28 - pixel_automator - INFO -    HEX: #787878
2026-08-20 20:23:28 - pixel_automator - INFO - 📸 Imagen de prueba guardada como 'test_color.png'
2026-08-20 20:23:28 - pixel_automator - INFO - 🎨 Colores únicos en el área: 1
2026-08-20 20:23:28 - pixel_automator - INFO - 📊 Colores más comunes en el área:
2026-08-20 20:23:28 - pixel_automator - INFO -    RGB(120, 120, 120): 169 píxeles (100.0%)
2026-08-20 20:23:28 - pixel_automator - INFO - 📏 Distancia de clustering calculada: 10 px
2026-08-20 20:23:28 - pixel_automator - INFO - 🎯 Color objetivo establecido: RGB(120, 120, 120)
2026-08-20 20:23:28 - pixel_automator - INFO - ✅ Color CAPTURADO: RGB(120, 120, 120)
2026-08-20 20:23:28 - pixel_automator - INFO - 📏 Tamaño de muestra: 13px (usado para clustering)
2026-08-20 20:23:28 - pixel_automator - DEBUG - 🔄 update_ui_state: color_selected=True, target_color=(120, 120, 120)
2026-08-20 20:23:30 - pixel_automator - INFO - 📌 Seleccionando área de búsqueda...
2026-08-20 20:23:30 - pixel_automator - INFO - Iniciando selector de área interactivo
2026-08-20 20:23:30 - pixel_automator - DEBUG - AreaSelector inicializado
2026-08-20 20:23:35 - pixel_automator - INFO - Área seleccionada: {'left': 583, 'top': 421, 'width': 1200, 'height': 552}
2026-08-20 20:23:35 - pixel_automator - INFO - ✅ Área seleccionada: 1200x552 px
2026-08-20 20:23:35 - pixel_automator - DEBUG - 🔄 update_ui_state: color_selected=True, target_color=(120, 120, 120)
2026-08-20 20:23:37 - pixel_automator - INFO - 🔍 Iniciando análisis...
2026-08-20 20:23:37 - pixel_automator - DEBUG - Capturando área: {'left': 583, 'top': 421, 'width': 1200, 'height': 552}
2026-08-20 20:23:37 - pixel_automator - INFO - ✅ Área capturada: (552, 1200, 3) (BGR)
2026-08-20 20:23:37 - pixel_automator - INFO - ⏳ Analizando en segundo plano...
2026-08-20 20:23:37 - pixel_automator - INFO - 🔍 Buscando color exacto: RGB(120, 120, 120)
2026-08-20 20:23:37 - pixel_automator - INFO - 📐 Tamaño original: 1200x552
2026-08-20 20:23:37 - pixel_automator - INFO - 📏 Reduciendo imagen de 1200x552 a 329x151 para rendimiento
2026-08-20 20:23:37 - pixel_automator - INFO - 📐 Factor de escala: x=3.65, y=3.66
2026-08-20 20:23:37 - pixel_automator - INFO - 🔍 Buscando color exacto...
2026-08-20 20:23:37 - pixel_automator - INFO - 📊 Coincidencias encontradas: 10047
2026-08-20 20:23:37 - pixel_automator - INFO - 📊 Agrupando con distancia: 10 píxeles
2026-08-20 20:23:37 - pixel_automator - INFO - 📊 Grid clustering con cell_size=10
2026-08-20 20:23:37 - pixel_automator - INFO - 📊 Agrupados 10047 píxeles en 297 grupos
2026-08-20 20:23:37 - pixel_automator - INFO - 📊 297 grupos encontrados (de 10047 píxeles)
2026-08-20 20:23:37 - pixel_automator - INFO - 📏 Escalando coordenadas al tamaño original...
2026-08-20 20:23:37 - pixel_automator - INFO - ✅ 297 objetivos en coordenadas originales
2026-08-20 20:23:37 - pixel_automator - INFO - ✅ Encontrados 297 objetivos
2026-08-20 20:23:37 - pixel_automator - INFO - ✅ 297 objetivos únicos encontrados
2026-08-20 20:23:37 - pixel_automator - DEBUG - 🔄 update_ui_state: color_selected=True, target_color=(120, 120, 120)
2026-08-20 20:23:40 - pixel_automator - INFO - 🖱️ Ejecutando 297 clics...
2026-08-20 20:23:40 - pixel_automator - INFO - ClickExecutor inicializado
2026-08-20 20:23:40 - pixel_automator - INFO - Iniciando ejecución de 297 clics
2026-08-20 20:23:40 - pixel_automator - DEBUG - Progreso: 1/297 clics
2026-08-20 20:23:41 - pixel_automator - DEBUG - Progreso: 101/297 clics
2026-08-20 20:23:41 - pixel_automator - DEBUG - Progreso: 201/297 clics
2026-08-20 20:23:41 - pixel_automator - INFO - Ejecución completada: 297 clics
2026-08-20 20:23:41 - pixel_automator - INFO - ✅ Todos los clics ejecutados correctamente
2026-08-20 20:23:59 - pixel_automator - DEBUG - 🔄 update_ui_state: color_selected=True, target_color=(120, 120, 120)
2026-08-20 20:24:03 - pixel_automator - INFO - 📌 Seleccionando área de búsqueda...
2026-08-20 20:24:03 - pixel_automator - INFO - Iniciando selector de área interactivo
2026-08-20 20:24:03 - pixel_automator - DEBUG - AreaSelector inicializado
2026-08-20 20:24:08 - pixel_automator - INFO - Área seleccionada: {'left': 815, 'top': 750, 'width': 725, 'height': 281}
2026-08-20 20:24:08 - pixel_automator - INFO - ✅ Área seleccionada: 725x281 px
2026-08-20 20:24:08 - pixel_automator - DEBUG - 🔄 update_ui_state: color_selected=True, target_color=(120, 120, 120)
2026-08-20 20:24:10 - pixel_automator - INFO - 🔍 Iniciando análisis...
2026-08-20 20:24:10 - pixel_automator - DEBUG - Capturando área: {'left': 815, 'top': 750, 'width': 725, 'height': 281}
2026-08-20 20:24:10 - pixel_automator - INFO - ✅ Área capturada: (281, 725, 3) (BGR)
2026-08-20 20:24:10 - pixel_automator - INFO - ⏳ Analizando en segundo plano...
2026-08-20 20:24:10 - pixel_automator - INFO - 🔍 Buscando color exacto: RGB(120, 120, 120)
2026-08-20 20:24:10 - pixel_automator - INFO - 📐 Tamaño original: 725x281
2026-08-20 20:24:10 - pixel_automator - INFO - 📏 Reduciendo imagen de 725x281 a 359x139 para rendimiento
2026-08-20 20:24:10 - pixel_automator - INFO - 🔍 Buscando color exacto...
2026-08-20 20:24:10 - pixel_automator - INFO - 📐 Factor de escala: x=2.02, y=2.02
2026-08-20 20:24:10 - pixel_automator - INFO - 📊 Coincidencias encontradas: 10106
2026-08-20 20:24:10 - pixel_automator - INFO - 📊 Agrupando con distancia: 10 píxeles
2026-08-20 20:24:10 - pixel_automator - INFO - 📊 Grid clustering con cell_size=10
2026-08-20 20:24:10 - pixel_automator - INFO - 📊 Agrupados 10106 píxeles en 290 grupos
2026-08-20 20:24:10 - pixel_automator - INFO - 📊 290 grupos encontrados (de 10106 píxeles)
2026-08-20 20:24:10 - pixel_automator - INFO - 📏 Escalando coordenadas al tamaño original...
2026-08-20 20:24:10 - pixel_automator - INFO - ✅ 290 objetivos en coordenadas originales
2026-08-20 20:24:10 - pixel_automator - INFO - ✅ Encontrados 290 objetivos
2026-08-20 20:24:10 - pixel_automator - INFO - ✅ 290 objetivos únicos encontrados
2026-08-20 20:24:10 - pixel_automator - DEBUG - 🔄 update_ui_state: color_selected=True, target_color=(120, 120, 120)
2026-08-20 20:24:13 - pixel_automator - INFO - 🖱️ Ejecutando 290 clics...
2026-08-20 20:24:13 - pixel_automator - INFO - ClickExecutor inicializado
2026-08-20 20:24:13 - pixel_automator - INFO - Iniciando ejecución de 290 clics
2026-08-20 20:24:13 - pixel_automator - DEBUG - Progreso: 1/290 clics
2026-08-20 20:24:14 - pixel_automator - DEBUG - Progreso: 101/290 clics
2026-08-20 20:24:14 - pixel_automator - DEBUG - Progreso: 201/290 clics
2026-08-20 20:24:15 - pixel_automator - INFO - Ejecución completada: 290 clics
2026-08-20 20:24:15 - pixel_automator - INFO - ✅ Todos los clics ejecutados correctamente
2026-08-20 20:24:17 - pixel_automator - DEBUG - 🔄 update_ui_state: color_selected=True, target_color=(120, 120, 120)
2026-08-20 20:24:18 - pixel_automator - INFO - 📌 Seleccionando área de búsqueda...
2026-08-20 20:24:18 - pixel_automator - INFO - Iniciando selector de área interactivo
2026-08-20 20:24:18 - pixel_automator - DEBUG - AreaSelector inicializado
2026-08-20 20:24:21 - pixel_automator - INFO - Área seleccionada: {'left': 1150, 'top': 564, 'width': 659, 'height': 397}
2026-08-20 20:24:21 - pixel_automator - INFO - ✅ Área seleccionada: 659x397 px
2026-08-20 20:24:21 - pixel_automator - DEBUG - 🔄 update_ui_state: color_selected=True, target_color=(120, 120, 120)
2026-08-20 20:24:22 - pixel_automator - INFO - 🔍 Iniciando análisis...
2026-08-20 20:24:22 - pixel_automator - DEBUG - Capturando área: {'left': 1150, 'top': 564, 'width': 659, 'height': 397}
2026-08-20 20:24:22 - pixel_automator - INFO - ✅ Área capturada: (397, 659, 3) (BGR)
2026-08-20 20:24:22 - pixel_automator - INFO - ⏳ Analizando en segundo plano...
2026-08-20 20:24:22 - pixel_automator - INFO - 🔍 Buscando color exacto: RGB(120, 120, 120)
2026-08-20 20:24:22 - pixel_automator - INFO - 📐 Tamaño original: 659x397
2026-08-20 20:24:22 - pixel_automator - INFO - 📏 Reduciendo imagen de 659x397 a 288x173 para rendimiento
2026-08-20 20:24:22 - pixel_automator - INFO - 📐 Factor de escala: x=2.29, y=2.29
2026-08-20 20:24:22 - pixel_automator - INFO - 🔍 Buscando color exacto...
2026-08-20 20:24:22 - pixel_automator - INFO - 📊 Coincidencias encontradas: 10091
2026-08-20 20:24:22 - pixel_automator - INFO - 📊 Agrupando con distancia: 10 píxeles
2026-08-20 20:24:22 - pixel_automator - INFO - 📊 Grid clustering con cell_size=10
2026-08-20 20:24:22 - pixel_automator - INFO - 📊 Agrupados 10091 píxeles en 285 grupos
2026-08-20 20:24:22 - pixel_automator - INFO - 📊 285 grupos encontrados (de 10091 píxeles)
2026-08-20 20:24:22 - pixel_automator - INFO - 📏 Escalando coordenadas al tamaño original...
2026-08-20 20:24:22 - pixel_automator - INFO - ✅ 285 objetivos en coordenadas originales
2026-08-20 20:24:22 - pixel_automator - INFO - ✅ Encontrados 285 objetivos
2026-08-20 20:24:22 - pixel_automator - INFO - ✅ 285 objetivos únicos encontrados
2026-08-20 20:24:22 - pixel_automator - DEBUG - 🔄 update_ui_state: color_selected=True, target_color=(120, 120, 120)
2026-08-20 20:24:25 - pixel_automator - INFO - 🖱️ Ejecutando 285 clics...
2026-08-20 20:24:25 - pixel_automator - INFO - ClickExecutor inicializado
2026-08-20 20:24:25 - pixel_automator - INFO - Iniciando ejecución de 285 clics
2026-08-20 20:24:25 - pixel_automator - DEBUG - Progreso: 1/285 clics
2026-08-20 20:24:25 - pixel_automator - DEBUG - Progreso: 101/285 clics
2026-08-20 20:24:25 - pixel_automator - DEBUG - Progreso: 201/285 clics
2026-08-20 20:24:26 - pixel_automator - INFO - Ejecución completada: 285 clics
2026-08-20 20:24:26 - pixel_automator - INFO - ✅ Todos los clics ejecutados correctamente
2026-08-20 20:24:35 - pixel_automator - DEBUG - 🔄 update_ui_state: color_selected=True, target_color=(120, 120, 120)
2026-08-20 20:24:36 - pixel_automator - INFO - 🎨 Seleccionando color objetivo...
2026-08-20 20:24:36 - pixel_automator - INFO - Iniciando selector de área interactivo
2026-08-20 20:24:36 - pixel_automator - DEBUG - AreaSelector inicializado
2026-08-20 20:24:40 - pixel_automator - INFO - Área seleccionada: {'left': 1152, 'top': 489, 'width': 29, 'height': 27}
2026-08-20 20:24:40 - pixel_automator - DEBUG - Capturando área: {'left': 1152, 'top': 489, 'width': 29, 'height': 27}
2026-08-20 20:24:40 - pixel_automator - INFO - ✅ Área capturada: (27, 29, 3) (BGR)
2026-08-20 20:24:40 - pixel_automator - INFO - 📐 Área seleccionada: x=1152, y=489, w=29, h=27
2026-08-20 20:24:40 - pixel_automator - INFO - 📊 Imagen recibida: shape=(27, 29, 3)
2026-08-20 20:24:40 - pixel_automator - INFO - 🎯 Centro de la imagen recortada: (14, 13)
2026-08-20 20:24:40 - pixel_automator - INFO - 🎯 Píxel CENTRAL exacto: RGB(203, 0, 122)
2026-08-20 20:24:40 - pixel_automator - INFO -    HEX: #cb007a
2026-08-20 20:24:40 - pixel_automator - INFO - 📸 Imagen de prueba guardada como 'test_color.png'
2026-08-20 20:24:40 - pixel_automator - INFO - 🎨 Colores únicos en el área: 2
2026-08-20 20:24:40 - pixel_automator - INFO - 📊 Colores más comunes en el área:
2026-08-20 20:24:40 - pixel_automator - INFO -    RGB(203, 0, 122): 756 píxeles (96.6%)
2026-08-20 20:24:40 - pixel_automator - INFO -    RGB(0, 0, 0): 27 píxeles (3.4%)
2026-08-20 20:24:40 - pixel_automator - INFO - 📏 Distancia de clustering calculada: 13 px
2026-08-20 20:24:40 - pixel_automator - INFO - 🎯 Color objetivo establecido: RGB(203, 0, 122)
2026-08-20 20:24:40 - pixel_automator - INFO - ✅ Color CAPTURADO: RGB(203, 0, 122)
2026-08-20 20:24:40 - pixel_automator - INFO - 📏 Tamaño de muestra: 27px (usado para clustering)
2026-08-20 20:24:40 - pixel_automator - DEBUG - 🔄 update_ui_state: color_selected=True, target_color=(203, 0, 122)
2026-08-20 20:24:42 - pixel_automator - INFO - 📌 Seleccionando área de búsqueda...
2026-08-20 20:24:42 - pixel_automator - INFO - Iniciando selector de área interactivo
2026-08-20 20:24:42 - pixel_automator - DEBUG - AreaSelector inicializado
2026-08-20 20:24:44 - pixel_automator - INFO - Área seleccionada: {'left': 673, 'top': 286, 'width': 1363, 'height': 708}
2026-08-20 20:24:44 - pixel_automator - INFO - ✅ Área seleccionada: 1363x708 px
2026-08-20 20:24:44 - pixel_automator - DEBUG - 🔄 update_ui_state: color_selected=True, target_color=(203, 0, 122)
2026-08-20 20:24:45 - pixel_automator - INFO - 🔍 Iniciando análisis...
2026-08-20 20:24:45 - pixel_automator - DEBUG - Capturando área: {'left': 673, 'top': 286, 'width': 1363, 'height': 708}
2026-08-20 20:24:45 - pixel_automator - INFO - ✅ Área capturada: (708, 1363, 3) (BGR)
2026-08-20 20:24:45 - pixel_automator - INFO - ⏳ Analizando en segundo plano...
2026-08-20 20:24:45 - pixel_automator - INFO - 🔍 Buscando color exacto: RGB(203, 0, 122)
2026-08-20 20:24:45 - pixel_automator - INFO - 📐 Tamaño original: 1363x708
2026-08-20 20:24:45 - pixel_automator - INFO - 📏 Reduciendo imagen de 1363x708 a 310x161 para rendimiento
2026-08-20 20:24:45 - pixel_automator - INFO - 🔍 Buscando color exacto...
2026-08-20 20:24:45 - pixel_automator - INFO - 📐 Factor de escala: x=4.40, y=4.40
2026-08-20 20:24:45 - pixel_automator - INFO - 📊 Coincidencias encontradas: 1575
2026-08-20 20:24:45 - pixel_automator - INFO - 📊 Agrupando con distancia: 13 píxeles
2026-08-20 20:24:45 - pixel_automator - INFO - 📊 Grid clustering con cell_size=13
2026-08-20 20:24:45 - pixel_automator - INFO - 📊 Agrupados 1575 píxeles en 39 grupos
2026-08-20 20:24:45 - pixel_automator - INFO - 📊 39 grupos encontrados (de 1575 píxeles)
2026-08-20 20:24:45 - pixel_automator - INFO - 📏 Escalando coordenadas al tamaño original...
2026-08-20 20:24:45 - pixel_automator - INFO - ✅ 39 objetivos en coordenadas originales
2026-08-20 20:24:45 - pixel_automator - INFO - ✅ Encontrados 39 objetivos
2026-08-20 20:24:45 - pixel_automator - INFO - ✅ 39 objetivos únicos encontrados
2026-08-20 20:24:45 - pixel_automator - DEBUG - 🔄 update_ui_state: color_selected=True, target_color=(203, 0, 122)
2026-08-20 20:24:48 - pixel_automator - INFO - 🖱️ Ejecutando 39 clics...
2026-08-20 20:24:48 - pixel_automator - INFO - ClickExecutor inicializado
2026-08-20 20:24:48 - pixel_automator - INFO - Iniciando ejecución de 39 clics
2026-08-20 20:24:48 - pixel_automator - DEBUG - Progreso: 1/39 clics
2026-08-20 20:24:48 - pixel_automator - INFO - Ejecución completada: 39 clics
2026-08-20 20:24:48 - pixel_automator - INFO - ✅ Todos los clics ejecutados correctamente
2026-08-20 20:25:04 - pixel_automator - DEBUG - 🔄 update_ui_state: color_selected=True, target_color=(203, 0, 122)
2026-08-20 20:25:05 - pixel_automator - INFO - 🎨 Seleccionando color objetivo...
2026-08-20 20:25:05 - pixel_automator - INFO - Iniciando selector de área interactivo
2026-08-20 20:25:05 - pixel_automator - DEBUG - AreaSelector inicializado
2026-08-20 20:25:08 - pixel_automator - INFO - Área seleccionada: {'left': 945, 'top': 664, 'width': 20, 'height': 20}
2026-08-20 20:25:08 - pixel_automator - DEBUG - Capturando área: {'left': 945, 'top': 664, 'width': 20, 'height': 20}
2026-08-20 20:25:08 - pixel_automator - INFO - ✅ Área capturada: (20, 20, 3) (BGR)
2026-08-20 20:25:08 - pixel_automator - INFO - 📐 Área seleccionada: x=945, y=664, w=20, h=20
2026-08-20 20:25:08 - pixel_automator - INFO - 📊 Imagen recibida: shape=(20, 20, 3)
2026-08-20 20:25:08 - pixel_automator - INFO - 🎯 Centro de la imagen recortada: (10, 10)
2026-08-20 20:25:08 - pixel_automator - INFO - 🎯 Píxel CENTRAL exacto: RGB(209, 128, 120)
2026-08-20 20:25:08 - pixel_automator - INFO -    HEX: #d18078
2026-08-20 20:25:08 - pixel_automator - INFO - 📸 Imagen de prueba guardada como 'test_color.png'
2026-08-20 20:25:08 - pixel_automator - INFO - 🎨 Colores únicos en el área: 1
2026-08-20 20:25:08 - pixel_automator - INFO - 📊 Colores más comunes en el área:
2026-08-20 20:25:08 - pixel_automator - INFO -    RGB(209, 128, 120): 400 píxeles (100.0%)
2026-08-20 20:25:08 - pixel_automator - INFO - 📏 Distancia de clustering calculada: 10 px
2026-08-20 20:25:08 - pixel_automator - INFO - 🎯 Color objetivo establecido: RGB(209, 128, 120)
2026-08-20 20:25:08 - pixel_automator - INFO - ✅ Color CAPTURADO: RGB(209, 128, 120)
2026-08-20 20:25:08 - pixel_automator - INFO - 📏 Tamaño de muestra: 20px (usado para clustering)
2026-08-20 20:25:08 - pixel_automator - DEBUG - 🔄 update_ui_state: color_selected=True, target_color=(209, 128, 120)
2026-08-20 20:25:10 - pixel_automator - INFO - 📌 Seleccionando área de búsqueda...
2026-08-20 20:25:10 - pixel_automator - INFO - Iniciando selector de área interactivo
2026-08-20 20:25:10 - pixel_automator - DEBUG - AreaSelector inicializado
2026-08-20 20:25:13 - pixel_automator - INFO - Área seleccionada: {'left': 733, 'top': 532, 'width': 1346, 'height': 527}
2026-08-20 20:25:13 - pixel_automator - INFO - ✅ Área seleccionada: 1346x527 px
2026-08-20 20:25:13 - pixel_automator - DEBUG - 🔄 update_ui_state: color_selected=True, target_color=(209, 128, 120)
2026-08-20 20:25:15 - pixel_automator - INFO - 🔍 Iniciando análisis...
2026-08-20 20:25:15 - pixel_automator - DEBUG - Capturando área: {'left': 733, 'top': 532, 'width': 1346, 'height': 527}
2026-08-20 20:25:15 - pixel_automator - INFO - ✅ Área capturada: (527, 1346, 3) (BGR)
2026-08-20 20:25:15 - pixel_automator - INFO - ⏳ Analizando en segundo plano...
2026-08-20 20:25:15 - pixel_automator - INFO - 🔍 Buscando color exacto: RGB(209, 128, 120)
2026-08-20 20:25:15 - pixel_automator - INFO - 📐 Tamaño original: 1346x527
2026-08-20 20:25:15 - pixel_automator - INFO - 📏 Reduciendo imagen de 1346x527 a 357x139 para rendimiento
2026-08-20 20:25:15 - pixel_automator - INFO - 📐 Factor de escala: x=3.77, y=3.79
2026-08-20 20:25:15 - pixel_automator - INFO - 🔍 Buscando color exacto...
2026-08-20 20:25:15 - pixel_automator - INFO - 📊 Coincidencias encontradas: 6100
2026-08-20 20:25:15 - pixel_automator - INFO - 📊 Agrupando con distancia: 10 píxeles
2026-08-20 20:25:15 - pixel_automator - INFO - 📊 Grid clustering con cell_size=10
2026-08-20 20:25:15 - pixel_automator - INFO - 📊 Agrupados 6100 píxeles en 161 grupos
2026-08-20 20:25:15 - pixel_automator - INFO - 📊 161 grupos encontrados (de 6100 píxeles)
2026-08-20 20:25:15 - pixel_automator - INFO - 📏 Escalando coordenadas al tamaño original...
2026-08-20 20:25:15 - pixel_automator - INFO - ✅ 161 objetivos en coordenadas originales
2026-08-20 20:25:15 - pixel_automator - INFO - ✅ Encontrados 161 objetivos
2026-08-20 20:25:15 - pixel_automator - INFO - ✅ 161 objetivos únicos encontrados
2026-08-20 20:25:15 - pixel_automator - DEBUG - 🔄 update_ui_state: color_selected=True, target_color=(209, 128, 120)
2026-08-20 20:25:19 - pixel_automator - INFO - 🖱️ Ejecutando 161 clics...
2026-08-20 20:25:19 - pixel_automator - INFO - ClickExecutor inicializado
2026-08-20 20:25:19 - pixel_automator - INFO - Iniciando ejecución de 161 clics
2026-08-20 20:25:19 - pixel_automator - DEBUG - Progreso: 1/161 clics
2026-08-20 20:25:20 - pixel_automator - DEBUG - Progreso: 101/161 clics
2026-08-20 20:25:20 - pixel_automator - INFO - Ejecución completada: 161 clics
2026-08-20 20:25:20 - pixel_automator - INFO - ✅ Todos los clics ejecutados correctamente
2026-08-20 20:25:22 - pixel_automator - DEBUG - 🔄 update_ui_state: color_selected=True, target_color=(209, 128, 120)
2026-08-20 20:25:40 - pixel_automator - INFO - 📌 Seleccionando área de búsqueda...
2026-08-20 20:25:40 - pixel_automator - INFO - Iniciando selector de área interactivo
2026-08-20 20:25:40 - pixel_automator - DEBUG - AreaSelector inicializado
2026-08-20 20:25:45 - pixel_automator - INFO - Área seleccionada: {'left': 849, 'top': 560, 'width': 1086, 'height': 353}
2026-08-20 20:25:45 - pixel_automator - INFO - ✅ Área seleccionada: 1086x353 px
2026-08-20 20:25:45 - pixel_automator - DEBUG - 🔄 update_ui_state: color_selected=True, target_color=(209, 128, 120)
2026-08-20 20:25:47 - pixel_automator - INFO - 🔍 Iniciando análisis...
2026-08-20 20:25:47 - pixel_automator - DEBUG - Capturando área: {'left': 849, 'top': 560, 'width': 1086, 'height': 353}
2026-08-20 20:25:47 - pixel_automator - INFO - ✅ Área capturada: (353, 1086, 3) (BGR)
2026-08-20 20:25:47 - pixel_automator - INFO - ⏳ Analizando en segundo plano...
2026-08-20 20:25:47 - pixel_automator - INFO - 🔍 Buscando color exacto: RGB(209, 128, 120)
2026-08-20 20:25:47 - pixel_automator - INFO - 📐 Tamaño original: 1086x353
2026-08-20 20:25:47 - pixel_automator - INFO - 📏 Reduciendo imagen de 1086x353 a 392x127 para rendimiento
2026-08-20 20:25:47 - pixel_automator - INFO - 📐 Factor de escala: x=2.77, y=2.78
2026-08-20 20:25:47 - pixel_automator - INFO - 🔍 Buscando color exacto...
2026-08-20 20:25:47 - pixel_automator - INFO - 📊 Coincidencias encontradas: 9668
2026-08-20 20:25:47 - pixel_automator - INFO - 📊 Agrupando con distancia: 10 píxeles
2026-08-20 20:25:47 - pixel_automator - INFO - 📊 Grid clustering con cell_size=10
2026-08-20 20:25:47 - pixel_automator - INFO - 📊 Agrupados 9668 píxeles en 287 grupos
2026-08-20 20:25:47 - pixel_automator - INFO - 📊 287 grupos encontrados (de 9668 píxeles)
2026-08-20 20:25:47 - pixel_automator - INFO - 📏 Escalando coordenadas al tamaño original...
2026-08-20 20:25:47 - pixel_automator - INFO - ✅ 287 objetivos en coordenadas originales
2026-08-20 20:25:47 - pixel_automator - INFO - ✅ Encontrados 287 objetivos
2026-08-20 20:25:47 - pixel_automator - INFO - ✅ 287 objetivos únicos encontrados
2026-08-20 20:25:47 - pixel_automator - DEBUG - 🔄 update_ui_state: color_selected=True, target_color=(209, 128, 120)
2026-08-20 20:25:49 - pixel_automator - INFO - 🖱️ Ejecutando 287 clics...
2026-08-20 20:25:49 - pixel_automator - INFO - ClickExecutor inicializado
2026-08-20 20:25:49 - pixel_automator - INFO - Iniciando ejecución de 287 clics
2026-08-20 20:25:49 - pixel_automator - DEBUG - Progreso: 1/287 clics
2026-08-20 20:25:50 - pixel_automator - DEBUG - Progreso: 101/287 clics
2026-08-20 20:25:50 - pixel_automator - DEBUG - Progreso: 201/287 clics
2026-08-20 20:25:51 - pixel_automator - INFO - Ejecución completada: 287 clics
2026-08-20 20:25:51 - pixel_automator - INFO - ✅ Todos los clics ejecutados correctamente
2026-08-20 20:26:48 - pixel_automator - DEBUG - 🔄 update_ui_state: color_selected=True, target_color=(209, 128, 120)
2026-08-20 20:26:49 - pixel_automator - INFO - 🎨 Seleccionando color objetivo...
2026-08-20 20:26:49 - pixel_automator - INFO - Iniciando selector de área interactivo
2026-08-20 20:26:49 - pixel_automator - DEBUG - AreaSelector inicializado
2026-08-20 20:26:53 - pixel_automator - INFO - Área seleccionada: {'left': 841, 'top': 783, 'width': 13, 'height': 13}
2026-08-20 20:26:53 - pixel_automator - DEBUG - Capturando área: {'left': 841, 'top': 783, 'width': 13, 'height': 13}
2026-08-20 20:26:53 - pixel_automator - INFO - ✅ Área capturada: (13, 13, 3) (BGR)
2026-08-20 20:26:53 - pixel_automator - INFO - 📐 Área seleccionada: x=841, y=783, w=13, h=13
2026-08-20 20:26:53 - pixel_automator - INFO - 📊 Imagen recibida: shape=(13, 13, 3)
2026-08-20 20:26:53 - pixel_automator - INFO - 🎯 Centro de la imagen recortada: (6, 6)
2026-08-20 20:26:53 - pixel_automator - INFO - 🎯 Píxel CENTRAL exacto: RGB(243, 141, 169)
2026-08-20 20:26:53 - pixel_automator - INFO -    HEX: #f38da9
2026-08-20 20:26:53 - pixel_automator - INFO - 📸 Imagen de prueba guardada como 'test_color.png'
2026-08-20 20:26:53 - pixel_automator - INFO - 🎨 Colores únicos en el área: 2
2026-08-20 20:26:53 - pixel_automator - INFO - 📊 Colores más comunes en el área:
2026-08-20 20:26:53 - pixel_automator - INFO -    RGB(243, 141, 169): 156 píxeles (92.3%)
2026-08-20 20:26:53 - pixel_automator - INFO -    RGB(120, 120, 120): 13 píxeles (7.7%)
2026-08-20 20:26:53 - pixel_automator - INFO - 📏 Distancia de clustering calculada: 10 px
2026-08-20 20:26:53 - pixel_automator - INFO - 🎯 Color objetivo establecido: RGB(243, 141, 169)
2026-08-20 20:26:53 - pixel_automator - INFO - ✅ Color CAPTURADO: RGB(243, 141, 169)
2026-08-20 20:26:53 - pixel_automator - INFO - 📏 Tamaño de muestra: 13px (usado para clustering)
2026-08-20 20:26:53 - pixel_automator - DEBUG - 🔄 update_ui_state: color_selected=True, target_color=(243, 141, 169)
2026-08-20 20:26:56 - pixel_automator - INFO - 📌 Seleccionando área de búsqueda...
2026-08-20 20:26:56 - pixel_automator - INFO - Iniciando selector de área interactivo
2026-08-20 20:26:56 - pixel_automator - DEBUG - AreaSelector inicializado
2026-08-20 20:27:00 - pixel_automator - INFO - Área seleccionada: {'left': 697, 'top': 678, 'width': 876, 'height': 245}
2026-08-20 20:27:00 - pixel_automator - INFO - ✅ Área seleccionada: 876x245 px
2026-08-20 20:27:00 - pixel_automator - DEBUG - 🔄 update_ui_state: color_selected=True, target_color=(243, 141, 169)
2026-08-20 20:27:01 - pixel_automator - INFO - 🔍 Iniciando análisis...
2026-08-20 20:27:01 - pixel_automator - DEBUG - Capturando área: {'left': 697, 'top': 678, 'width': 876, 'height': 245}
2026-08-20 20:27:01 - pixel_automator - INFO - ✅ Área capturada: (245, 876, 3) (BGR)
2026-08-20 20:27:01 - pixel_automator - INFO - ⏳ Analizando en segundo plano...
2026-08-20 20:27:01 - pixel_automator - INFO - 🔍 Buscando color exacto: RGB(243, 141, 169)
2026-08-20 20:27:01 - pixel_automator - INFO - 📐 Tamaño original: 876x245
2026-08-20 20:27:01 - pixel_automator - INFO - 📏 Reduciendo imagen de 876x245 a 422x118 para rendimiento
2026-08-20 20:27:01 - pixel_automator - INFO - 🔍 Buscando color exacto...
2026-08-20 20:27:01 - pixel_automator - INFO - 📐 Factor de escala: x=2.08, y=2.08
2026-08-20 20:27:01 - pixel_automator - INFO - 📊 Coincidencias encontradas: 537
2026-08-20 20:27:01 - pixel_automator - INFO - 📊 Agrupando con distancia: 10 píxeles
2026-08-20 20:27:01 - pixel_automator - INFO - 📊 Grid clustering con cell_size=10
2026-08-20 20:27:01 - pixel_automator - INFO - 📊 Agrupados 537 píxeles en 23 grupos
2026-08-20 20:27:01 - pixel_automator - INFO - 📊 23 grupos encontrados (de 537 píxeles)
2026-08-20 20:27:01 - pixel_automator - INFO - 📏 Escalando coordenadas al tamaño original...
2026-08-20 20:27:01 - pixel_automator - INFO - ✅ 23 objetivos en coordenadas originales
2026-08-20 20:27:01 - pixel_automator - INFO - ✅ Encontrados 23 objetivos
2026-08-20 20:27:01 - pixel_automator - INFO - ✅ 23 objetivos únicos encontrados
2026-08-20 20:27:01 - pixel_automator - DEBUG - 🔄 update_ui_state: color_selected=True, target_color=(243, 141, 169)
2026-08-20 20:27:05 - pixel_automator - INFO - 🖱️ Ejecutando 23 clics...
2026-08-20 20:27:05 - pixel_automator - INFO - ClickExecutor inicializado
2026-08-20 20:27:05 - pixel_automator - INFO - Iniciando ejecución de 23 clics
2026-08-20 20:27:05 - pixel_automator - DEBUG - Progreso: 1/23 clics
2026-08-20 20:27:05 - pixel_automator - INFO - Ejecución completada: 23 clics
2026-08-20 20:27:05 - pixel_automator - INFO - ✅ Todos los clics ejecutados correctamente
2026-08-20 20:28:48 - pixel_automator - DEBUG - 🔄 update_ui_state: color_selected=True, target_color=(243, 141, 169)
2026-08-20 20:29:19 - pixel_automator - INFO - 🎨 Seleccionando color objetivo...
2026-08-20 20:29:19 - pixel_automator - INFO - Iniciando selector de área interactivo
2026-08-20 20:29:19 - pixel_automator - DEBUG - AreaSelector inicializado
2026-08-20 20:29:24 - pixel_automator - INFO - Área seleccionada: {'left': 2090, 'top': 557, 'width': 16, 'height': 14}
2026-08-20 20:29:24 - pixel_automator - DEBUG - Capturando área: {'left': 2090, 'top': 557, 'width': 16, 'height': 14}
2026-08-20 20:29:24 - pixel_automator - INFO - ✅ Área capturada: (14, 16, 3) (BGR)
2026-08-20 20:29:24 - pixel_automator - INFO - 📐 Área seleccionada: x=2090, y=557, w=16, h=14
2026-08-20 20:29:24 - pixel_automator - INFO - 📊 Imagen recibida: shape=(14, 16, 3)
2026-08-20 20:29:24 - pixel_automator - INFO - 🎯 Centro de la imagen recortada: (8, 7)
2026-08-20 20:29:24 - pixel_automator - INFO - 🎯 Píxel CENTRAL exacto: RGB(243, 141, 169)
2026-08-20 20:29:24 - pixel_automator - INFO -    HEX: #f38da9
2026-08-20 20:29:24 - pixel_automator - INFO - 📸 Imagen de prueba guardada como 'test_color.png'
2026-08-20 20:29:24 - pixel_automator - INFO - 🎨 Colores únicos en el área: 1
2026-08-20 20:29:24 - pixel_automator - INFO - 📊 Colores más comunes en el área:
2026-08-20 20:29:24 - pixel_automator - INFO -    RGB(243, 141, 169): 224 píxeles (100.0%)
2026-08-20 20:29:24 - pixel_automator - INFO - 📏 Distancia de clustering calculada: 10 px
2026-08-20 20:29:24 - pixel_automator - INFO - 🎯 Color objetivo establecido: RGB(243, 141, 169)
2026-08-20 20:29:24 - pixel_automator - INFO - ✅ Color CAPTURADO: RGB(243, 141, 169)
2026-08-20 20:29:24 - pixel_automator - INFO - 📏 Tamaño de muestra: 14px (usado para clustering)
2026-08-20 20:29:24 - pixel_automator - DEBUG - 🔄 update_ui_state: color_selected=True, target_color=(243, 141, 169)
2026-08-20 20:29:25 - pixel_automator - INFO - 📌 Seleccionando área de búsqueda...
2026-08-20 20:29:25 - pixel_automator - INFO - Iniciando selector de área interactivo
2026-08-20 20:29:25 - pixel_automator - DEBUG - AreaSelector inicializado
2026-08-20 20:29:28 - pixel_automator - INFO - Área seleccionada: {'left': 2060, 'top': 321, 'width': 245, 'height': 566}
2026-08-20 20:29:28 - pixel_automator - INFO - ✅ Área seleccionada: 245x566 px
2026-08-20 20:29:28 - pixel_automator - DEBUG - 🔄 update_ui_state: color_selected=True, target_color=(243, 141, 169)
2026-08-20 20:29:29 - pixel_automator - INFO - 🔍 Iniciando análisis...
2026-08-20 20:29:29 - pixel_automator - DEBUG - Capturando área: {'left': 2060, 'top': 321, 'width': 245, 'height': 566}
2026-08-20 20:29:29 - pixel_automator - INFO - ✅ Área capturada: (566, 245, 3) (BGR)
2026-08-20 20:29:29 - pixel_automator - INFO - ⏳ Analizando en segundo plano...
2026-08-20 20:29:29 - pixel_automator - INFO - 🔍 Buscando color exacto: RGB(243, 141, 169)
2026-08-20 20:29:29 - pixel_automator - INFO - 📐 Tamaño original: 245x566
2026-08-20 20:29:29 - pixel_automator - INFO - 📏 Reduciendo imagen de 245x566 a 147x339 para rendimiento
2026-08-20 20:29:29 - pixel_automator - INFO - 🔍 Buscando color exacto...
2026-08-20 20:29:29 - pixel_automator - INFO - 📐 Factor de escala: x=1.67, y=1.67
2026-08-20 20:29:29 - pixel_automator - INFO - 📊 Coincidencias encontradas: 5133
2026-08-20 20:29:29 - pixel_automator - INFO - 📊 Agrupando con distancia: 10 píxeles
2026-08-20 20:29:29 - pixel_automator - INFO - 📊 Grid clustering con cell_size=10
2026-08-20 20:29:29 - pixel_automator - INFO - 📊 Agrupados 5133 píxeles en 156 grupos
2026-08-20 20:29:29 - pixel_automator - INFO - 📊 156 grupos encontrados (de 5133 píxeles)
2026-08-20 20:29:29 - pixel_automator - INFO - 📏 Escalando coordenadas al tamaño original...
2026-08-20 20:29:29 - pixel_automator - INFO - ✅ 156 objetivos en coordenadas originales
2026-08-20 20:29:29 - pixel_automator - INFO - ✅ Encontrados 156 objetivos
2026-08-20 20:29:29 - pixel_automator - INFO - ✅ 156 objetivos únicos encontrados
2026-08-20 20:29:29 - pixel_automator - DEBUG - 🔄 update_ui_state: color_selected=True, target_color=(243, 141, 169)
2026-08-20 20:29:32 - pixel_automator - INFO - 🖱️ Ejecutando 156 clics...
2026-08-20 20:29:32 - pixel_automator - INFO - ClickExecutor inicializado
2026-08-20 20:29:32 - pixel_automator - INFO - Iniciando ejecución de 156 clics
2026-08-20 20:29:32 - pixel_automator - DEBUG - Progreso: 1/156 clics
2026-08-20 20:29:33 - pixel_automator - DEBUG - Progreso: 101/156 clics
2026-08-20 20:29:33 - pixel_automator - INFO - Ejecución completada: 156 clics
2026-08-20 20:29:33 - pixel_automator - INFO - ✅ Todos los clics ejecutados correctamente
2026-08-20 20:29:45 - pixel_automator - DEBUG - 🔄 update_ui_state: color_selected=True, target_color=(243, 141, 169)
2026-08-20 20:29:46 - pixel_automator - INFO - 🎨 Seleccionando color objetivo...
2026-08-20 20:29:46 - pixel_automator - INFO - Iniciando selector de área interactivo
2026-08-20 20:29:46 - pixel_automator - DEBUG - AreaSelector inicializado
2026-08-20 20:29:51 - pixel_automator - INFO - Área seleccionada: {'left': 2180, 'top': 635, 'width': 13, 'height': 13}
2026-08-20 20:29:51 - pixel_automator - DEBUG - Capturando área: {'left': 2180, 'top': 635, 'width': 13, 'height': 13}
2026-08-20 20:29:51 - pixel_automator - INFO - ✅ Área capturada: (13, 13, 3) (BGR)
2026-08-20 20:29:51 - pixel_automator - INFO - 📐 Área seleccionada: x=2180, y=635, w=13, h=13
2026-08-20 20:29:51 - pixel_automator - INFO - 📊 Imagen recibida: shape=(13, 13, 3)
2026-08-20 20:29:51 - pixel_automator - INFO - 🎯 Centro de la imagen recortada: (6, 6)
2026-08-20 20:29:51 - pixel_automator - INFO - 🎯 Píxel CENTRAL exacto: RGB(224, 159, 249)
2026-08-20 20:29:51 - pixel_automator - INFO -    HEX: #e09ff9
2026-08-20 20:29:51 - pixel_automator - INFO - 📸 Imagen de prueba guardada como 'test_color.png'
2026-08-20 20:29:51 - pixel_automator - INFO - 🎨 Colores únicos en el área: 2
2026-08-20 20:29:51 - pixel_automator - INFO - 📊 Colores más comunes en el área:
2026-08-20 20:29:51 - pixel_automator - INFO -    RGB(224, 159, 249): 144 píxeles (85.2%)
2026-08-20 20:29:51 - pixel_automator - INFO -    RGB(0, 0, 0): 25 píxeles (14.8%)
2026-08-20 20:29:51 - pixel_automator - INFO - 📏 Distancia de clustering calculada: 10 px
2026-08-20 20:29:51 - pixel_automator - INFO - 🎯 Color objetivo establecido: RGB(224, 159, 249)
2026-08-20 20:29:51 - pixel_automator - INFO - ✅ Color CAPTURADO: RGB(224, 159, 249)
2026-08-20 20:29:51 - pixel_automator - INFO - 📏 Tamaño de muestra: 13px (usado para clustering)
2026-08-20 20:29:51 - pixel_automator - DEBUG - 🔄 update_ui_state: color_selected=True, target_color=(224, 159, 249)
2026-08-20 20:29:52 - pixel_automator - INFO - 📌 Seleccionando área de búsqueda...
2026-08-20 20:29:52 - pixel_automator - INFO - Iniciando selector de área interactivo
2026-08-20 20:29:52 - pixel_automator - DEBUG - AreaSelector inicializado
2026-08-20 20:29:57 - pixel_automator - INFO - Área seleccionada: {'left': 1965, 'top': 253, 'width': 266, 'height': 674}
2026-08-20 20:29:57 - pixel_automator - INFO - ✅ Área seleccionada: 266x674 px
2026-08-20 20:29:57 - pixel_automator - DEBUG - 🔄 update_ui_state: color_selected=True, target_color=(224, 159, 249)
2026-08-20 20:29:59 - pixel_automator - INFO - 🔍 Iniciando análisis...
2026-08-20 20:29:59 - pixel_automator - DEBUG - Capturando área: {'left': 1965, 'top': 253, 'width': 266, 'height': 674}
2026-08-20 20:29:59 - pixel_automator - INFO - ✅ Área capturada: (674, 266, 3) (BGR)
2026-08-20 20:29:59 - pixel_automator - INFO - ⏳ Analizando en segundo plano...
2026-08-20 20:29:59 - pixel_automator - INFO - 🔍 Buscando color exacto: RGB(224, 159, 249)
2026-08-20 20:29:59 - pixel_automator - INFO - 📐 Tamaño original: 266x674
2026-08-20 20:29:59 - pixel_automator - INFO - 📏 Reduciendo imagen de 266x674 a 140x355 para rendimiento
2026-08-20 20:29:59 - pixel_automator - INFO - 📐 Factor de escala: x=1.90, y=1.90
2026-08-20 20:29:59 - pixel_automator - INFO - 🔍 Buscando color exacto...
2026-08-20 20:29:59 - pixel_automator - INFO - 📊 Coincidencias encontradas: 4924
2026-08-20 20:29:59 - pixel_automator - INFO - 📊 Agrupando con distancia: 10 píxeles
2026-08-20 20:29:59 - pixel_automator - INFO - 📊 Grid clustering con cell_size=10
2026-08-20 20:29:59 - pixel_automator - INFO - 📊 Agrupados 4924 píxeles en 158 grupos
2026-08-20 20:29:59 - pixel_automator - INFO - 📊 158 grupos encontrados (de 4924 píxeles)
2026-08-20 20:29:59 - pixel_automator - INFO - 📏 Escalando coordenadas al tamaño original...
2026-08-20 20:29:59 - pixel_automator - INFO - ✅ 158 objetivos en coordenadas originales
2026-08-20 20:29:59 - pixel_automator - INFO - ✅ Encontrados 158 objetivos
2026-08-20 20:29:59 - pixel_automator - INFO - ✅ 158 objetivos únicos encontrados
2026-08-20 20:29:59 - pixel_automator - DEBUG - 🔄 update_ui_state: color_selected=True, target_color=(224, 159, 249)
2026-08-20 20:30:03 - pixel_automator - INFO - 🖱️ Ejecutando 158 clics...
2026-08-20 20:30:03 - pixel_automator - INFO - ClickExecutor inicializado
2026-08-20 20:30:03 - pixel_automator - INFO - Iniciando ejecución de 158 clics
2026-08-20 20:30:03 - pixel_automator - DEBUG - Progreso: 1/158 clics
2026-08-20 20:30:03 - pixel_automator - DEBUG - Progreso: 101/158 clics
2026-08-20 20:30:03 - pixel_automator - INFO - Ejecución completada: 158 clics
2026-08-20 20:30:03 - pixel_automator - INFO - ✅ Todos los clics ejecutados correctamente
2026-08-20 20:30:18 - pixel_automator - DEBUG - 🔄 update_ui_state: color_selected=True, target_color=(224, 159, 249)
2026-08-20 20:30:19 - pixel_automator - INFO - 🎨 Seleccionando color objetivo...
2026-08-20 20:30:19 - pixel_automator - INFO - Iniciando selector de área interactivo
2026-08-20 20:30:19 - pixel_automator - DEBUG - AreaSelector inicializado
2026-08-20 20:30:24 - pixel_automator - INFO - Área seleccionada: {'left': 1931, 'top': 660, 'width': 14, 'height': 13}
2026-08-20 20:30:24 - pixel_automator - DEBUG - Capturando área: {'left': 1931, 'top': 660, 'width': 14, 'height': 13}
2026-08-20 20:30:24 - pixel_automator - INFO - ✅ Área capturada: (13, 14, 3) (BGR)
2026-08-20 20:30:24 - pixel_automator - INFO - 📐 Área seleccionada: x=1931, y=660, w=14, h=13
2026-08-20 20:30:24 - pixel_automator - INFO - 📊 Imagen recibida: shape=(13, 14, 3)
2026-08-20 20:30:24 - pixel_automator - INFO - 🎯 Centro de la imagen recortada: (7, 6)
2026-08-20 20:30:24 - pixel_automator - INFO - 🎯 Píxel CENTRAL exacto: RGB(210, 210, 210)
2026-08-20 20:30:24 - pixel_automator - INFO -    HEX: #d2d2d2
2026-08-20 20:30:24 - pixel_automator - INFO - 📸 Imagen de prueba guardada como 'test_color.png'
2026-08-20 20:30:24 - pixel_automator - INFO - 🎨 Colores únicos en el área: 2
2026-08-20 20:30:24 - pixel_automator - INFO - 📊 Colores más comunes en el área:
2026-08-20 20:30:24 - pixel_automator - INFO -    RGB(210, 210, 210): 156 píxeles (85.7%)
2026-08-20 20:30:24 - pixel_automator - INFO -    RGB(255, 255, 255): 26 píxeles (14.3%)
2026-08-20 20:30:24 - pixel_automator - INFO - 📏 Distancia de clustering calculada: 10 px
2026-08-20 20:30:24 - pixel_automator - INFO - 🎯 Color objetivo establecido: RGB(210, 210, 210)
2026-08-20 20:30:24 - pixel_automator - INFO - ✅ Color CAPTURADO: RGB(210, 210, 210)
2026-08-20 20:30:24 - pixel_automator - INFO - 📏 Tamaño de muestra: 13px (usado para clustering)
2026-08-20 20:30:24 - pixel_automator - DEBUG - 🔄 update_ui_state: color_selected=True, target_color=(210, 210, 210)
2026-08-20 20:30:27 - pixel_automator - INFO - 📌 Seleccionando área de búsqueda...
2026-08-20 20:30:27 - pixel_automator - INFO - Iniciando selector de área interactivo
2026-08-20 20:30:27 - pixel_automator - DEBUG - AreaSelector inicializado
2026-08-20 20:30:32 - pixel_automator - INFO - Área seleccionada: {'left': 1783, 'top': 135, 'width': 426, 'height': 708}
2026-08-20 20:30:32 - pixel_automator - INFO - ✅ Área seleccionada: 426x708 px
2026-08-20 20:30:32 - pixel_automator - DEBUG - 🔄 update_ui_state: color_selected=True, target_color=(210, 210, 210)
2026-08-20 20:30:33 - pixel_automator - INFO - 🔍 Iniciando análisis...
2026-08-20 20:30:33 - pixel_automator - DEBUG - Capturando área: {'left': 1783, 'top': 135, 'width': 426, 'height': 708}
2026-08-20 20:30:33 - pixel_automator - INFO - ✅ Área capturada: (708, 426, 3) (BGR)
2026-08-20 20:30:33 - pixel_automator - INFO - ⏳ Analizando en segundo plano...
2026-08-20 20:30:33 - pixel_automator - INFO - 🔍 Buscando color exacto: RGB(210, 210, 210)
2026-08-20 20:30:33 - pixel_automator - INFO - 📐 Tamaño original: 426x708
2026-08-20 20:30:33 - pixel_automator - INFO - 📏 Reduciendo imagen de 426x708 a 173x288 para rendimiento
2026-08-20 20:30:33 - pixel_automator - INFO - 🔍 Buscando color exacto...
2026-08-20 20:30:33 - pixel_automator - INFO - 📐 Factor de escala: x=2.46, y=2.46
2026-08-20 20:30:33 - pixel_automator - INFO - 📊 Coincidencias encontradas: 4548
2026-08-20 20:30:33 - pixel_automator - INFO - 📊 Agrupando con distancia: 10 píxeles
2026-08-20 20:30:33 - pixel_automator - INFO - 📊 Grid clustering con cell_size=10
2026-08-20 20:30:33 - pixel_automator - INFO - 📊 Agrupados 4548 píxeles en 137 grupos
2026-08-20 20:30:33 - pixel_automator - INFO - 📊 137 grupos encontrados (de 4548 píxeles)
2026-08-20 20:30:33 - pixel_automator - INFO - 📏 Escalando coordenadas al tamaño original...
2026-08-20 20:30:33 - pixel_automator - INFO - ✅ 137 objetivos en coordenadas originales
2026-08-20 20:30:33 - pixel_automator - INFO - ✅ Encontrados 137 objetivos
2026-08-20 20:30:33 - pixel_automator - INFO - ✅ 137 objetivos únicos encontrados
2026-08-20 20:30:33 - pixel_automator - DEBUG - 🔄 update_ui_state: color_selected=True, target_color=(210, 210, 210)
2026-08-20 20:30:36 - pixel_automator - INFO - 🖱️ Ejecutando 137 clics...
2026-08-20 20:30:36 - pixel_automator - INFO - ClickExecutor inicializado
2026-08-20 20:30:36 - pixel_automator - INFO - Iniciando ejecución de 137 clics
2026-08-20 20:30:36 - pixel_automator - DEBUG - Progreso: 1/137 clics
2026-08-20 20:30:37 - pixel_automator - DEBUG - Progreso: 101/137 clics
2026-08-20 20:30:37 - pixel_automator - INFO - Ejecución completada: 137 clics
2026-08-20 20:30:37 - pixel_automator - INFO - ✅ Todos los clics ejecutados correctamente
2026-08-20 20:31:54 - pixel_automator - DEBUG - 🔄 update_ui_state: color_selected=True, target_color=(210, 210, 210)
2026-08-20 20:31:55 - pixel_automator - INFO - 🎨 Seleccionando color objetivo...
2026-08-20 20:31:55 - pixel_automator - INFO - Iniciando selector de área interactivo
2026-08-20 20:31:55 - pixel_automator - DEBUG - AreaSelector inicializado
2026-08-20 20:32:00 - pixel_automator - INFO - Área seleccionada: {'left': 1952, 'top': 396, 'width': 15, 'height': 14}
2026-08-20 20:32:00 - pixel_automator - DEBUG - Capturando área: {'left': 1952, 'top': 396, 'width': 15, 'height': 14}
2026-08-20 20:32:00 - pixel_automator - INFO - ✅ Área capturada: (14, 15, 3) (BGR)
2026-08-20 20:32:00 - pixel_automator - INFO - 📐 Área seleccionada: x=1952, y=396, w=15, h=14
2026-08-20 20:32:00 - pixel_automator - INFO - 📊 Imagen recibida: shape=(14, 15, 3)
2026-08-20 20:32:00 - pixel_automator - INFO - 🎯 Centro de la imagen recortada: (7, 7)
2026-08-20 20:32:00 - pixel_automator - INFO - 🎯 Píxel CENTRAL exacto: RGB(120, 120, 120)
2026-08-20 20:32:00 - pixel_automator - INFO -    HEX: #787878
2026-08-20 20:32:00 - pixel_automator - INFO - 📸 Imagen de prueba guardada como 'test_color.png'
2026-08-20 20:32:00 - pixel_automator - INFO - 🎨 Colores únicos en el área: 2
2026-08-20 20:32:00 - pixel_automator - INFO - 📊 Colores más comunes en el área:
2026-08-20 20:32:00 - pixel_automator - INFO -    RGB(120, 120, 120): 169 píxeles (80.5%)
2026-08-20 20:32:00 - pixel_automator - INFO -    RGB(255, 255, 255): 41 píxeles (19.5%)
2026-08-20 20:32:00 - pixel_automator - INFO - 📏 Distancia de clustering calculada: 10 px
2026-08-20 20:32:00 - pixel_automator - INFO - 🎯 Color objetivo establecido: RGB(120, 120, 120)
2026-08-20 20:32:00 - pixel_automator - INFO - ✅ Color CAPTURADO: RGB(120, 120, 120)
2026-08-20 20:32:00 - pixel_automator - INFO - 📏 Tamaño de muestra: 14px (usado para clustering)
2026-08-20 20:32:00 - pixel_automator - DEBUG - 🔄 update_ui_state: color_selected=True, target_color=(120, 120, 120)
2026-08-20 20:32:18 - pixel_automator - INFO - 🎨 Seleccionando color objetivo...
2026-08-20 20:32:18 - pixel_automator - INFO - Iniciando selector de área interactivo
2026-08-20 20:32:18 - pixel_automator - DEBUG - AreaSelector inicializado
2026-08-20 20:32:33 - pixel_automator - INFO - Área seleccionada: {'left': 1929, 'top': 427, 'width': 15, 'height': 15}
2026-08-20 20:32:33 - pixel_automator - DEBUG - Capturando área: {'left': 1929, 'top': 427, 'width': 15, 'height': 15}
2026-08-20 20:32:34 - pixel_automator - INFO - ✅ Área capturada: (15, 15, 3) (BGR)
2026-08-20 20:32:34 - pixel_automator - INFO - 📐 Área seleccionada: x=1929, y=427, w=15, h=15
2026-08-20 20:32:34 - pixel_automator - INFO - 📊 Imagen recibida: shape=(15, 15, 3)
2026-08-20 20:32:34 - pixel_automator - INFO - 🎯 Centro de la imagen recortada: (7, 7)
2026-08-20 20:32:34 - pixel_automator - INFO - 🎯 Píxel CENTRAL exacto: RGB(120, 120, 120)
2026-08-20 20:32:34 - pixel_automator - INFO -    HEX: #787878
2026-08-20 20:32:34 - pixel_automator - INFO - 📸 Imagen de prueba guardada como 'test_color.png'
2026-08-20 20:32:34 - pixel_automator - INFO - 🎨 Colores únicos en el área: 1
2026-08-20 20:32:34 - pixel_automator - INFO - 📊 Colores más comunes en el área:
2026-08-20 20:32:34 - pixel_automator - INFO -    RGB(120, 120, 120): 225 píxeles (100.0%)
2026-08-20 20:32:34 - pixel_automator - INFO - 📏 Distancia de clustering calculada: 10 px
2026-08-20 20:32:34 - pixel_automator - INFO - 🎯 Color objetivo establecido: RGB(120, 120, 120)
2026-08-20 20:32:34 - pixel_automator - INFO - ✅ Color CAPTURADO: RGB(120, 120, 120)
2026-08-20 20:32:34 - pixel_automator - INFO - 📏 Tamaño de muestra: 15px (usado para clustering)
2026-08-20 20:32:34 - pixel_automator - DEBUG - 🔄 update_ui_state: color_selected=True, target_color=(120, 120, 120)
2026-08-20 20:32:35 - pixel_automator - INFO - 📌 Seleccionando área de búsqueda...
2026-08-20 20:32:35 - pixel_automator - INFO - Iniciando selector de área interactivo
2026-08-20 20:32:35 - pixel_automator - DEBUG - AreaSelector inicializado
2026-08-20 20:32:43 - pixel_automator - INFO - Área seleccionada: {'left': 1126, 'top': 281, 'width': 1459, 'height': 766}
2026-08-20 20:32:43 - pixel_automator - INFO - ✅ Área seleccionada: 1459x766 px
2026-08-20 20:32:43 - pixel_automator - DEBUG - 🔄 update_ui_state: color_selected=True, target_color=(120, 120, 120)
2026-08-20 20:32:45 - pixel_automator - INFO - 🔍 Iniciando análisis...
2026-08-20 20:32:45 - pixel_automator - DEBUG - Capturando área: {'left': 1126, 'top': 281, 'width': 1459, 'height': 766}
2026-08-20 20:32:45 - pixel_automator - INFO - ✅ Área capturada: (766, 1459, 3) (BGR)
2026-08-20 20:32:45 - pixel_automator - INFO - ⏳ Analizando en segundo plano...
2026-08-20 20:32:45 - pixel_automator - INFO - 🔍 Buscando color exacto: RGB(120, 120, 120)
2026-08-20 20:32:45 - pixel_automator - INFO - 📐 Tamaño original: 1459x766
2026-08-20 20:32:45 - pixel_automator - INFO - 📏 Reduciendo imagen de 1459x766 a 308x162 para rendimiento
2026-08-20 20:32:45 - pixel_automator - INFO - 📐 Factor de escala: x=4.74, y=4.73
2026-08-20 20:32:45 - pixel_automator - INFO - 🔍 Buscando color exacto...
2026-08-20 20:32:45 - pixel_automator - INFO - 📊 Coincidencias encontradas: 9977
2026-08-20 20:32:45 - pixel_automator - INFO - 📊 Agrupando con distancia: 10 píxeles
2026-08-20 20:32:45 - pixel_automator - INFO - 📊 Grid clustering con cell_size=10
2026-08-20 20:32:45 - pixel_automator - INFO - 📊 Agrupados 9977 píxeles en 299 grupos
2026-08-20 20:32:45 - pixel_automator - INFO - 📊 299 grupos encontrados (de 9977 píxeles)
2026-08-20 20:32:45 - pixel_automator - INFO - 📏 Escalando coordenadas al tamaño original...
2026-08-20 20:32:45 - pixel_automator - INFO - ✅ 299 objetivos en coordenadas originales
2026-08-20 20:32:45 - pixel_automator - INFO - ✅ Encontrados 299 objetivos
2026-08-20 20:32:45 - pixel_automator - INFO - ✅ 299 objetivos únicos encontrados
2026-08-20 20:32:45 - pixel_automator - DEBUG - 🔄 update_ui_state: color_selected=True, target_color=(120, 120, 120)
2026-08-20 20:32:48 - pixel_automator - INFO - 🖱️ Ejecutando 299 clics...
2026-08-20 20:32:48 - pixel_automator - INFO - ClickExecutor inicializado
2026-08-20 20:32:48 - pixel_automator - INFO - Iniciando ejecución de 299 clics
2026-08-20 20:32:48 - pixel_automator - DEBUG - Progreso: 1/299 clics
2026-08-20 20:32:49 - pixel_automator - DEBUG - Progreso: 101/299 clics
2026-08-20 20:32:49 - pixel_automator - DEBUG - Progreso: 201/299 clics
2026-08-20 20:32:49 - pixel_automator - INFO - Ejecución completada: 299 clics
2026-08-20 20:32:49 - pixel_automator - INFO - ✅ Todos los clics ejecutados correctamente
2026-08-20 20:32:52 - pixel_automator - DEBUG - 🔄 update_ui_state: color_selected=True, target_color=(120, 120, 120)
2026-08-20 20:32:54 - pixel_automator - INFO - 📌 Seleccionando área de búsqueda...
2026-08-20 20:32:54 - pixel_automator - INFO - Iniciando selector de área interactivo
2026-08-20 20:32:54 - pixel_automator - DEBUG - AreaSelector inicializado
2026-08-20 20:32:58 - pixel_automator - INFO - Área seleccionada: {'left': 2019, 'top': 232, 'width': 495, 'height': 795}
2026-08-20 20:32:58 - pixel_automator - INFO - ✅ Área seleccionada: 495x795 px
2026-08-20 20:32:58 - pixel_automator - DEBUG - 🔄 update_ui_state: color_selected=True, target_color=(120, 120, 120)
2026-08-20 20:33:00 - pixel_automator - INFO - 🔍 Iniciando análisis...
2026-08-20 20:33:00 - pixel_automator - DEBUG - Capturando área: {'left': 2019, 'top': 232, 'width': 495, 'height': 795}
2026-08-20 20:33:00 - pixel_automator - INFO - ✅ Área capturada: (795, 495, 3) (BGR)
2026-08-20 20:33:00 - pixel_automator - INFO - ⏳ Analizando en segundo plano...
2026-08-20 20:33:00 - pixel_automator - INFO - 🔍 Buscando color exacto: RGB(120, 120, 120)
2026-08-20 20:33:00 - pixel_automator - INFO - 📐 Tamaño original: 495x795
2026-08-20 20:33:00 - pixel_automator - INFO - 📏 Reduciendo imagen de 495x795 a 176x283 para rendimiento
2026-08-20 20:33:00 - pixel_automator - INFO - 🔍 Buscando color exacto...
2026-08-20 20:33:00 - pixel_automator - INFO - 📐 Factor de escala: x=2.81, y=2.81
2026-08-20 20:33:00 - pixel_automator - INFO - 📊 Coincidencias encontradas: 11597
2026-08-20 20:33:00 - pixel_automator - INFO - 📊 Agrupando con distancia: 10 píxeles
2026-08-20 20:33:00 - pixel_automator - INFO - 📊 Grid clustering con cell_size=10
2026-08-20 20:33:00 - pixel_automator - INFO - 📊 Agrupados 11597 píxeles en 300 grupos
2026-08-20 20:33:00 - pixel_automator - INFO - 📊 300 grupos encontrados (de 11597 píxeles)
2026-08-20 20:33:00 - pixel_automator - INFO - 📏 Escalando coordenadas al tamaño original...
2026-08-20 20:33:00 - pixel_automator - INFO - ✅ 300 objetivos en coordenadas originales
2026-08-20 20:33:00 - pixel_automator - INFO - ✅ Encontrados 300 objetivos
2026-08-20 20:33:00 - pixel_automator - INFO - ✅ 300 objetivos únicos encontrados
2026-08-20 20:33:00 - pixel_automator - DEBUG - 🔄 update_ui_state: color_selected=True, target_color=(120, 120, 120)
2026-08-20 20:33:03 - pixel_automator - INFO - 🖱️ Ejecutando 300 clics...
2026-08-20 20:33:03 - pixel_automator - INFO - ClickExecutor inicializado
2026-08-20 20:33:03 - pixel_automator - INFO - Iniciando ejecución de 300 clics
2026-08-20 20:33:03 - pixel_automator - DEBUG - Progreso: 1/300 clics
2026-08-20 20:33:03 - pixel_automator - DEBUG - Progreso: 101/300 clics
2026-08-20 20:33:04 - pixel_automator - DEBUG - Progreso: 201/300 clics
2026-08-20 20:33:04 - pixel_automator - INFO - Ejecución completada: 300 clics
2026-08-20 20:33:04 - pixel_automator - INFO - ✅ Todos los clics ejecutados correctamente
2026-08-20 20:33:12 - pixel_automator - DEBUG - 🔄 update_ui_state: color_selected=True, target_color=(120, 120, 120)
2026-08-20 20:33:13 - pixel_automator - INFO - 📌 Seleccionando área de búsqueda...
2026-08-20 20:33:13 - pixel_automator - INFO - Iniciando selector de área interactivo
2026-08-20 20:33:13 - pixel_automator - DEBUG - AreaSelector inicializado
2026-08-20 20:33:16 - pixel_automator - INFO - Área seleccionada: {'left': 1627, 'top': 260, 'width': 403, 'height': 509}
2026-08-20 20:33:16 - pixel_automator - INFO - ✅ Área seleccionada: 403x509 px
2026-08-20 20:33:16 - pixel_automator - DEBUG - 🔄 update_ui_state: color_selected=True, target_color=(120, 120, 120)
2026-08-20 20:33:18 - pixel_automator - INFO - 🔍 Iniciando análisis...
2026-08-20 20:33:18 - pixel_automator - DEBUG - Capturando área: {'left': 1627, 'top': 260, 'width': 403, 'height': 509}
2026-08-20 20:33:18 - pixel_automator - INFO - ✅ Área capturada: (509, 403, 3) (BGR)
2026-08-20 20:33:18 - pixel_automator - INFO - ⏳ Analizando en segundo plano...
2026-08-20 20:33:18 - pixel_automator - INFO - 🔍 Buscando color exacto: RGB(120, 120, 120)
2026-08-20 20:33:18 - pixel_automator - INFO - 📐 Tamaño original: 403x509
2026-08-20 20:33:18 - pixel_automator - INFO - 📏 Reduciendo imagen de 403x509 a 198x251 para rendimiento
2026-08-20 20:33:18 - pixel_automator - INFO - 📐 Factor de escala: x=2.04, y=2.03
2026-08-20 20:33:18 - pixel_automator - INFO - 🔍 Buscando color exacto...
2026-08-20 20:33:18 - pixel_automator - INFO - 📊 Coincidencias encontradas: 9083
2026-08-20 20:33:18 - pixel_automator - INFO - 📊 Agrupando con distancia: 10 píxeles
2026-08-20 20:33:18 - pixel_automator - INFO - 📊 Grid clustering con cell_size=10
2026-08-20 20:33:18 - pixel_automator - INFO - 📊 Agrupados 9083 píxeles en 224 grupos
2026-08-20 20:33:18 - pixel_automator - INFO - 📊 224 grupos encontrados (de 9083 píxeles)
2026-08-20 20:33:18 - pixel_automator - INFO - 📏 Escalando coordenadas al tamaño original...
2026-08-20 20:33:18 - pixel_automator - INFO - ✅ 224 objetivos en coordenadas originales
2026-08-20 20:33:18 - pixel_automator - INFO - ✅ Encontrados 224 objetivos
2026-08-20 20:33:18 - pixel_automator - INFO - ✅ 224 objetivos únicos encontrados
2026-08-20 20:33:18 - pixel_automator - DEBUG - 🔄 update_ui_state: color_selected=True, target_color=(120, 120, 120)
2026-08-20 20:33:21 - pixel_automator - INFO - 🖱️ Ejecutando 224 clics...
2026-08-20 20:33:21 - pixel_automator - INFO - ClickExecutor inicializado
2026-08-20 20:33:21 - pixel_automator - INFO - Iniciando ejecución de 224 clics
2026-08-20 20:33:21 - pixel_automator - DEBUG - Progreso: 1/224 clics
2026-08-20 20:33:21 - pixel_automator - DEBUG - Progreso: 101/224 clics
2026-08-20 20:33:21 - pixel_automator - DEBUG - Progreso: 201/224 clics
2026-08-20 20:33:22 - pixel_automator - INFO - Ejecución completada: 224 clics
2026-08-20 20:33:22 - pixel_automator - INFO - ✅ Todos los clics ejecutados correctamente
2026-08-20 20:33:26 - pixel_automator - DEBUG - 🔄 update_ui_state: color_selected=True, target_color=(120, 120, 120)
2026-08-20 20:33:27 - pixel_automator - INFO - 📌 Seleccionando área de búsqueda...
2026-08-20 20:33:27 - pixel_automator - INFO - Iniciando selector de área interactivo
2026-08-20 20:33:27 - pixel_automator - DEBUG - AreaSelector inicializado
2026-08-20 20:33:36 - pixel_automator - INFO - Área seleccionada: {'left': 1372, 'top': 342, 'width': 507, 'height': 704}
2026-08-20 20:33:36 - pixel_automator - INFO - ✅ Área seleccionada: 507x704 px
2026-08-20 20:33:36 - pixel_automator - DEBUG - 🔄 update_ui_state: color_selected=True, target_color=(120, 120, 120)
2026-08-20 20:33:38 - pixel_automator - INFO - 🔍 Iniciando análisis...
2026-08-20 20:33:38 - pixel_automator - DEBUG - Capturando área: {'left': 1372, 'top': 342, 'width': 507, 'height': 704}
2026-08-20 20:33:38 - pixel_automator - INFO - ✅ Área capturada: (704, 507, 3) (BGR)
2026-08-20 20:33:38 - pixel_automator - INFO - ⏳ Analizando en segundo plano...
2026-08-20 20:33:38 - pixel_automator - INFO - 🔍 Buscando color exacto: RGB(120, 120, 120)
2026-08-20 20:33:38 - pixel_automator - INFO - 📐 Tamaño original: 507x704
2026-08-20 20:33:38 - pixel_automator - INFO - 📏 Reduciendo imagen de 507x704 a 189x263 para rendimiento
2026-08-20 20:33:38 - pixel_automator - INFO - 📐 Factor de escala: x=2.68, y=2.68
2026-08-20 20:33:38 - pixel_automator - INFO - 🔍 Buscando color exacto...
2026-08-20 20:33:38 - pixel_automator - INFO - 📊 Coincidencias encontradas: 12047
2026-08-20 20:33:38 - pixel_automator - INFO - 📊 Agrupando con distancia: 10 píxeles
2026-08-20 20:33:38 - pixel_automator - INFO - 📊 Grid clustering con cell_size=10
2026-08-20 20:33:38 - pixel_automator - INFO - 📊 Agrupados 12047 píxeles en 297 grupos
2026-08-20 20:33:38 - pixel_automator - INFO - 📊 297 grupos encontrados (de 12047 píxeles)
2026-08-20 20:33:38 - pixel_automator - INFO - 📏 Escalando coordenadas al tamaño original...
2026-08-20 20:33:38 - pixel_automator - INFO - ✅ 297 objetivos en coordenadas originales
2026-08-20 20:33:38 - pixel_automator - INFO - ✅ Encontrados 297 objetivos
2026-08-20 20:33:38 - pixel_automator - INFO - ✅ 297 objetivos únicos encontrados
2026-08-20 20:33:38 - pixel_automator - DEBUG - 🔄 update_ui_state: color_selected=True, target_color=(120, 120, 120)
2026-08-20 20:33:51 - pixel_automator - INFO - 🖱️ Ejecutando 297 clics...
2026-08-20 20:33:51 - pixel_automator - INFO - ClickExecutor inicializado
2026-08-20 20:33:51 - pixel_automator - INFO - Iniciando ejecución de 297 clics
2026-08-20 20:33:51 - pixel_automator - DEBUG - Progreso: 1/297 clics
2026-08-20 20:33:51 - pixel_automator - DEBUG - Progreso: 101/297 clics
2026-08-20 20:33:52 - pixel_automator - DEBUG - Progreso: 201/297 clics
2026-08-20 20:33:52 - pixel_automator - INFO - Ejecución completada: 297 clics
2026-08-20 20:33:52 - pixel_automator - INFO - ✅ Todos los clics ejecutados correctamente
2026-08-20 20:33:57 - pixel_automator - DEBUG - 🔄 update_ui_state: color_selected=True, target_color=(120, 120, 120)
2026-08-20 20:34:01 - pixel_automator - INFO - 🎨 Seleccionando color objetivo...
2026-08-20 20:34:01 - pixel_automator - INFO - Iniciando selector de área interactivo
2026-08-20 20:34:01 - pixel_automator - DEBUG - AreaSelector inicializado
2026-08-20 20:34:09 - pixel_automator - INFO - Área seleccionada: {'left': 1861, 'top': 562, 'width': 14, 'height': 15}
2026-08-20 20:34:09 - pixel_automator - DEBUG - Capturando área: {'left': 1861, 'top': 562, 'width': 14, 'height': 15}
2026-08-20 20:34:09 - pixel_automator - INFO - ✅ Área capturada: (15, 14, 3) (BGR)
2026-08-20 20:34:09 - pixel_automator - INFO - 📐 Área seleccionada: x=1861, y=562, w=14, h=15
2026-08-20 20:34:09 - pixel_automator - INFO - 📊 Imagen recibida: shape=(15, 14, 3)
2026-08-20 20:34:09 - pixel_automator - INFO - 🎯 Centro de la imagen recortada: (7, 7)
2026-08-20 20:34:09 - pixel_automator - INFO - 🎯 Píxel CENTRAL exacto: RGB(203, 0, 122)
2026-08-20 20:34:09 - pixel_automator - INFO -    HEX: #cb007a
2026-08-20 20:34:09 - pixel_automator - INFO - 📸 Imagen de prueba guardada como 'test_color.png'
2026-08-20 20:34:09 - pixel_automator - INFO - 🎨 Colores únicos en el área: 1
2026-08-20 20:34:09 - pixel_automator - INFO - 📊 Colores más comunes en el área:
2026-08-20 20:34:09 - pixel_automator - INFO -    RGB(203, 0, 122): 210 píxeles (100.0%)
2026-08-20 20:34:09 - pixel_automator - INFO - 📏 Distancia de clustering calculada: 10 px
2026-08-20 20:34:09 - pixel_automator - INFO - 🎯 Color objetivo establecido: RGB(203, 0, 122)
2026-08-20 20:34:09 - pixel_automator - INFO - ✅ Color CAPTURADO: RGB(203, 0, 122)
2026-08-20 20:34:09 - pixel_automator - INFO - 📏 Tamaño de muestra: 14px (usado para clustering)
2026-08-20 20:34:09 - pixel_automator - DEBUG - 🔄 update_ui_state: color_selected=True, target_color=(203, 0, 122)
2026-08-20 20:34:12 - pixel_automator - INFO - 📌 Seleccionando área de búsqueda...
2026-08-20 20:34:12 - pixel_automator - INFO - Iniciando selector de área interactivo
2026-08-20 20:34:12 - pixel_automator - DEBUG - AreaSelector inicializado
2026-08-20 20:34:14 - pixel_automator - INFO - Área seleccionada: {'left': 1568, 'top': 317, 'width': 613, 'height': 352}
2026-08-20 20:34:14 - pixel_automator - INFO - ✅ Área seleccionada: 613x352 px
2026-08-20 20:34:14 - pixel_automator - DEBUG - 🔄 update_ui_state: color_selected=True, target_color=(203, 0, 122)
2026-08-20 20:34:16 - pixel_automator - INFO - 🔍 Iniciando análisis...
2026-08-20 20:34:16 - pixel_automator - DEBUG - Capturando área: {'left': 1568, 'top': 317, 'width': 613, 'height': 352}
2026-08-20 20:34:16 - pixel_automator - INFO - ✅ Área capturada: (352, 613, 3) (BGR)
2026-08-20 20:34:16 - pixel_automator - INFO - ⏳ Analizando en segundo plano...
2026-08-20 20:34:16 - pixel_automator - INFO - 🔍 Buscando color exacto: RGB(203, 0, 122)
2026-08-20 20:34:16 - pixel_automator - INFO - 📐 Tamaño original: 613x352
2026-08-20 20:34:16 - pixel_automator - INFO - 📏 Reduciendo imagen de 613x352 a 295x169 para rendimiento
2026-08-20 20:34:16 - pixel_automator - INFO - 📐 Factor de escala: x=2.08, y=2.08
2026-08-20 20:34:16 - pixel_automator - INFO - 🔍 Buscando color exacto...
2026-08-20 20:34:16 - pixel_automator - INFO - 📊 Coincidencias encontradas: 2894
2026-08-20 20:34:16 - pixel_automator - INFO - 📊 Agrupando con distancia: 10 píxeles
2026-08-20 20:34:16 - pixel_automator - INFO - 📊 Grid clustering con cell_size=10
2026-08-20 20:34:16 - pixel_automator - INFO - 📊 Agrupados 2894 píxeles en 87 grupos
2026-08-20 20:34:16 - pixel_automator - INFO - 📊 87 grupos encontrados (de 2894 píxeles)
2026-08-20 20:34:16 - pixel_automator - INFO - 📏 Escalando coordenadas al tamaño original...
2026-08-20 20:34:16 - pixel_automator - INFO - ✅ 87 objetivos en coordenadas originales
2026-08-20 20:34:16 - pixel_automator - INFO - ✅ Encontrados 87 objetivos
2026-08-20 20:34:16 - pixel_automator - INFO - ✅ 87 objetivos únicos encontrados
2026-08-20 20:34:16 - pixel_automator - DEBUG - 🔄 update_ui_state: color_selected=True, target_color=(203, 0, 122)
2026-08-20 20:34:18 - pixel_automator - INFO - 🖱️ Ejecutando 87 clics...
2026-08-20 20:34:18 - pixel_automator - INFO - ClickExecutor inicializado
2026-08-20 20:34:18 - pixel_automator - INFO - Iniciando ejecución de 87 clics
2026-08-20 20:34:18 - pixel_automator - DEBUG - Progreso: 1/87 clics
2026-08-20 20:34:18 - pixel_automator - INFO - Ejecución completada: 87 clics
2026-08-20 20:34:18 - pixel_automator - INFO - ✅ Todos los clics ejecutados correctamente
2026-08-20 20:34:21 - pixel_automator - DEBUG - 🔄 update_ui_state: color_selected=True, target_color=(203, 0, 122)
2026-08-20 20:34:24 - pixel_automator - INFO - 🎨 Seleccionando color objetivo...
2026-08-20 20:34:24 - pixel_automator - INFO - Iniciando selector de área interactivo
2026-08-20 20:34:24 - pixel_automator - DEBUG - AreaSelector inicializado
2026-08-20 20:34:28 - pixel_automator - INFO - Área seleccionada: {'left': 1860, 'top': 359, 'width': 18, 'height': 18}
2026-08-20 20:34:28 - pixel_automator - DEBUG - Capturando área: {'left': 1860, 'top': 359, 'width': 18, 'height': 18}
2026-08-20 20:34:28 - pixel_automator - INFO - ✅ Área capturada: (18, 18, 3) (BGR)
2026-08-20 20:34:28 - pixel_automator - INFO - 📐 Área seleccionada: x=1860, y=359, w=18, h=18
2026-08-20 20:34:28 - pixel_automator - INFO - 📊 Imagen recibida: shape=(18, 18, 3)
2026-08-20 20:34:28 - pixel_automator - INFO - 🎯 Centro de la imagen recortada: (9, 9)
2026-08-20 20:34:28 - pixel_automator - INFO - 🎯 Píxel CENTRAL exacto: RGB(209, 128, 120)
2026-08-20 20:34:28 - pixel_automator - INFO -    HEX: #d18078
2026-08-20 20:34:28 - pixel_automator - INFO - 📸 Imagen de prueba guardada como 'test_color.png'
2026-08-20 20:34:28 - pixel_automator - INFO - 🎨 Colores únicos en el área: 1
2026-08-20 20:34:28 - pixel_automator - INFO - 📊 Colores más comunes en el área:
2026-08-20 20:34:28 - pixel_automator - INFO -    RGB(209, 128, 120): 324 píxeles (100.0%)
2026-08-20 20:34:28 - pixel_automator - INFO - 📏 Distancia de clustering calculada: 10 px
2026-08-20 20:34:28 - pixel_automator - INFO - 🎯 Color objetivo establecido: RGB(209, 128, 120)
2026-08-20 20:34:28 - pixel_automator - INFO - ✅ Color CAPTURADO: RGB(209, 128, 120)
2026-08-20 20:34:28 - pixel_automator - INFO - 📏 Tamaño de muestra: 18px (usado para clustering)
2026-08-20 20:34:28 - pixel_automator - DEBUG - 🔄 update_ui_state: color_selected=True, target_color=(209, 128, 120)
2026-08-20 20:34:29 - pixel_automator - INFO - 📌 Seleccionando área de búsqueda...
2026-08-20 20:34:29 - pixel_automator - INFO - Iniciando selector de área interactivo
2026-08-20 20:34:29 - pixel_automator - DEBUG - AreaSelector inicializado
2026-08-20 20:34:35 - pixel_automator - INFO - Área seleccionada: {'left': 1342, 'top': 296, 'width': 945, 'height': 668}
2026-08-20 20:34:35 - pixel_automator - INFO - ✅ Área seleccionada: 945x668 px
2026-08-20 20:34:35 - pixel_automator - DEBUG - 🔄 update_ui_state: color_selected=True, target_color=(209, 128, 120)
2026-08-20 20:34:36 - pixel_automator - INFO - 📌 Seleccionando área de búsqueda...
2026-08-20 20:34:36 - pixel_automator - INFO - Iniciando selector de área interactivo
2026-08-20 20:34:36 - pixel_automator - DEBUG - AreaSelector inicializado
2026-08-20 20:34:43 - pixel_automator - INFO - Área seleccionada: {'left': 1350, 'top': 313, 'width': 974, 'height': 676}
2026-08-20 20:34:43 - pixel_automator - INFO - ✅ Área seleccionada: 974x676 px
2026-08-20 20:34:43 - pixel_automator - DEBUG - 🔄 update_ui_state: color_selected=True, target_color=(209, 128, 120)
2026-08-20 20:34:44 - pixel_automator - INFO - 🔍 Iniciando análisis...
2026-08-20 20:34:44 - pixel_automator - DEBUG - Capturando área: {'left': 1350, 'top': 313, 'width': 974, 'height': 676}
2026-08-20 20:34:44 - pixel_automator - INFO - ✅ Área capturada: (676, 974, 3) (BGR)
2026-08-20 20:34:44 - pixel_automator - INFO - ⏳ Analizando en segundo plano...
2026-08-20 20:34:44 - pixel_automator - INFO - 🔍 Buscando color exacto: RGB(209, 128, 120)
2026-08-20 20:34:44 - pixel_automator - INFO - 📐 Tamaño original: 974x676
2026-08-20 20:34:44 - pixel_automator - INFO - 🔍 Buscando color exacto...
2026-08-20 20:34:44 - pixel_automator - INFO - 📏 Reduciendo imagen de 974x676 a 268x186 para rendimiento
2026-08-20 20:34:44 - pixel_automator - INFO - 📐 Factor de escala: x=3.63, y=3.63
2026-08-20 20:34:44 - pixel_automator - INFO - 📊 Coincidencias encontradas: 4645
2026-08-20 20:34:44 - pixel_automator - INFO - 📊 Agrupando con distancia: 10 píxeles
2026-08-20 20:34:44 - pixel_automator - INFO - 📊 Grid clustering con cell_size=10
2026-08-20 20:34:44 - pixel_automator - INFO - 📊 Agrupados 4645 píxeles en 160 grupos
2026-08-20 20:34:44 - pixel_automator - INFO - 📊 160 grupos encontrados (de 4645 píxeles)
2026-08-20 20:34:44 - pixel_automator - INFO - 📏 Escalando coordenadas al tamaño original...
2026-08-20 20:34:44 - pixel_automator - INFO - ✅ 160 objetivos en coordenadas originales
2026-08-20 20:34:44 - pixel_automator - INFO - ✅ Encontrados 160 objetivos
2026-08-20 20:34:44 - pixel_automator - INFO - ✅ 160 objetivos únicos encontrados
2026-08-20 20:34:44 - pixel_automator - DEBUG - 🔄 update_ui_state: color_selected=True, target_color=(209, 128, 120)
2026-08-20 20:34:48 - pixel_automator - INFO - 🖱️ Ejecutando 160 clics...
2026-08-20 20:34:48 - pixel_automator - INFO - ClickExecutor inicializado
2026-08-20 20:34:48 - pixel_automator - INFO - Iniciando ejecución de 160 clics
2026-08-20 20:34:48 - pixel_automator - DEBUG - Progreso: 1/160 clics
2026-08-20 20:34:48 - pixel_automator - DEBUG - Progreso: 101/160 clics
2026-08-20 20:34:49 - pixel_automator - INFO - Ejecución completada: 160 clics
2026-08-20 20:34:49 - pixel_automator - INFO - ✅ Todos los clics ejecutados correctamente
2026-08-20 20:34:51 - pixel_automator - DEBUG - 🔄 update_ui_state: color_selected=True, target_color=(209, 128, 120)
2026-08-20 20:34:54 - pixel_automator - INFO - 📌 Seleccionando área de búsqueda...
2026-08-20 20:34:54 - pixel_automator - INFO - Iniciando selector de área interactivo
2026-08-20 20:34:54 - pixel_automator - DEBUG - AreaSelector inicializado
2026-08-20 20:34:58 - pixel_automator - INFO - Área seleccionada: {'left': 1276, 'top': 529, 'width': 987, 'height': 272}
2026-08-20 20:34:58 - pixel_automator - INFO - ✅ Área seleccionada: 987x272 px
2026-08-20 20:34:58 - pixel_automator - DEBUG - 🔄 update_ui_state: color_selected=True, target_color=(209, 128, 120)
2026-08-20 20:34:59 - pixel_automator - INFO - 🔍 Iniciando análisis...
2026-08-20 20:34:59 - pixel_automator - DEBUG - Capturando área: {'left': 1276, 'top': 529, 'width': 987, 'height': 272}
2026-08-20 20:34:59 - pixel_automator - INFO - ✅ Área capturada: (272, 987, 3) (BGR)
2026-08-20 20:34:59 - pixel_automator - INFO - ⏳ Analizando en segundo plano...
2026-08-20 20:34:59 - pixel_automator - INFO - 🔍 Buscando color exacto: RGB(209, 128, 120)
2026-08-20 20:34:59 - pixel_automator - INFO - 📐 Tamaño original: 987x272
2026-08-20 20:34:59 - pixel_automator - INFO - 📏 Reduciendo imagen de 987x272 a 425x117 para rendimiento
2026-08-20 20:34:59 - pixel_automator - INFO - 📐 Factor de escala: x=2.32, y=2.32
2026-08-20 20:34:59 - pixel_automator - INFO - 🔍 Buscando color exacto...
2026-08-20 20:34:59 - pixel_automator - INFO - 📊 Coincidencias encontradas: 8549
2026-08-20 20:34:59 - pixel_automator - INFO - 📊 Agrupando con distancia: 10 píxeles
2026-08-20 20:34:59 - pixel_automator - INFO - 📊 Grid clustering con cell_size=10
2026-08-20 20:34:59 - pixel_automator - INFO - 📊 Agrupados 8549 píxeles en 226 grupos
2026-08-20 20:34:59 - pixel_automator - INFO - 📊 226 grupos encontrados (de 8549 píxeles)
2026-08-20 20:34:59 - pixel_automator - INFO - 📏 Escalando coordenadas al tamaño original...
2026-08-20 20:34:59 - pixel_automator - INFO - ✅ 226 objetivos en coordenadas originales
2026-08-20 20:34:59 - pixel_automator - INFO - ✅ Encontrados 226 objetivos
2026-08-20 20:34:59 - pixel_automator - INFO - ✅ 226 objetivos únicos encontrados
2026-08-20 20:34:59 - pixel_automator - DEBUG - 🔄 update_ui_state: color_selected=True, target_color=(209, 128, 120)
2026-08-20 20:35:02 - pixel_automator - INFO - 🖱️ Ejecutando 226 clics...
2026-08-20 20:35:02 - pixel_automator - INFO - ClickExecutor inicializado
2026-08-20 20:35:02 - pixel_automator - INFO - Iniciando ejecución de 226 clics
2026-08-20 20:35:02 - pixel_automator - DEBUG - Progreso: 1/226 clics
2026-08-20 20:35:02 - pixel_automator - DEBUG - Progreso: 101/226 clics
2026-08-20 20:35:03 - pixel_automator - DEBUG - Progreso: 201/226 clics
2026-08-20 20:35:03 - pixel_automator - INFO - Ejecución completada: 226 clics
2026-08-20 20:35:03 - pixel_automator - INFO - ✅ Todos los clics ejecutados correctamente
2026-08-20 20:35:05 - pixel_automator - DEBUG - 🔄 update_ui_state: color_selected=True, target_color=(209, 128, 120)
2026-08-20 20:37:30 - pixel_automator - INFO - Aplicación cerrada
2026-08-20 21:07:42 - pixel_automator - INFO - === INICIANDO PIXEL AUTOMATOR ===
2026-08-20 21:07:42 - pixel_automator - INFO - QApplication creada
2026-08-20 21:07:42 - pixel_automator - INFO - ScreenCapture inicializado
2026-08-20 21:07:42 - pixel_automator - INFO - ColorMatcher inicializado
2026-08-20 21:07:42 - pixel_automator - DEBUG - 🔄 update_ui_state: color_selected=False, target_color=None
2026-08-20 21:07:42 - pixel_automator - INFO - MainWindow inicializada - Modo Color Exacto
2026-08-20 21:07:42 - pixel_automator - INFO - Ventana principal creada
2026-08-20 21:07:43 - pixel_automator - INFO - Ventana mostrada
2026-08-20 21:07:48 - pixel_automator - INFO - 🎨 Seleccionando color objetivo...
2026-08-20 21:07:48 - pixel_automator - INFO - Iniciando selector de área interactivo
2026-08-20 21:07:48 - pixel_automator - DEBUG - AreaSelector inicializado
2026-08-20 21:08:01 - pixel_automator - INFO - Área seleccionada: {'left': 1455, 'top': 725, 'width': 11, 'height': 11}
2026-08-20 21:08:01 - pixel_automator - DEBUG - Capturando área: {'left': 1455, 'top': 725, 'width': 11, 'height': 11}
2026-08-20 21:08:01 - pixel_automator - INFO - ✅ Área capturada: (11, 11, 3) (BGR)
2026-08-20 21:08:01 - pixel_automator - INFO - 📐 Área seleccionada: x=1455, y=725, w=11, h=11
2026-08-20 21:08:01 - pixel_automator - INFO - 📊 Imagen recibida: shape=(11, 11, 3)
2026-08-20 21:08:01 - pixel_automator - INFO - 🎯 Centro de la imagen recortada: (5, 5)
2026-08-20 21:08:01 - pixel_automator - INFO - 🎯 Píxel CENTRAL exacto: RGB(255, 250, 188)
2026-08-20 21:08:01 - pixel_automator - INFO -    HEX: #fffabc
2026-08-20 21:08:01 - pixel_automator - INFO - 📸 Imagen de prueba guardada como 'test_color.png'
2026-08-20 21:08:01 - pixel_automator - INFO - 🎨 Colores únicos en el área: 2
2026-08-20 21:08:01 - pixel_automator - INFO - 📊 Colores más comunes en el área:
2026-08-20 21:08:01 - pixel_automator - INFO -    RGB(255, 250, 188): 110 píxeles (90.9%)
2026-08-20 21:08:01 - pixel_automator - INFO -    RGB(40, 80, 158): 11 píxeles (9.1%)
2026-08-20 21:08:01 - pixel_automator - INFO - 📏 Distancia de clustering calculada: 10 px
2026-08-20 21:08:01 - pixel_automator - INFO - 🎯 Color objetivo establecido: RGB(255, 250, 188)
2026-08-20 21:08:01 - pixel_automator - INFO - ✅ Color CAPTURADO: RGB(255, 250, 188)
2026-08-20 21:08:01 - pixel_automator - INFO - 📏 Tamaño de muestra: 11px (usado para clustering)
2026-08-20 21:08:01 - pixel_automator - DEBUG - 🔄 update_ui_state: color_selected=True, target_color=(255, 250, 188)
2026-08-20 21:08:03 - pixel_automator - INFO - 📌 Seleccionando área de búsqueda...
2026-08-20 21:08:03 - pixel_automator - INFO - Iniciando selector de área interactivo
2026-08-20 21:08:03 - pixel_automator - DEBUG - AreaSelector inicializado
2026-08-20 21:08:09 - pixel_automator - INFO - Área seleccionada: {'left': 1341, 'top': 96, 'width': 295, 'height': 1046}
2026-08-20 21:08:09 - pixel_automator - INFO - ✅ Área seleccionada: 295x1046 px
2026-08-20 21:08:09 - pixel_automator - DEBUG - 🔄 update_ui_state: color_selected=True, target_color=(255, 250, 188)
2026-08-20 21:08:13 - pixel_automator - INFO - 🔍 Iniciando análisis...
2026-08-20 21:08:13 - pixel_automator - DEBUG - Capturando área: {'left': 1341, 'top': 96, 'width': 295, 'height': 1046}
2026-08-20 21:08:13 - pixel_automator - INFO - ✅ Área capturada: (1046, 295, 3) (BGR)
2026-08-20 21:08:13 - pixel_automator - INFO - ⏳ Analizando en segundo plano...
2026-08-20 21:08:13 - pixel_automator - INFO - 🔍 Buscando color exacto: RGB(255, 250, 188)
2026-08-20 21:08:13 - pixel_automator - INFO - 📐 Tamaño original: 295x1046
2026-08-20 21:08:13 - pixel_automator - INFO - 📏 Reduciendo imagen de 295x1046 a 118x421 para rendimiento
2026-08-20 21:08:13 - pixel_automator - INFO - 🔍 Buscando color exacto...
2026-08-20 21:08:13 - pixel_automator - INFO - 📐 Factor de escala: x=2.50, y=2.48
2026-08-20 21:08:13 - pixel_automator - INFO - 📊 Coincidencias encontradas: 11352
2026-08-20 21:08:13 - pixel_automator - INFO - 📊 Agrupando con distancia: 10 píxeles
2026-08-20 21:08:13 - pixel_automator - INFO - 📊 Grid clustering con cell_size=10
2026-08-20 21:08:13 - pixel_automator - INFO - 📊 Agrupados 11352 píxeles en 381 grupos
2026-08-20 21:08:13 - pixel_automator - INFO - 📊 381 grupos encontrados (de 11352 píxeles)
2026-08-20 21:08:13 - pixel_automator - INFO - 📏 Escalando coordenadas al tamaño original...
2026-08-20 21:08:13 - pixel_automator - INFO - ✅ 381 objetivos en coordenadas originales
2026-08-20 21:08:13 - pixel_automator - INFO - ✅ Encontrados 381 objetivos
2026-08-20 21:08:13 - pixel_automator - INFO - ✅ 381 objetivos únicos encontrados
2026-08-20 21:08:13 - pixel_automator - DEBUG - 🔄 update_ui_state: color_selected=True, target_color=(255, 250, 188)
2026-08-20 21:08:17 - pixel_automator - INFO - 🖱️ Ejecutando 381 clics...
2026-08-20 21:08:17 - pixel_automator - INFO - ClickExecutor inicializado
2026-08-20 21:08:17 - pixel_automator - INFO - Iniciando ejecución de 381 clics
2026-08-20 21:08:17 - pixel_automator - DEBUG - Progreso: 1/381 clics
2026-08-20 21:08:18 - pixel_automator - DEBUG - Progreso: 101/381 clics
2026-08-20 21:08:18 - pixel_automator - DEBUG - Progreso: 201/381 clics
2026-08-20 21:08:18 - pixel_automator - DEBUG - Progreso: 301/381 clics
2026-08-20 21:08:19 - pixel_automator - INFO - Ejecución completada: 381 clics
2026-08-20 21:08:19 - pixel_automator - INFO - ✅ Todos los clics ejecutados correctamente
2026-08-20 21:08:27 - pixel_automator - DEBUG - 🔄 update_ui_state: color_selected=True, target_color=(255, 250, 188)
2026-08-20 21:08:28 - pixel_automator - INFO - 📌 Seleccionando área de búsqueda...
2026-08-20 21:08:28 - pixel_automator - INFO - Iniciando selector de área interactivo
2026-08-20 21:08:28 - pixel_automator - DEBUG - AreaSelector inicializado
2026-08-20 21:08:34 - pixel_automator - INFO - Área seleccionada: {'left': 1331, 'top': 73, 'width': 289, 'height': 522}
2026-08-20 21:08:34 - pixel_automator - INFO - ✅ Área seleccionada: 289x522 px
2026-08-20 21:08:34 - pixel_automator - DEBUG - 🔄 update_ui_state: color_selected=True, target_color=(255, 250, 188)
2026-08-20 21:08:35 - pixel_automator - INFO - 🔍 Iniciando análisis...
2026-08-20 21:08:35 - pixel_automator - DEBUG - Capturando área: {'left': 1331, 'top': 73, 'width': 289, 'height': 522}
2026-08-20 21:08:35 - pixel_automator - INFO - ✅ Área capturada: (522, 289, 3) (BGR)
2026-08-20 21:08:35 - pixel_automator - INFO - ⏳ Analizando en segundo plano...
2026-08-20 21:08:35 - pixel_automator - INFO - 🔍 Buscando color exacto: RGB(255, 250, 188)
2026-08-20 21:08:35 - pixel_automator - INFO - 📐 Tamaño original: 289x522
2026-08-20 21:08:35 - pixel_automator - INFO - 📏 Reduciendo imagen de 289x522 a 166x300 para rendimiento
2026-08-20 21:08:35 - pixel_automator - INFO - 🔍 Buscando color exacto...
2026-08-20 21:08:35 - pixel_automator - INFO - 📐 Factor de escala: x=1.74, y=1.74
2026-08-20 21:08:35 - pixel_automator - INFO - 📊 Coincidencias encontradas: 11113
2026-08-20 21:08:35 - pixel_automator - INFO - 📊 Agrupando con distancia: 10 píxeles
2026-08-20 21:08:35 - pixel_automator - INFO - 📊 Grid clustering con cell_size=10
2026-08-20 21:08:35 - pixel_automator - INFO - 📊 Agrupados 11113 píxeles en 331 grupos
2026-08-20 21:08:35 - pixel_automator - INFO - 📊 331 grupos encontrados (de 11113 píxeles)
2026-08-20 21:08:35 - pixel_automator - INFO - 📏 Escalando coordenadas al tamaño original...
2026-08-20 21:08:35 - pixel_automator - INFO - ✅ 331 objetivos en coordenadas originales
2026-08-20 21:08:35 - pixel_automator - INFO - ✅ Encontrados 331 objetivos
2026-08-20 21:08:35 - pixel_automator - INFO - ✅ 331 objetivos únicos encontrados
2026-08-20 21:08:35 - pixel_automator - DEBUG - 🔄 update_ui_state: color_selected=True, target_color=(255, 250, 188)
2026-08-20 21:08:38 - pixel_automator - INFO - 🖱️ Ejecutando 331 clics...
2026-08-20 21:08:38 - pixel_automator - INFO - ClickExecutor inicializado
2026-08-20 21:08:38 - pixel_automator - INFO - Iniciando ejecución de 331 clics
2026-08-20 21:08:38 - pixel_automator - DEBUG - Progreso: 1/331 clics
2026-08-20 21:08:38 - pixel_automator - DEBUG - Progreso: 101/331 clics
2026-08-20 21:08:38 - pixel_automator - DEBUG - Progreso: 201/331 clics
2026-08-20 21:08:39 - pixel_automator - DEBUG - Progreso: 301/331 clics
2026-08-20 21:08:39 - pixel_automator - INFO - Ejecución completada: 331 clics
2026-08-20 21:08:39 - pixel_automator - INFO - ✅ Todos los clics ejecutados correctamente
2026-08-20 21:08:50 - pixel_automator - DEBUG - 🔄 update_ui_state: color_selected=True, target_color=(255, 250, 188)
2026-08-20 21:08:50 - pixel_automator - INFO - 📌 Seleccionando área de búsqueda...
2026-08-20 21:08:50 - pixel_automator - INFO - Iniciando selector de área interactivo
2026-08-20 21:08:50 - pixel_automator - DEBUG - AreaSelector inicializado
2026-08-20 21:08:53 - pixel_automator - INFO - Área seleccionada: {'left': 1260, 'top': 186, 'width': 463, 'height': 780}
2026-08-20 21:08:53 - pixel_automator - INFO - ✅ Área seleccionada: 463x780 px
2026-08-20 21:08:53 - pixel_automator - DEBUG - 🔄 update_ui_state: color_selected=True, target_color=(255, 250, 188)
2026-08-20 21:08:55 - pixel_automator - INFO - 🔍 Iniciando análisis...
2026-08-20 21:08:55 - pixel_automator - DEBUG - Capturando área: {'left': 1260, 'top': 186, 'width': 463, 'height': 780}
2026-08-20 21:08:55 - pixel_automator - INFO - ✅ Área capturada: (780, 463, 3) (BGR)
2026-08-20 21:08:55 - pixel_automator - INFO - ⏳ Analizando en segundo plano...
2026-08-20 21:08:55 - pixel_automator - INFO - 🔍 Buscando color exacto: RGB(255, 250, 188)
2026-08-20 21:08:55 - pixel_automator - INFO - 📐 Tamaño original: 463x780
2026-08-20 21:08:55 - pixel_automator - INFO - 📏 Reduciendo imagen de 463x780 a 172x290 para rendimiento
2026-08-20 21:08:55 - pixel_automator - INFO - 📐 Factor de escala: x=2.69, y=2.69
2026-08-20 21:08:55 - pixel_automator - INFO - 🔍 Buscando color exacto...
2026-08-20 21:08:55 - pixel_automator - INFO - 📊 Coincidencias encontradas: 19090
2026-08-20 21:08:55 - pixel_automator - INFO - 📊 Agrupando con distancia: 10 píxeles
2026-08-20 21:08:55 - pixel_automator - INFO - 📊 Grid clustering con cell_size=10
2026-08-20 21:08:55 - pixel_automator - INFO - 📊 Agrupados 19090 píxeles en 448 grupos
2026-08-20 21:08:55 - pixel_automator - INFO - 📊 448 grupos encontrados (de 19090 píxeles)
2026-08-20 21:08:55 - pixel_automator - INFO - 📏 Escalando coordenadas al tamaño original...
2026-08-20 21:08:55 - pixel_automator - INFO - ✅ 448 objetivos en coordenadas originales
2026-08-20 21:08:55 - pixel_automator - INFO - ✅ Encontrados 448 objetivos
2026-08-20 21:08:55 - pixel_automator - INFO - ✅ 448 objetivos únicos encontrados
2026-08-20 21:08:55 - pixel_automator - DEBUG - 🔄 update_ui_state: color_selected=True, target_color=(255, 250, 188)
2026-08-20 21:08:59 - pixel_automator - INFO - 🖱️ Ejecutando 448 clics...
2026-08-20 21:08:59 - pixel_automator - INFO - ClickExecutor inicializado
2026-08-20 21:08:59 - pixel_automator - INFO - Iniciando ejecución de 448 clics
2026-08-20 21:08:59 - pixel_automator - DEBUG - Progreso: 1/448 clics
2026-08-20 21:08:59 - pixel_automator - DEBUG - Progreso: 101/448 clics
2026-08-20 21:09:00 - pixel_automator - DEBUG - Progreso: 201/448 clics
2026-08-20 21:09:00 - pixel_automator - DEBUG - Progreso: 301/448 clics
2026-08-20 21:09:00 - pixel_automator - DEBUG - Progreso: 401/448 clics
2026-08-20 21:09:01 - pixel_automator - INFO - Ejecución completada: 448 clics
2026-08-20 21:09:01 - pixel_automator - INFO - ✅ Todos los clics ejecutados correctamente
2026-08-20 21:09:12 - pixel_automator - DEBUG - 🔄 update_ui_state: color_selected=True, target_color=(255, 250, 188)
2026-08-20 21:09:15 - pixel_automator - INFO - 🎨 Seleccionando color objetivo...
2026-08-20 21:09:15 - pixel_automator - INFO - Iniciando selector de área interactivo
2026-08-20 21:09:15 - pixel_automator - DEBUG - AreaSelector inicializado
2026-08-20 21:09:26 - pixel_automator - INFO - Área seleccionada: {'left': 1642, 'top': 910, 'width': 12, 'height': 13}
2026-08-20 21:09:26 - pixel_automator - DEBUG - Capturando área: {'left': 1642, 'top': 910, 'width': 12, 'height': 13}
2026-08-20 21:09:26 - pixel_automator - INFO - ✅ Área capturada: (13, 12, 3) (BGR)
2026-08-20 21:09:26 - pixel_automator - INFO - 📐 Área seleccionada: x=1642, y=910, w=12, h=13
2026-08-20 21:09:26 - pixel_automator - INFO - 📊 Imagen recibida: shape=(13, 12, 3)
2026-08-20 21:09:26 - pixel_automator - INFO - 🎯 Centro de la imagen recortada: (6, 6)
2026-08-20 21:09:26 - pixel_automator - INFO - 🎯 Píxel CENTRAL exacto: RGB(248, 178, 119)
2026-08-20 21:09:26 - pixel_automator - INFO -    HEX: #f8b277
2026-08-20 21:09:26 - pixel_automator - INFO - 📸 Imagen de prueba guardada como 'test_color.png'
2026-08-20 21:09:26 - pixel_automator - INFO - 🎨 Colores únicos en el área: 1
2026-08-20 21:09:26 - pixel_automator - INFO - 📊 Colores más comunes en el área:
2026-08-20 21:09:26 - pixel_automator - INFO -    RGB(248, 178, 119): 156 píxeles (100.0%)
2026-08-20 21:09:26 - pixel_automator - INFO - 📏 Distancia de clustering calculada: 10 px
2026-08-20 21:09:26 - pixel_automator - INFO - 🎯 Color objetivo establecido: RGB(248, 178, 119)
2026-08-20 21:09:26 - pixel_automator - INFO - ✅ Color CAPTURADO: RGB(248, 178, 119)
2026-08-20 21:09:26 - pixel_automator - INFO - 📏 Tamaño de muestra: 12px (usado para clustering)
2026-08-20 21:09:26 - pixel_automator - DEBUG - 🔄 update_ui_state: color_selected=True, target_color=(248, 178, 119)
2026-08-20 21:09:32 - pixel_automator - INFO - 📌 Seleccionando área de búsqueda...
2026-08-20 21:09:32 - pixel_automator - INFO - Iniciando selector de área interactivo
2026-08-20 21:09:32 - pixel_automator - DEBUG - AreaSelector inicializado
2026-08-20 21:09:35 - pixel_automator - INFO - Área seleccionada: {'left': 1293, 'top': 779, 'width': 415, 'height': 300}
2026-08-20 21:09:35 - pixel_automator - INFO - ✅ Área seleccionada: 415x300 px
2026-08-20 21:09:35 - pixel_automator - DEBUG - 🔄 update_ui_state: color_selected=True, target_color=(248, 178, 119)
2026-08-20 21:09:37 - pixel_automator - INFO - 🔍 Iniciando análisis...
2026-08-20 21:09:37 - pixel_automator - DEBUG - Capturando área: {'left': 1293, 'top': 779, 'width': 415, 'height': 300}
2026-08-20 21:09:37 - pixel_automator - INFO - ✅ Área capturada: (300, 415, 3) (BGR)
2026-08-20 21:09:37 - pixel_automator - INFO - ⏳ Analizando en segundo plano...
2026-08-20 21:09:37 - pixel_automator - INFO - 🔍 Buscando color exacto: RGB(248, 178, 119)
2026-08-20 21:09:37 - pixel_automator - INFO - 📐 Tamaño original: 415x300
2026-08-20 21:09:37 - pixel_automator - INFO - 📏 Reduciendo imagen de 415x300 a 262x190 para rendimiento
2026-08-20 21:09:37 - pixel_automator - INFO - 📐 Factor de escala: x=1.58, y=1.58
2026-08-20 21:09:37 - pixel_automator - INFO - 🔍 Buscando color exacto...
2026-08-20 21:09:37 - pixel_automator - INFO - 📊 Coincidencias encontradas: 3762
2026-08-20 21:09:37 - pixel_automator - INFO - 📊 Agrupando con distancia: 10 píxeles
2026-08-20 21:09:37 - pixel_automator - INFO - 📊 Grid clustering con cell_size=10
2026-08-20 21:09:37 - pixel_automator - INFO - 📊 Agrupados 3762 píxeles en 108 grupos
2026-08-20 21:09:37 - pixel_automator - INFO - 📊 108 grupos encontrados (de 3762 píxeles)
2026-08-20 21:09:37 - pixel_automator - INFO - 📏 Escalando coordenadas al tamaño original...
2026-08-20 21:09:37 - pixel_automator - INFO - ✅ 108 objetivos en coordenadas originales
2026-08-20 21:09:37 - pixel_automator - INFO - ✅ Encontrados 108 objetivos
2026-08-20 21:09:37 - pixel_automator - INFO - ✅ 108 objetivos únicos encontrados
2026-08-20 21:09:37 - pixel_automator - DEBUG - 🔄 update_ui_state: color_selected=True, target_color=(248, 178, 119)
2026-08-20 21:09:40 - pixel_automator - INFO - 🖱️ Ejecutando 108 clics...
2026-08-20 21:09:40 - pixel_automator - INFO - ClickExecutor inicializado
2026-08-20 21:09:40 - pixel_automator - INFO - Iniciando ejecución de 108 clics
2026-08-20 21:09:40 - pixel_automator - DEBUG - Progreso: 1/108 clics
2026-08-20 21:09:40 - pixel_automator - DEBUG - Progreso: 101/108 clics
2026-08-20 21:09:40 - pixel_automator - INFO - Ejecución completada: 108 clics
2026-08-20 21:09:40 - pixel_automator - INFO - ✅ Todos los clics ejecutados correctamente
2026-08-20 21:09:48 - pixel_automator - DEBUG - 🔄 update_ui_state: color_selected=True, target_color=(248, 178, 119)
2026-08-20 21:09:49 - pixel_automator - INFO - 📌 Seleccionando área de búsqueda...
2026-08-20 21:09:49 - pixel_automator - INFO - Iniciando selector de área interactivo
2026-08-20 21:09:49 - pixel_automator - DEBUG - AreaSelector inicializado
2026-08-20 21:09:52 - pixel_automator - INFO - Área seleccionada: {'left': 1308, 'top': 143, 'width': 420, 'height': 774}
2026-08-20 21:09:52 - pixel_automator - INFO - ✅ Área seleccionada: 420x774 px
2026-08-20 21:09:52 - pixel_automator - DEBUG - 🔄 update_ui_state: color_selected=True, target_color=(248, 178, 119)
2026-08-20 21:09:54 - pixel_automator - INFO - 🔍 Iniciando análisis...
2026-08-20 21:09:54 - pixel_automator - DEBUG - Capturando área: {'left': 1308, 'top': 143, 'width': 420, 'height': 774}
2026-08-20 21:09:54 - pixel_automator - INFO - ✅ Área capturada: (774, 420, 3) (BGR)
2026-08-20 21:09:54 - pixel_automator - INFO - ⏳ Analizando en segundo plano...
2026-08-20 21:09:54 - pixel_automator - INFO - 🔍 Buscando color exacto: RGB(248, 178, 119)
2026-08-20 21:09:54 - pixel_automator - INFO - 📐 Tamaño original: 420x774
2026-08-20 21:09:54 - pixel_automator - INFO - 📏 Reduciendo imagen de 420x774 a 164x303 para rendimiento
2026-08-20 21:09:54 - pixel_automator - INFO - 📐 Factor de escala: x=2.56, y=2.55
2026-08-20 21:09:54 - pixel_automator - INFO - 🔍 Buscando color exacto...
2026-08-20 21:09:54 - pixel_automator - INFO - 📊 Coincidencias encontradas: 1382
2026-08-20 21:09:54 - pixel_automator - INFO - 📊 Agrupando con distancia: 10 píxeles
2026-08-20 21:09:54 - pixel_automator - INFO - 📊 Grid clustering con cell_size=10
2026-08-20 21:09:54 - pixel_automator - INFO - 📊 Agrupados 1382 píxeles en 67 grupos
2026-08-20 21:09:54 - pixel_automator - INFO - 📊 67 grupos encontrados (de 1382 píxeles)
2026-08-20 21:09:54 - pixel_automator - INFO - 📏 Escalando coordenadas al tamaño original...
2026-08-20 21:09:54 - pixel_automator - INFO - ✅ 67 objetivos en coordenadas originales
2026-08-20 21:09:54 - pixel_automator - INFO - ✅ Encontrados 67 objetivos
2026-08-20 21:09:54 - pixel_automator - INFO - ✅ 67 objetivos únicos encontrados
2026-08-20 21:09:54 - pixel_automator - DEBUG - 🔄 update_ui_state: color_selected=True, target_color=(248, 178, 119)
2026-08-20 21:09:56 - pixel_automator - INFO - 🖱️ Ejecutando 67 clics...
2026-08-20 21:09:56 - pixel_automator - INFO - ClickExecutor inicializado
2026-08-20 21:09:56 - pixel_automator - INFO - Iniciando ejecución de 67 clics
2026-08-20 21:09:56 - pixel_automator - DEBUG - Progreso: 1/67 clics
2026-08-20 21:09:57 - pixel_automator - INFO - Ejecución completada: 67 clics
2026-08-20 21:09:57 - pixel_automator - INFO - ✅ Todos los clics ejecutados correctamente
2026-08-20 21:10:03 - pixel_automator - DEBUG - 🔄 update_ui_state: color_selected=True, target_color=(248, 178, 119)
2026-08-20 21:10:11 - pixel_automator - INFO - 🎨 Seleccionando color objetivo...
2026-08-20 21:10:11 - pixel_automator - INFO - Iniciando selector de área interactivo
2026-08-20 21:10:11 - pixel_automator - DEBUG - AreaSelector inicializado
2026-08-20 21:10:15 - pixel_automator - INFO - Área seleccionada: {'left': 1670, 'top': 941, 'width': 13, 'height': 12}
2026-08-20 21:10:15 - pixel_automator - DEBUG - Capturando área: {'left': 1670, 'top': 941, 'width': 13, 'height': 12}
2026-08-20 21:10:15 - pixel_automator - INFO - ✅ Área capturada: (12, 13, 3) (BGR)
2026-08-20 21:10:15 - pixel_automator - INFO - 📐 Área seleccionada: x=1670, y=941, w=13, h=12
2026-08-20 21:10:15 - pixel_automator - INFO - 📊 Imagen recibida: shape=(12, 13, 3)
2026-08-20 21:10:15 - pixel_automator - INFO - 🎯 Centro de la imagen recortada: (6, 6)
2026-08-20 21:10:15 - pixel_automator - INFO - 🎯 Píxel CENTRAL exacto: RGB(64, 147, 228)
2026-08-20 21:10:15 - pixel_automator - INFO -    HEX: #4093e4
2026-08-20 21:10:15 - pixel_automator - INFO - 📸 Imagen de prueba guardada como 'test_color.png'
2026-08-20 21:10:15 - pixel_automator - INFO - 🎨 Colores únicos en el área: 1
2026-08-20 21:10:15 - pixel_automator - INFO - 📊 Colores más comunes en el área:
2026-08-20 21:10:15 - pixel_automator - INFO -    RGB(64, 147, 228): 156 píxeles (100.0%)
2026-08-20 21:10:15 - pixel_automator - INFO - 📏 Distancia de clustering calculada: 10 px
2026-08-20 21:10:15 - pixel_automator - INFO - 🎯 Color objetivo establecido: RGB(64, 147, 228)
2026-08-20 21:10:15 - pixel_automator - INFO - ✅ Color CAPTURADO: RGB(64, 147, 228)
2026-08-20 21:10:15 - pixel_automator - INFO - 📏 Tamaño de muestra: 12px (usado para clustering)
2026-08-20 21:10:15 - pixel_automator - DEBUG - 🔄 update_ui_state: color_selected=True, target_color=(64, 147, 228)
2026-08-20 21:10:17 - pixel_automator - INFO - 📌 Seleccionando área de búsqueda...
2026-08-20 21:10:17 - pixel_automator - INFO - Iniciando selector de área interactivo
2026-08-20 21:10:17 - pixel_automator - DEBUG - AreaSelector inicializado
2026-08-20 21:10:20 - pixel_automator - INFO - Área seleccionada: {'left': 1302, 'top': 301, 'width': 543, 'height': 751}
2026-08-20 21:10:20 - pixel_automator - INFO - ✅ Área seleccionada: 543x751 px
2026-08-20 21:10:20 - pixel_automator - DEBUG - 🔄 update_ui_state: color_selected=True, target_color=(64, 147, 228)
2026-08-20 21:10:22 - pixel_automator - INFO - 🔍 Iniciando análisis...
2026-08-20 21:10:22 - pixel_automator - DEBUG - Capturando área: {'left': 1302, 'top': 301, 'width': 543, 'height': 751}
2026-08-20 21:10:22 - pixel_automator - INFO - ✅ Área capturada: (751, 543, 3) (BGR)
2026-08-20 21:10:22 - pixel_automator - INFO - ⏳ Analizando en segundo plano...
2026-08-20 21:10:22 - pixel_automator - INFO - 🔍 Buscando color exacto: RGB(64, 147, 228)
2026-08-20 21:10:22 - pixel_automator - INFO - 📐 Tamaño original: 543x751
2026-08-20 21:10:22 - pixel_automator - INFO - 📏 Reduciendo imagen de 543x751 a 190x262 para rendimiento
2026-08-20 21:10:22 - pixel_automator - INFO - 🔍 Buscando color exacto...
2026-08-20 21:10:22 - pixel_automator - INFO - 📐 Factor de escala: x=2.86, y=2.87
2026-08-20 21:10:22 - pixel_automator - INFO - 📊 Coincidencias encontradas: 2964
2026-08-20 21:10:22 - pixel_automator - INFO - 📊 Agrupando con distancia: 10 píxeles
2026-08-20 21:10:22 - pixel_automator - INFO - 📊 Grid clustering con cell_size=10
2026-08-20 21:10:22 - pixel_automator - INFO - 📊 Agrupados 2964 píxeles en 110 grupos
2026-08-20 21:10:22 - pixel_automator - INFO - 📊 110 grupos encontrados (de 2964 píxeles)
2026-08-20 21:10:22 - pixel_automator - INFO - 📏 Escalando coordenadas al tamaño original...
2026-08-20 21:10:22 - pixel_automator - INFO - ✅ 110 objetivos en coordenadas originales
2026-08-20 21:10:22 - pixel_automator - INFO - ✅ Encontrados 110 objetivos
2026-08-20 21:10:22 - pixel_automator - INFO - ✅ 110 objetivos únicos encontrados
2026-08-20 21:10:22 - pixel_automator - DEBUG - 🔄 update_ui_state: color_selected=True, target_color=(64, 147, 228)
2026-08-20 21:10:25 - pixel_automator - INFO - 🖱️ Ejecutando 110 clics...
2026-08-20 21:10:25 - pixel_automator - INFO - ClickExecutor inicializado
2026-08-20 21:10:25 - pixel_automator - INFO - Iniciando ejecución de 110 clics
2026-08-20 21:10:25 - pixel_automator - DEBUG - Progreso: 1/110 clics
2026-08-20 21:10:25 - pixel_automator - DEBUG - Progreso: 101/110 clics
2026-08-20 21:10:25 - pixel_automator - INFO - Ejecución completada: 110 clics
2026-08-20 21:10:25 - pixel_automator - INFO - ✅ Todos los clics ejecutados correctamente
2026-08-20 21:10:29 - pixel_automator - DEBUG - 🔄 update_ui_state: color_selected=True, target_color=(64, 147, 228)
2026-08-20 21:10:32 - pixel_automator - INFO - 🖱️ Ejecutando 110 clics...
2026-08-20 21:10:32 - pixel_automator - INFO - ClickExecutor inicializado
2026-08-20 21:10:32 - pixel_automator - INFO - Iniciando ejecución de 110 clics
2026-08-20 21:10:32 - pixel_automator - DEBUG - Progreso: 1/110 clics
2026-08-20 21:10:33 - pixel_automator - DEBUG - Progreso: 101/110 clics
2026-08-20 21:10:33 - pixel_automator - INFO - Ejecución completada: 110 clics
2026-08-20 21:10:33 - pixel_automator - INFO - ✅ Todos los clics ejecutados correctamente
2026-08-20 21:10:36 - pixel_automator - DEBUG - 🔄 update_ui_state: color_selected=True, target_color=(64, 147, 228)
2026-08-20 21:10:37 - pixel_automator - INFO - 📌 Seleccionando área de búsqueda...
2026-08-20 21:10:37 - pixel_automator - INFO - Iniciando selector de área interactivo
2026-08-20 21:10:37 - pixel_automator - DEBUG - AreaSelector inicializado
2026-08-20 21:10:40 - pixel_automator - INFO - Área seleccionada: {'left': 1317, 'top': 366, 'width': 342, 'height': 590}
2026-08-20 21:10:40 - pixel_automator - INFO - ✅ Área seleccionada: 342x590 px
2026-08-20 21:10:40 - pixel_automator - DEBUG - 🔄 update_ui_state: color_selected=True, target_color=(64, 147, 228)
2026-08-20 21:10:42 - pixel_automator - INFO - 🔍 Iniciando análisis...
2026-08-20 21:10:42 - pixel_automator - DEBUG - Capturando área: {'left': 1317, 'top': 366, 'width': 342, 'height': 590}
2026-08-20 21:10:42 - pixel_automator - INFO - ✅ Área capturada: (590, 342, 3) (BGR)
2026-08-20 21:10:42 - pixel_automator - INFO - ⏳ Analizando en segundo plano...
2026-08-20 21:10:42 - pixel_automator - INFO - 🔍 Buscando color exacto: RGB(64, 147, 228)
2026-08-20 21:10:42 - pixel_automator - INFO - 📐 Tamaño original: 342x590
2026-08-20 21:10:42 - pixel_automator - INFO - 📏 Reduciendo imagen de 342x590 a 170x293 para rendimiento
2026-08-20 21:10:42 - pixel_automator - INFO - 📐 Factor de escala: x=2.01, y=2.01
2026-08-20 21:10:42 - pixel_automator - INFO - 🔍 Buscando color exacto...
2026-08-20 21:10:42 - pixel_automator - INFO - 📊 Coincidencias encontradas: 7440
2026-08-20 21:10:42 - pixel_automator - INFO - 📊 Agrupando con distancia: 10 píxeles
2026-08-20 21:10:42 - pixel_automator - INFO - 📊 Grid clustering con cell_size=10
2026-08-20 21:10:42 - pixel_automator - INFO - 📊 Agrupados 7440 píxeles en 193 grupos
2026-08-20 21:10:42 - pixel_automator - INFO - 📊 193 grupos encontrados (de 7440 píxeles)
2026-08-20 21:10:42 - pixel_automator - INFO - 📏 Escalando coordenadas al tamaño original...
2026-08-20 21:10:42 - pixel_automator - INFO - ✅ 193 objetivos en coordenadas originales
2026-08-20 21:10:42 - pixel_automator - INFO - ✅ Encontrados 193 objetivos
2026-08-20 21:10:42 - pixel_automator - INFO - ✅ 193 objetivos únicos encontrados
2026-08-20 21:10:42 - pixel_automator - DEBUG - 🔄 update_ui_state: color_selected=True, target_color=(64, 147, 228)
2026-08-20 21:10:45 - pixel_automator - INFO - 🖱️ Ejecutando 193 clics...
2026-08-20 21:10:45 - pixel_automator - INFO - ClickExecutor inicializado
2026-08-20 21:10:45 - pixel_automator - INFO - Iniciando ejecución de 193 clics
2026-08-20 21:10:45 - pixel_automator - DEBUG - Progreso: 1/193 clics
2026-08-20 21:10:46 - pixel_automator - DEBUG - Progreso: 101/193 clics
2026-08-20 21:10:46 - pixel_automator - INFO - Ejecución completada: 193 clics
2026-08-20 21:10:46 - pixel_automator - INFO - ✅ Todos los clics ejecutados correctamente
2026-08-20 21:10:50 - pixel_automator - DEBUG - 🔄 update_ui_state: color_selected=True, target_color=(64, 147, 228)
2026-08-20 21:14:33 - pixel_automator - INFO - Aplicación cerrada
2026-08-20 22:15:13 - pixel_automator - INFO - === INICIANDO PIXEL AUTOMATOR ===
2026-08-20 22:15:13 - pixel_automator - INFO - QApplication creada
2026-08-20 22:15:13 - pixel_automator - INFO - ScreenCapture inicializado
2026-08-20 22:15:13 - pixel_automator - INFO - ColorMatcher inicializado
2026-08-20 22:15:13 - pixel_automator - DEBUG - 🔄 update_ui_state: color_selected=False, target_color=None
2026-08-20 22:15:13 - pixel_automator - INFO - MainWindow inicializada - Modo Color Exacto
2026-08-20 22:15:13 - pixel_automator - INFO - Ventana principal creada
2026-08-20 22:15:14 - pixel_automator - INFO - Ventana mostrada
2026-08-20 22:15:31 - pixel_automator - INFO - 🎨 Seleccionando color objetivo...
2026-08-20 22:15:31 - pixel_automator - INFO - Iniciando selector de área interactivo
2026-08-20 22:15:31 - pixel_automator - DEBUG - AreaSelector inicializado
2026-08-20 22:15:39 - pixel_automator - INFO - Área seleccionada: {'left': 1679, 'top': 821, 'width': 12, 'height': 12}
2026-08-20 22:15:39 - pixel_automator - DEBUG - Capturando área: {'left': 1679, 'top': 821, 'width': 12, 'height': 12}
2026-08-20 22:15:39 - pixel_automator - INFO - ✅ Área capturada: (12, 12, 3) (BGR)
2026-08-20 22:15:39 - pixel_automator - INFO - 📐 Área seleccionada: x=1679, y=821, w=12, h=12
2026-08-20 22:15:39 - pixel_automator - INFO - 📊 Imagen recibida: shape=(12, 12, 3)
2026-08-20 22:15:39 - pixel_automator - INFO - 🎯 Centro de la imagen recortada: (6, 6)
2026-08-20 22:15:39 - pixel_automator - INFO - 🎯 Píxel CENTRAL exacto: RGB(60, 60, 60)
2026-08-20 22:15:39 - pixel_automator - INFO -    HEX: #3c3c3c
2026-08-20 22:15:39 - pixel_automator - INFO - 📸 Imagen de prueba guardada como 'test_color.png'
2026-08-20 22:15:39 - pixel_automator - INFO - 🎨 Colores únicos en el área: 2
2026-08-20 22:15:39 - pixel_automator - INFO - 📊 Colores más comunes en el área:
2026-08-20 22:15:39 - pixel_automator - INFO -    RGB(60, 60, 60): 121 píxeles (84.0%)
2026-08-20 22:15:39 - pixel_automator - INFO -    RGB(120, 120, 120): 23 píxeles (16.0%)
2026-08-20 22:15:39 - pixel_automator - INFO - 📏 Distancia de clustering calculada: 10 px
2026-08-20 22:15:39 - pixel_automator - INFO - 🎯 Color objetivo establecido: RGB(60, 60, 60)
2026-08-20 22:15:39 - pixel_automator - INFO - ✅ Color CAPTURADO: RGB(60, 60, 60)
2026-08-20 22:15:39 - pixel_automator - INFO - 📏 Tamaño de muestra: 12px (usado para clustering)
2026-08-20 22:15:39 - pixel_automator - DEBUG - 🔄 update_ui_state: color_selected=True, target_color=(60, 60, 60)
2026-08-20 22:15:42 - pixel_automator - INFO - 🎨 Seleccionando color objetivo...
2026-08-20 22:15:42 - pixel_automator - INFO - Iniciando selector de área interactivo
2026-08-20 22:15:42 - pixel_automator - DEBUG - AreaSelector inicializado
2026-08-20 22:16:08 - pixel_automator - INFO - Área seleccionada: {'left': 1742, 'top': 798, 'width': 19, 'height': 19}
2026-08-20 22:16:08 - pixel_automator - DEBUG - Capturando área: {'left': 1742, 'top': 798, 'width': 19, 'height': 19}
2026-08-20 22:16:08 - pixel_automator - INFO - ✅ Área capturada: (19, 19, 3) (BGR)
2026-08-20 22:16:08 - pixel_automator - INFO - 📐 Área seleccionada: x=1742, y=798, w=19, h=19
2026-08-20 22:16:08 - pixel_automator - INFO - 📊 Imagen recibida: shape=(19, 19, 3)
2026-08-20 22:16:08 - pixel_automator - INFO - 🎯 Centro de la imagen recortada: (9, 9)
2026-08-20 22:16:08 - pixel_automator - INFO - 🎯 Píxel CENTRAL exacto: RGB(60, 60, 60)
2026-08-20 22:16:08 - pixel_automator - INFO -    HEX: #3c3c3c
2026-08-20 22:16:08 - pixel_automator - INFO - 📸 Imagen de prueba guardada como 'test_color.png'
2026-08-20 22:16:08 - pixel_automator - INFO - 🎨 Colores únicos en el área: 1
2026-08-20 22:16:08 - pixel_automator - INFO - 📊 Colores más comunes en el área:
2026-08-20 22:16:08 - pixel_automator - INFO -    RGB(60, 60, 60): 361 píxeles (100.0%)
2026-08-20 22:16:08 - pixel_automator - INFO - 📏 Distancia de clustering calculada: 10 px
2026-08-20 22:16:08 - pixel_automator - INFO - 🎯 Color objetivo establecido: RGB(60, 60, 60)
2026-08-20 22:16:08 - pixel_automator - INFO - ✅ Color CAPTURADO: RGB(60, 60, 60)
2026-08-20 22:16:08 - pixel_automator - INFO - 📏 Tamaño de muestra: 19px (usado para clustering)
2026-08-20 22:16:08 - pixel_automator - DEBUG - 🔄 update_ui_state: color_selected=True, target_color=(60, 60, 60)
2026-08-20 22:37:13 - pixel_automator - INFO - Aplicación cerrada
2026-08-20 22:40:15 - pixel_automator - INFO - === INICIANDO PIXEL AUTOMATOR ===
2026-08-20 22:40:15 - pixel_automator - INFO - QApplication creada
2026-08-20 22:40:15 - pixel_automator - INFO - ScreenCapture inicializado
2026-08-20 22:40:15 - pixel_automator - INFO - ColorMatcher inicializado
2026-08-20 22:40:15 - pixel_automator - CRITICAL - Error fatal: name 'QCheckBox' is not defined
Traceback (most recent call last):
  File "C:\Users\Alberto\Desktop\projects\Random\WplaceProj\main.py", line 23, in main
    window = MainWindow()
  File "C:\Users\Alberto\Desktop\projects\Random\WplaceProj\src\gui\main_window.py", line 94, in __init__
    self.setup_ui()
    ~~~~~~~~~~~~~^^
  File "C:\Users\Alberto\Desktop\projects\Random\WplaceProj\src\gui\main_window.py", line 241, in setup_ui
    self.filter_checkbox = QCheckBox("🔲 Filtrar por tamaño (objetos con marco)")
                           ^^^^^^^^^
NameError: name 'QCheckBox' is not defined

2026-08-20 22:44:21 - pixel_automator - INFO - === INICIANDO PIXEL AUTOMATOR ===
2026-08-20 22:44:21 - pixel_automator - INFO - QApplication creada
2026-08-20 22:44:21 - pixel_automator - INFO - ScreenCapture inicializado
2026-08-20 22:44:21 - pixel_automator - INFO - ColorMatcher inicializado
2026-08-20 22:44:21 - pixel_automator - CRITICAL - Error fatal: cannot access local variable 'group3_layout' where it is not associated with a value
Traceback (most recent call last):
  File "C:\Users\Alberto\Desktop\projects\Random\WplaceProj\main.py", line 23, in main
    window = MainWindow()
  File "C:\Users\Alberto\Desktop\projects\Random\WplaceProj\src\gui\main_window.py", line 94, in __init__
    self.setup_ui()
    ~~~~~~~~~~~~~^^
  File "C:\Users\Alberto\Desktop\projects\Random\WplaceProj\src\gui\main_window.py", line 244, in setup_ui
    group3_layout.addWidget(self.filter_checkbox)
    ^^^^^^^^^^^^^
UnboundLocalError: cannot access local variable 'group3_layout' where it is not associated with a value

2026-08-20 22:45:25 - pixel_automator - INFO - === INICIANDO PIXEL AUTOMATOR ===
2026-08-20 22:45:25 - pixel_automator - INFO - QApplication creada
2026-08-20 22:45:25 - pixel_automator - INFO - ScreenCapture inicializado
2026-08-20 22:45:25 - pixel_automator - INFO - ColorMatcher inicializado
2026-08-20 22:45:25 - pixel_automator - CRITICAL - Error fatal: cannot access local variable 'group3_layout' where it is not associated with a value
Traceback (most recent call last):
  File "C:\Users\Alberto\Desktop\projects\Random\WplaceProj\main.py", line 23, in main
    window = MainWindow()
  File "C:\Users\Alberto\Desktop\projects\Random\WplaceProj\src\gui\main_window.py", line 94, in __init__
    self.setup_ui()
    ~~~~~~~~~~~~~^^
  File "C:\Users\Alberto\Desktop\projects\Random\WplaceProj\src\gui\main_window.py", line 244, in setup_ui
    group3_layout.addWidget(self.filter_checkbox)
    ^^^^^^^^^^^^^
UnboundLocalError: cannot access local variable 'group3_layout' where it is not associated with a value

2026-08-20 22:50:05 - pixel_automator - INFO - === INICIANDO PIXEL AUTOMATOR ===
2026-08-20 22:50:05 - pixel_automator - INFO - QApplication creada
2026-08-20 22:50:05 - pixel_automator - INFO - ScreenCapture inicializado
2026-08-20 22:50:05 - pixel_automator - INFO - ColorMatcher inicializado
2026-08-20 22:50:06 - pixel_automator - DEBUG - 🔄 update_ui_state: color_selected=False, target_color=None
2026-08-20 22:50:06 - pixel_automator - INFO - MainWindow inicializada - Modo Color Exacto
2026-08-20 22:50:06 - pixel_automator - INFO - Ventana principal creada
2026-08-20 22:50:06 - pixel_automator - INFO - Ventana mostrada
2026-08-20 22:50:09 - pixel_automator - INFO - 🔲 Filtro por tamaño: Desactivado
2026-08-20 22:50:11 - pixel_automator - INFO - 🔲 Filtro por tamaño: Activado
2026-08-20 22:50:13 - pixel_automator - INFO - 🔲 Filtro por tamaño: Desactivado
2026-08-20 22:50:14 - pixel_automator - INFO - 🔲 Filtro por tamaño: Activado
2026-08-20 22:50:36 - pixel_automator - INFO - 🎨 Seleccionando color objetivo...
2026-08-20 22:50:36 - pixel_automator - INFO - Iniciando selector de área interactivo
2026-08-20 22:50:36 - pixel_automator - DEBUG - AreaSelector inicializado
2026-08-20 22:50:45 - pixel_automator - INFO - Área seleccionada: {'left': 2257, 'top': 807, 'width': 15, 'height': 15}
2026-08-20 22:50:45 - pixel_automator - DEBUG - Capturando área: {'left': 2257, 'top': 807, 'width': 15, 'height': 15}
2026-08-20 22:50:45 - pixel_automator - INFO - ✅ Área capturada: (15, 15, 3) (BGR)
2026-08-20 22:50:45 - pixel_automator - INFO - 📐 Área seleccionada: x=2257, y=807, w=15, h=15
2026-08-20 22:50:45 - pixel_automator - INFO - 📊 Imagen recibida: shape=(15, 15, 3)
2026-08-20 22:50:45 - pixel_automator - INFO - 🎯 Centro de la imagen recortada: (7, 7)
2026-08-20 22:50:45 - pixel_automator - INFO - 🎯 Píxel CENTRAL exacto: RGB(210, 210, 210)
2026-08-20 22:50:45 - pixel_automator - INFO -    HEX: #d2d2d2
2026-08-20 22:50:45 - pixel_automator - INFO - 📸 Imagen de prueba guardada como 'test_color.png'
2026-08-20 22:50:45 - pixel_automator - INFO - 🎨 Colores únicos en el área: 1
2026-08-20 22:50:45 - pixel_automator - INFO - 📊 Colores más comunes en el área:
2026-08-20 22:50:45 - pixel_automator - INFO -    RGB(210, 210, 210): 225 píxeles (100.0%)
2026-08-20 22:50:45 - pixel_automator - INFO - 📏 Distancia de clustering calculada: 7 px
2026-08-20 22:50:45 - pixel_automator - INFO - 🎯 Color objetivo establecido: RGB(210, 210, 210)
2026-08-20 22:50:45 - pixel_automator - INFO - 📏 Distancia de clustering calculada: 7 px
2026-08-20 22:50:45 - pixel_automator - INFO - 🎯 Color objetivo establecido: RGB(210, 210, 210)
2026-08-20 22:50:45 - pixel_automator - INFO - ✅ Color CAPTURADO: RGB(210, 210, 210)
2026-08-20 22:50:45 - pixel_automator - INFO - 📏 Tamaño de muestra: 15px (usado para clustering)
2026-08-20 22:50:45 - pixel_automator - DEBUG - 🔄 update_ui_state: color_selected=True, target_color=(210, 210, 210)
2026-08-20 22:50:47 - pixel_automator - INFO - 📌 Seleccionando área de búsqueda...
2026-08-20 22:50:47 - pixel_automator - INFO - Iniciando selector de área interactivo
2026-08-20 22:50:47 - pixel_automator - DEBUG - AreaSelector inicializado
2026-08-20 22:50:53 - pixel_automator - INFO - Área seleccionada: {'left': 1085, 'top': 304, 'width': 1298, 'height': 701}
2026-08-20 22:50:53 - pixel_automator - INFO - ✅ Área seleccionada: 1298x701 px
2026-08-20 22:50:53 - pixel_automator - DEBUG - 🔄 update_ui_state: color_selected=True, target_color=(210, 210, 210)
2026-08-20 22:50:55 - pixel_automator - INFO - 🔍 Iniciando análisis...
2026-08-20 22:50:55 - pixel_automator - DEBUG - Capturando área: {'left': 1085, 'top': 304, 'width': 1298, 'height': 701}
2026-08-20 22:50:55 - pixel_automator - INFO - ✅ Área capturada: (701, 1298, 3) (BGR)
2026-08-20 22:50:55 - pixel_automator - INFO - ⏳ Analizando en segundo plano...
2026-08-20 22:50:55 - pixel_automator - INFO - 🔍 Buscando color exacto: RGB(210, 210, 210)
2026-08-20 22:50:55 - pixel_automator - INFO - 📐 Tamaño original: 1298x701
2026-08-20 22:50:55 - pixel_automator - INFO - 📏 Reduciendo imagen de 1298x701 a 304x164 para rendimiento
2026-08-20 22:50:55 - pixel_automator - INFO - 📐 Factor de escala: x=4.27, y=4.27
2026-08-20 22:50:55 - pixel_automator - INFO - 🔍 Buscando color exacto...
2026-08-20 22:50:55 - pixel_automator - INFO - 📊 Coincidencias encontradas: 4617
2026-08-20 22:50:55 - pixel_automator - INFO - 📏 Usando grid de 3px para filtrar por tamaño (muestra: 15px)
2026-08-20 22:50:55 - pixel_automator - INFO - 📊 964 objetos conservados (de 964 grupos)
2026-08-20 22:50:55 - pixel_automator - INFO - 📏 Escalando coordenadas al tamaño original...
2026-08-20 22:50:55 - pixel_automator - INFO - ✅ 964 objetivos en coordenadas originales
2026-08-20 22:50:55 - pixel_automator - INFO - ✅ Encontrados 964 objetivos
2026-08-20 22:50:55 - pixel_automator - INFO - ✅ 964 objetivos únicos encontrados
2026-08-20 22:50:55 - pixel_automator - DEBUG - 🔄 update_ui_state: color_selected=True, target_color=(210, 210, 210)
2026-08-20 22:51:02 - pixel_automator - INFO - 🖱️ Ejecutando 964 clics...
2026-08-20 22:51:02 - pixel_automator - INFO - ClickExecutor inicializado
2026-08-20 22:51:02 - pixel_automator - INFO - Iniciando ejecución de 964 clics
2026-08-20 22:51:02 - pixel_automator - DEBUG - Progreso: 1/964 clics
2026-08-20 22:51:03 - pixel_automator - DEBUG - Progreso: 101/964 clics
2026-08-20 22:51:03 - pixel_automator - DEBUG - Progreso: 201/964 clics
2026-08-20 22:51:04 - pixel_automator - DEBUG - Progreso: 301/964 clics
2026-08-20 22:51:05 - pixel_automator - DEBUG - Progreso: 401/964 clics
2026-08-20 22:51:06 - pixel_automator - DEBUG - Progreso: 501/964 clics
2026-08-20 22:51:07 - pixel_automator - DEBUG - Progreso: 601/964 clics
2026-08-20 22:51:07 - pixel_automator - DEBUG - Progreso: 701/964 clics
2026-08-20 22:51:08 - pixel_automator - DEBUG - Progreso: 801/964 clics
2026-08-20 22:51:09 - pixel_automator - DEBUG - Progreso: 901/964 clics
2026-08-20 22:51:09 - pixel_automator - INFO - Ejecución completada: 964 clics
2026-08-20 22:51:09 - pixel_automator - INFO - ✅ Todos los clics ejecutados correctamente
2026-08-20 22:51:28 - pixel_automator - DEBUG - 🔄 update_ui_state: color_selected=True, target_color=(210, 210, 210)
2026-08-20 22:51:29 - pixel_automator - INFO - 🔲 Filtro por tamaño: Desactivado
2026-08-20 22:51:46 - pixel_automator - INFO - 🖱️ Ejecutando 964 clics...
2026-08-20 22:51:46 - pixel_automator - INFO - ClickExecutor inicializado
2026-08-20 22:51:46 - pixel_automator - INFO - Iniciando ejecución de 964 clics
2026-08-20 22:51:46 - pixel_automator - DEBUG - Progreso: 1/964 clics
2026-08-20 22:51:47 - pixel_automator - DEBUG - Progreso: 101/964 clics
2026-08-20 22:51:47 - pixel_automator - DEBUG - Progreso: 201/964 clics
2026-08-20 22:51:48 - pixel_automator - DEBUG - Progreso: 301/964 clics
2026-08-20 22:51:49 - pixel_automator - DEBUG - Progreso: 401/964 clics
2026-08-20 22:51:50 - pixel_automator - DEBUG - Progreso: 501/964 clics
2026-08-20 22:51:51 - pixel_automator - DEBUG - Progreso: 601/964 clics
2026-08-20 22:51:51 - pixel_automator - DEBUG - Progreso: 701/964 clics
2026-08-20 22:51:52 - pixel_automator - DEBUG - Progreso: 801/964 clics
2026-08-20 22:51:53 - pixel_automator - DEBUG - Progreso: 901/964 clics
2026-08-20 22:51:54 - pixel_automator - INFO - Ejecución completada: 964 clics
2026-08-20 22:51:54 - pixel_automator - INFO - ✅ Todos los clics ejecutados correctamente
2026-08-20 22:51:56 - pixel_automator - DEBUG - 🔄 update_ui_state: color_selected=True, target_color=(210, 210, 210)
2026-08-20 22:55:24 - pixel_automator - INFO - 📌 Seleccionando área de búsqueda...
2026-08-20 22:55:24 - pixel_automator - INFO - Iniciando selector de área interactivo
2026-08-20 22:55:24 - pixel_automator - DEBUG - AreaSelector inicializado
2026-08-20 22:55:26 - pixel_automator - INFO - Área seleccionada: {'left': 1155, 'top': 192, 'width': 886, 'height': 530}
2026-08-20 22:55:26 - pixel_automator - INFO - ✅ Área seleccionada: 886x530 px
2026-08-20 22:55:26 - pixel_automator - DEBUG - 🔄 update_ui_state: color_selected=True, target_color=(210, 210, 210)
2026-08-20 22:55:33 - pixel_automator - INFO - 🔍 Iniciando análisis...
2026-08-20 22:55:33 - pixel_automator - DEBUG - Capturando área: {'left': 1155, 'top': 192, 'width': 886, 'height': 530}
2026-08-20 22:55:33 - pixel_automator - INFO - ✅ Área capturada: (530, 886, 3) (BGR)
2026-08-20 22:55:33 - pixel_automator - INFO - ⏳ Analizando en segundo plano...
2026-08-20 22:55:33 - pixel_automator - INFO - 🔍 Buscando color exacto: RGB(210, 210, 210)
2026-08-20 22:55:33 - pixel_automator - INFO - 📐 Tamaño original: 886x530
2026-08-20 22:55:33 - pixel_automator - INFO - 📏 Reduciendo imagen de 886x530 a 289x172 para rendimiento
2026-08-20 22:55:33 - pixel_automator - INFO - 📐 Factor de escala: x=3.07, y=3.08
2026-08-20 22:55:33 - pixel_automator - INFO - 🔍 Buscando color exacto...
2026-08-20 22:55:33 - pixel_automator - INFO - 📊 Coincidencias encontradas: 13474
2026-08-20 22:55:33 - pixel_automator - INFO - 📊 Agrupando con distancia: 7 píxeles
2026-08-20 22:55:33 - pixel_automator - INFO - 📊 Grid clustering con cell_size=7
2026-08-20 22:55:33 - pixel_automator - INFO - 📊 Agrupados 13474 píxeles en 481 grupos
2026-08-20 22:55:33 - pixel_automator - INFO - 📊 481 grupos encontrados (de 13474 píxeles)
2026-08-20 22:55:33 - pixel_automator - INFO - 📏 Escalando coordenadas al tamaño original...
2026-08-20 22:55:33 - pixel_automator - INFO - ✅ 481 objetivos en coordenadas originales
2026-08-20 22:55:33 - pixel_automator - INFO - ✅ Encontrados 481 objetivos
2026-08-20 22:55:33 - pixel_automator - INFO - ✅ 481 objetivos únicos encontrados
2026-08-20 22:55:33 - pixel_automator - DEBUG - 🔄 update_ui_state: color_selected=True, target_color=(210, 210, 210)
2026-08-20 22:55:35 - pixel_automator - INFO - 🖱️ Ejecutando 481 clics...
2026-08-20 22:55:35 - pixel_automator - INFO - ClickExecutor inicializado
2026-08-20 22:55:35 - pixel_automator - INFO - Iniciando ejecución de 481 clics
2026-08-20 22:55:35 - pixel_automator - DEBUG - Progreso: 1/481 clics
2026-08-20 22:55:36 - pixel_automator - DEBUG - Progreso: 101/481 clics
2026-08-20 22:55:37 - pixel_automator - DEBUG - Progreso: 201/481 clics
2026-08-20 22:55:38 - pixel_automator - DEBUG - Progreso: 301/481 clics
2026-08-20 22:55:39 - pixel_automator - DEBUG - Progreso: 401/481 clics
2026-08-20 22:55:39 - pixel_automator - INFO - Ejecución completada: 481 clics
2026-08-20 22:55:39 - pixel_automator - INFO - ✅ Todos los clics ejecutados correctamente
2026-08-20 22:58:49 - pixel_automator - DEBUG - 🔄 update_ui_state: color_selected=True, target_color=(210, 210, 210)
2026-08-20 22:59:03 - pixel_automator - INFO - 📌 Seleccionando área de búsqueda...
2026-08-20 22:59:03 - pixel_automator - INFO - Iniciando selector de área interactivo
2026-08-20 22:59:03 - pixel_automator - DEBUG - AreaSelector inicializado
2026-08-20 22:59:09 - pixel_automator - INFO - Área seleccionada: {'left': 1095, 'top': 239, 'width': 600, 'height': 626}
2026-08-20 22:59:09 - pixel_automator - INFO - ✅ Área seleccionada: 600x626 px
2026-08-20 22:59:09 - pixel_automator - DEBUG - 🔄 update_ui_state: color_selected=True, target_color=(210, 210, 210)
2026-08-20 22:59:11 - pixel_automator - INFO - 🔍 Iniciando análisis...
2026-08-20 22:59:11 - pixel_automator - DEBUG - Capturando área: {'left': 1095, 'top': 239, 'width': 600, 'height': 626}
2026-08-20 22:59:11 - pixel_automator - INFO - ✅ Área capturada: (626, 600, 3) (BGR)
2026-08-20 22:59:11 - pixel_automator - INFO - ⏳ Analizando en segundo plano...
2026-08-20 22:59:11 - pixel_automator - INFO - 🔍 Buscando color exacto: RGB(210, 210, 210)
2026-08-20 22:59:11 - pixel_automator - INFO - 📐 Tamaño original: 600x626
2026-08-20 22:59:11 - pixel_automator - INFO - 📏 Reduciendo imagen de 600x626 a 218x228 para rendimiento
2026-08-20 22:59:11 - pixel_automator - INFO - 🔍 Buscando color exacto...
2026-08-20 22:59:11 - pixel_automator - INFO - 📐 Factor de escala: x=2.75, y=2.75
2026-08-20 22:59:11 - pixel_automator - INFO - 📊 Coincidencias encontradas: 15152
2026-08-20 22:59:11 - pixel_automator - INFO - 📊 Agrupando con distancia: 7 píxeles
2026-08-20 22:59:11 - pixel_automator - INFO - 📊 Grid clustering con cell_size=7
2026-08-20 22:59:11 - pixel_automator - INFO - 📊 Agrupados 15152 píxeles en 743 grupos
2026-08-20 22:59:11 - pixel_automator - INFO - 📊 743 grupos encontrados (de 15152 píxeles)
2026-08-20 22:59:11 - pixel_automator - INFO - 📏 Escalando coordenadas al tamaño original...
2026-08-20 22:59:11 - pixel_automator - INFO - ✅ 743 objetivos en coordenadas originales
2026-08-20 22:59:11 - pixel_automator - INFO - ✅ Encontrados 743 objetivos
2026-08-20 22:59:11 - pixel_automator - INFO - ✅ 743 objetivos únicos encontrados
2026-08-20 22:59:11 - pixel_automator - DEBUG - 🔄 update_ui_state: color_selected=True, target_color=(210, 210, 210)
2026-08-20 22:59:14 - pixel_automator - INFO - 🖱️ Ejecutando 743 clics...
2026-08-20 22:59:14 - pixel_automator - INFO - ClickExecutor inicializado
2026-08-20 22:59:14 - pixel_automator - INFO - Iniciando ejecución de 743 clics
2026-08-20 22:59:14 - pixel_automator - DEBUG - Progreso: 1/743 clics
2026-08-20 22:59:15 - pixel_automator - DEBUG - Progreso: 101/743 clics
2026-08-20 22:59:15 - pixel_automator - DEBUG - Progreso: 201/743 clics
2026-08-20 22:59:16 - pixel_automator - DEBUG - Progreso: 301/743 clics
2026-08-20 22:59:17 - pixel_automator - DEBUG - Progreso: 401/743 clics
2026-08-20 22:59:18 - pixel_automator - DEBUG - Progreso: 501/743 clics
2026-08-20 22:59:19 - pixel_automator - DEBUG - Progreso: 601/743 clics
2026-08-20 22:59:19 - pixel_automator - DEBUG - Progreso: 701/743 clics
2026-08-20 22:59:20 - pixel_automator - INFO - Ejecución completada: 743 clics
2026-08-20 22:59:20 - pixel_automator - INFO - ✅ Todos los clics ejecutados correctamente
2026-08-20 22:59:24 - pixel_automator - DEBUG - 🔄 update_ui_state: color_selected=True, target_color=(210, 210, 210)
2026-08-20 22:59:34 - pixel_automator - INFO - Aplicación cerrada
